sample	hier_label	hier_label2	hier_label16	hier_label32	branch_length	color	hilight	root_color
n0	0	0	0	0				
n1	1	0	0	0	0.0			
n2	1.1	0.0	0	0	452.0			
n3	1.1.1	0.0.0	0	0	267.0			
n4	1.1.1.1	0.0.0.0	0	0	165.0			
n5	1.1.1.1.1	0.0.0.0.0	00	0	14.0			
n6	1.1.1.1.1.1	0.0.0.0.0.0	00	00	45.0			
n7	1.1.1.1.1.1.1	0.0.0.0.0.0.0	00	00	60.0			
n8	1.1.1.1.1.1.1.1	0.0.0.0.0.0.0.0	00	00	130.0			
n9	1.1.1.1.1.1.1.1.1	0.0.0.0.0.0.0.0.0	000	00	3.0			
n10	1.1.1.1.1.1.1.1.1.1	0.0.0.0.0.0.0.0.0.0	000	00	1.0			
n11	1.1.1.1.1.1.1.1.1.1.1	0.0.0.0.0.0.0.0.0.0.0	000	000	3.0			
n12	1.1.1.1.1.1.1.1.1.1.1.1	0.0.0.0.0.0.0.0.0.0.0.0	000	000	2.0			
n13	1.1.1.1.1.1.1.1.1.1.1.1.1	0.0.0.0.0.0.0.0.0.0.0.0.0	0000	000	2.0			
n14	1.1.1.1.1.1.1.1.1.1.1.1.1.1	0.0.0.0.0.0.0.0.0.0.0.0.0.0	0000	000	2.0			
n15	1.1.1.1.1.1.1.1.1.1.1.1.1.1.1	0.0.0.0.0.0.0.0.0.0.0.0.0.0.0	0000	000	16.0			
n16	1.1.1.1.1.1.1.1.1.1.1.1.1.1.1.1	0.0.0.0.0.0.0.0.0.0.0.0.0.0.0.0	0000	0000	1.0			
n17	1.1.1.1.1.1.1.1.1.1.1.1.1.1.1.1.1	0.0.0.0.0.0.0.0.0.0.0.0.0.0.0.0.0	00000	0000	2.0			
n18	1.1.1.1.1.1.1.1.1.1.1.1.1.1.1.1.1.1	0.0.0.0.0.0.0.0.0.0.0.0.0.0.0.0.0.0	00000	0000	5.0	#006666	{366,72.0,#ffffcc}	#006666
n19	1.1.1.1.1.1.1.1.1.1.1.1.1.1.1.1.1.1.1	0.0.0.0.0.0.0.0.0.0.0.0.0.0.0.0.0.0.0	00000	0000	1.0	#006666	{215,72.0,#f0f0f0}	
n20	1.1.1.1.1.1.1.1.1.1.1.1.1.1.1.1.1.1.1.1	0.0.0.0.0.0.0.0.0.0.0.0.0.0.0.0.0.0.0.0	00000	0000	4.0	#99ccff	{210,72.0,#ccccff}	#99ccff
n21	1.1.1.1.1.1.1.1.1.1.1.1.1.1.1.1.1.1.1.1.1	0.0.0.0.0.0.0.0.0.0.0.0.0.0.0.0.0.0.0.0.0	000000	00000	1.0	#99ccff	{209,72.0,#99ccff}	
n22	1.1.1.1.1.1.1.1.1.1.1.1.1.1.1.1.1.1.1.1.1.1	0.0.0.0.0.0.0.0.0.0.0.0.0.0.0.0.0.0.0.0.0.0	000000	00000	8.0	#99ccff	{200,72.0,#99ccff}	
n23	1.1.1.1.1.1.1.1.1.1.1.1.1.1.1.1.1.1.1.1.1.1.1	0.0.0.0.0.0.0.0.0.0.0.0.0.0.0.0.0.0.0.0.0.0.0	000000	00000	1.0	#99ccff		
n24	1.1.1.1.1.1.1.1.1.1.1.1.1.1.1.1.1.1.1.1.1.1.1.1	0.0.0.0.0.0.0.0.0.0.0.0.0.0.0.0.0.0.0.0.0.0.0.0	000000	00000	4.0	#99ccff		
n25	1.1.1.1.1.1.1.1.1.1.1.1.1.1.1.1.1.1.1.1.1.1.1.1.1	0.0.0.0.0.0.0.0.0.0.0.0.0.0.0.0.0.0.0.0.0.0.0.0.0	0000000	00000	6.0	#99ccff	{143,72.0,#99ccff}	
n26	1.1.1.1.1.1.1.1.1.1.1.1.1.1.1.1.1.1.1.1.1.1.1.1.1.1	0.0.0.0.0.0.0.0.0.0.0.0.0.0.0.0.0.0.0.0.0.0.0.0.0.0	0000000	000000	5.0	#99ccff		
n27	1.1.1.1.1.1.1.1.1.1.1.1.1.1.1.1.1.1.1.1.1.1.1.1.1.1.1	0.0.0.0.0.0.0.0.0.0.0.0.0.0.0.0.0.0.0.0.0.0.0.0.0.0.0	0000000	000000	1.0	#99ccff		
n28	1.1.1.1.1.1.1.1.1.1.1.1.1.1.1.1.1.1.1.1.1.1.1.1.1.1.1.1	0.0.0.0.0.0.0.0.0.0.0.0.0.0.0.0.0.0.0.0.0.0.0.0.0.0.0.0	0000000	000000	4.0	#99ccff	{98,72.0,#9999ff}	
n29	1.1.1.1.1.1.1.1.1.1.1.1.1.1.1.1.1.1.1.1.1.1.1.1.1.1.1.1.1	0.0.0.0.0.0.0.0.0.0.0.0.0.0.0.0.0.0.0.0.0.0.0.0.0.0.0.0.0	00000000	000000	1.0	#99ccff		
n30	1.1.1.1.1.1.1.1.1.1.1.1.1.1.1.1.1.1.1.1.1.1.1.1.1.1.1.1.1.1	0.0.0.0.0.0.0.0.0.0.0.0.0.0.0.0.0.0.0.0.0.0.0.0.0.0.0.0.0.0	00000000	000000	10.0	#99ccff	{70,72.0,#f0f0f0}	
n31	1.1.1.1.1.1.1.1.1.1.1.1.1.1.1.1.1.1.1.1.1.1.1.1.1.1.1.1.1.1.1	0.0.0.0.0.0.0.0.0.0.0.0.0.0.0.0.0.0.0.0.0.0.0.0.0.0.0.0.0.0.0	00000000	0000000	1.0	#99ccff	{62,72.0,#ccccff}	
n32	1.1.1.1.1.1.1.1.1.1.1.1.1.1.1.1.1.1.1.1.1.1.1.1.1.1.1.1.1.1.1.1	0.0.0.0.0.0.0.0.0.0.0.0.0.0.0.0.0.0.0.0.0.0.0.0.0.0.0.0.0.0.0.0	00000000	0000000	0.0	#99ccff		
n33	1.1.1.1.1.1.1.1.1.1.1.1.1.1.1.1.1.1.1.1.1.1.1.1.1.1.1.1.1.1.1.1.1	0.0.0.0.0.0.0.0.0.0.0.0.0.0.0.0.0.0.0.0.0.0.0.0.0.0.0.0.0.0.0.0.0	000000000	0000000	10.0	#99ccff		
n34	1.1.1.1.1.1.1.1.1.1.1.1.1.1.1.1.1.1.1.1.1.1.1.1.1.1.1.1.1.1.1.1.1.1	0.0.0.0.0.0.0.0.0.0.0.0.0.0.0.0.0.0.0.0.0.0.0.0.0.0.0.0.0.0.0.0.0.0	000000000	0000000	11.0	#99ccff	{34,97.0,#ccffff}	
n35	1.1.1.1.1.1.1.1.1.1.1.1.1.1.1.1.1.1.1.1.1.1.1.1.1.1.1.1.1.1.1.1.1.1.1	0.0.0.0.0.0.0.0.0.0.0.0.0.0.0.0.0.0.0.0.0.0.0.0.0.0.0.0.0.0.0.0.0.0.0	000000000	0000000	1.0	#99ccff		
n36	1.1.1.1.1.1.1.1.1.1.1.1.1.1.1.1.1.1.1.1.1.1.1.1.1.1.1.1.1.1.1.1.1.1.1.1	0.0.0.0.0.0.0.0.0.0.0.0.0.0.0.0.0.0.0.0.0.0.0.0.0.0.0.0.0.0.0.0.0.0.0.0	000000000	00000000	1.0	#99ccff		
n37	1.1.1.1.1.1.1.1.1.1.1.1.1.1.1.1.1.1.1.1.1.1.1.1.1.1.1.1.1.1.1.1.1.1.1.1.1	0.0.0.0.0.0.0.0.0.0.0.0.0.0.0.0.0.0.0.0.0.0.0.0.0.0.0.0.0.0.0.0.0.0.0.0.0	0000000000	00000000	5.0	#99ccff		
n38	1.1.1.1.1.1.1.1.1.1.1.1.1.1.1.1.1.1.1.1.1.1.1.1.1.1.1.1.1.1.1.1.1.1.1.1.1.1	0.0.0.0.0.0.0.0.0.0.0.0.0.0.0.0.0.0.0.0.0.0.0.0.0.0.0.0.0.0.0.0.0.0.0.0.0.0	0000000000	00000000	10.0	#99ccff		
n39	1.1.1.1.1.1.1.1.1.1.1.1.1.1.1.1.1.1.1.1.1.1.1.1.1.1.1.1.1.1.1.1.1.1.1.1.1.1.1	0.0.0.0.0.0.0.0.0.0.0.0.0.0.0.0.0.0.0.0.0.0.0.0.0.0.0.0.0.0.0.0.0.0.0.0.0.0.0	0000000000	00000000	2.0	#99ccff		
n40	1.1.1.1.1.1.1.1.1.1.1.1.1.1.1.1.1.1.1.1.1.1.1.1.1.1.1.1.1.1.1.1.1.1.1.1.1.1.1.1	0.0.0.0.0.0.0.0.0.0.0.0.0.0.0.0.0.0.0.0.0.0.0.0.0.0.0.0.0.0.0.0.0.0.0.0.0.0.0.0	0000000000	00000000	1.0	#99ccff		
n41	1.1.1.1.1.1.1.1.1.1.1.1.1.1.1.1.1.1.1.1.1.1.1.1.1.1.1.1.1.1.1.1.1.1.1.1.1.1.1.1.1	0.0.0.0.0.0.0.0.0.0.0.0.0.0.0.0.0.0.0.0.0.0.0.0.0.0.0.0.0.0.0.0.0.0.0.0.0.0.0.0.0	00000000000	000000000	10.0	#99ccff		
n42	1.1.1.1.1.1.1.1.1.1.1.1.1.1.1.1.1.1.1.1.1.1.1.1.1.1.1.1.1.1.1.1.1.1.1.1.1.1.1.1.1.1	0.0.0.0.0.0.0.0.0.0.0.0.0.0.0.0.0.0.0.0.0.0.0.0.0.0.0.0.0.0.0.0.0.0.0.0.0.0.0.0.0.0	00000000000	000000000	14.0	#99ccff		
n43	1.1.1.1.1.1.1.1.1.1.1.1.1.1.1.1.1.1.1.1.1.1.1.1.1.1.1.1.1.1.1.1.1.1.1.1.1.1.1.1.1.1.1	0.0.0.0.0.0.0.0.0.0.0.0.0.0.0.0.0.0.0.0.0.0.0.0.0.0.0.0.0.0.0.0.0.0.0.0.0.0.0.0.0.0.0	00000000000	000000000	10.0	#99ccff		
PX632943.1	1.1.1.1.1.1.1.1.1.1.1.1.1.1.1.1.1.1.1.1.1.1.1.1.1.1.1.1.1.1.1.1.1.1.1.1.1.1.1.1.1.1.1.1	0.0.0.0.0.0.0.0.0.0.0.0.0.0.0.0.0.0.0.0.0.0.0.0.0.0.0.0.0.0.0.0.0.0.0.0.0.0.0.0.0.0.0.0	00000000000	000000000	0.0	#99ccff		
PX632944.1	1.1.1.1.1.1.1.1.1.1.1.1.1.1.1.1.1.1.1.1.1.1.1.1.1.1.1.1.1.1.1.1.1.1.1.1.1.1.1.1.1.1.1.2	0.0.0.0.0.0.0.0.0.0.0.0.0.0.0.0.0.0.0.0.0.0.0.0.0.0.0.0.0.0.0.0.0.0.0.0.0.0.0.0.0.0.0.1	00000000001	000000002	4.0	#99ccff		
PX632938.1	1.1.1.1.1.1.1.1.1.1.1.1.1.1.1.1.1.1.1.1.1.1.1.1.1.1.1.1.1.1.1.1.1.1.1.1.1.1.1.1.1.1.2	0.0.0.0.0.0.0.0.0.0.0.0.0.0.0.0.0.0.0.0.0.0.0.0.0.0.0.0.0.0.0.0.0.0.0.0.0.0.0.0.0.0.1	00000000002	000000004	13.0	#99ccff		
PX632920.1	1.1.1.1.1.1.1.1.1.1.1.1.1.1.1.1.1.1.1.1.1.1.1.1.1.1.1.1.1.1.1.1.1.1.1.1.1.1.1.1.1.2	0.0.0.0.0.0.0.0.0.0.0.0.0.0.0.0.0.0.0.0.0.0.0.0.0.0.0.0.0.0.0.0.0.0.0.0.0.0.0.0.0.1	00000000004	000000008	3.0	#99ccff		
n48	1.1.1.1.1.1.1.1.1.1.1.1.1.1.1.1.1.1.1.1.1.1.1.1.1.1.1.1.1.1.1.1.1.1.1.1.1.1.1.1.2	0.0.0.0.0.0.0.0.0.0.0.0.0.0.0.0.0.0.0.0.0.0.0.0.0.0.0.0.0.0.0.0.0.0.0.0.0.0.0.0.1	00000000008	00000000G	2.0	#99ccff		
PX632904.1	1.1.1.1.1.1.1.1.1.1.1.1.1.1.1.1.1.1.1.1.1.1.1.1.1.1.1.1.1.1.1.1.1.1.1.1.1.1.1.1.2.1	0.0.0.0.0.0.0.0.0.0.0.0.0.0.0.0.0.0.0.0.0.0.0.0.0.0.0.0.0.0.0.0.0.0.0.0.0.0.0.0.1.0	00000000008	00000000G	0.0	#99ccff		
PX632905.1	1.1.1.1.1.1.1.1.1.1.1.1.1.1.1.1.1.1.1.1.1.1.1.1.1.1.1.1.1.1.1.1.1.1.1.1.1.1.1.1.2.2	0.0.0.0.0.0.0.0.0.0.0.0.0.0.0.0.0.0.0.0.0.0.0.0.0.0.0.0.0.0.0.0.0.0.0.0.0.0.0.0.1.1	0000000000C	00000000O	4.0	#99ccff		
PX632928.1	1.1.1.1.1.1.1.1.1.1.1.1.1.1.1.1.1.1.1.1.1.1.1.1.1.1.1.1.1.1.1.1.1.1.1.1.1.1.1.1.3	0.0.0.0.0.0.0.0.0.0.0.0.0.0.0.0.0.0.0.0.0.0.0.0.0.0.0.0.0.0.0.0.0.0.0.0.0.0.0.0.0.0.1.0	00000000002	000000004	1.0	#99ccff		
n52	1.1.1.1.1.1.1.1.1.1.1.1.1.1.1.1.1.1.1.1.1.1.1.1.1.1.1.1.1.1.1.1.1.1.1.1.1.1.1.2	0.0.0.0.0.0.0.0.0.0.0.0.0.0.0.0.0.0.0.0.0.0.0.0.0.0.0.0.0.0.0.0.0.0.0.0.0.0.0.1	0000000001	00000001	5.0	#99ccff		
PX632957.1	1.1.1.1.1.1.1.1.1.1.1.1.1.1.1.1.1.1.1.1.1.1.1.1.1.1.1.1.1.1.1.1.1.1.1.1.1.1.1.2.1	0.0.0.0.0.0.0.0.0.0.0.0.0.0.0.0.0.0.0.0.0.0.0.0.0.0.0.0.0.0.0.0.0.0.0.0.0.0.0.1.0	00000000010	000000010	8.0	#99ccff		
PX632907.1	1.1.1.1.1.1.1.1.1.1.1.1.1.1.1.1.1.1.1.1.1.1.1.1.1.1.1.1.1.1.1.1.1.1.1.1.1.1.1.2.2	0.0.0.0.0.0.0.0.0.0.0.0.0.0.0.0.0.0.0.0.0.0.0.0.0.0.0.0.0.0.0.0.0.0.0.0.0.0.0.1.1	00000000018	00000001G	3.0	#99ccff		
PX632921.1	1.1.1.1.1.1.1.1.1.1.1.1.1.1.1.1.1.1.1.1.1.1.1.1.1.1.1.1.1.1.1.1.1.1.1.1.1.1.1.3	0.0.0.0.0.0.0.0.0.0.0.0.0.0.0.0.0.0.0.0.0.0.0.0.0.0.0.0.0.0.0.0.0.0.0.0.0.0.0.0.0.1.0	00000000004	000000008	4.0	#99ccff		
PX632930.1	1.1.1.1.1.1.1.1.1.1.1.1.1.1.1.1.1.1.1.1.1.1.1.1.1.1.1.1.1.1.1.1.1.1.1.1.1.1.1.4	0.0.0.0.0.0.0.0.0.0.0.0.0.0.0.0.0.0.0.0.0.0.0.0.0.0.0.0.0.0.0.0.0.0.0.0.0.0.0.0.0.1.1	00000000006	00000000C	20.0	#99ccff		
n57	1.1.1.1.1.1.1.1.1.1.1.1.1.1.1.1.1.1.1.1.1.1.1.1.1.1.1.1.1.1.1.1.1.1.1.1.1.1.2	0.0.0.0.0.0.0.0.0.0.0.0.0.0.0.0.0.0.0.0.0.0.0.0.0.0.0.0.0.0.0.0.0.0.0.0.0.0.1	0000000002	00000002	2.0	#99ccff		
PX632935.1	1.1.1.1.1.1.1.1.1.1.1.1.1.1.1.1.1.1.1.1.1.1.1.1.1.1.1.1.1.1.1.1.1.1.1.1.1.1.2.1	0.0.0.0.0.0.0.0.0.0.0.0.0.0.0.0.0.0.0.0.0.0.0.0.0.0.0.0.0.0.0.0.0.0.0.0.0.0.1.0	0000000002	00000002	21.0	#99ccff		
PX632864.1	1.1.1.1.1.1.1.1.1.1.1.1.1.1.1.1.1.1.1.1.1.1.1.1.1.1.1.1.1.1.1.1.1.1.1.1.1.1.2.2	0.0.0.0.0.0.0.0.0.0.0.0.0.0.0.0.0.0.0.0.0.0.0.0.0.0.0.0.0.0.0.0.0.0.0.0.0.0.1.1	0000000003	00000003	0.0	#99ccff		
n60	1.1.1.1.1.1.1.1.1.1.1.1.1.1.1.1.1.1.1.1.1.1.1.1.1.1.1.1.1.1.1.1.1.1.1.1.1.2	0.0.0.0.0.0.0.0.0.0.0.0.0.0.0.0.0.0.0.0.0.0.0.0.0.0.0.0.0.0.0.0.0.0.0.0.0.1	0000000004	00000004	3.0	#99ccff		
n61	1.1.1.1.1.1.1.1.1.1.1.1.1.1.1.1.1.1.1.1.1.1.1.1.1.1.1.1.1.1.1.1.1.1.1.1.1.2.1	0.0.0.0.0.0.0.0.0.0.0.0.0.0.0.0.0.0.0.0.0.0.0.0.0.0.0.0.0.0.0.0.0.0.0.0.0.1.0	0000000004	00000004	1.0	#99ccff		
PX632898.1	1.1.1.1.1.1.1.1.1.1.1.1.1.1.1.1.1.1.1.1.1.1.1.1.1.1.1.1.1.1.1.1.1.1.1.1.1.2.1.1	0.0.0.0.0.0.0.0.0.0.0.0.0.0.0.0.0.0.0.0.0.0.0.0.0.0.0.0.0.0.0.0.0.0.0.0.0.1.0.0	0000000004	00000004	3.0	#99ccff		
PX632896.1	1.1.1.1.1.1.1.1.1.1.1.1.1.1.1.1.1.1.1.1.1.1.1.1.1.1.1.1.1.1.1.1.1.1.1.1.1.2.1.2	0.0.0.0.0.0.0.0.0.0.0.0.0.0.0.0.0.0.0.0.0.0.0.0.0.0.0.0.0.0.0.0.0.0.0.0.0.1.0.1	0000000005	00000005	17.0	#99ccff		
PX632894.1	1.1.1.1.1.1.1.1.1.1.1.1.1.1.1.1.1.1.1.1.1.1.1.1.1.1.1.1.1.1.1.1.1.1.1.1.1.2.2	0.0.0.0.0.0.0.0.0.0.0.0.0.0.0.0.0.0.0.0.0.0.0.0.0.0.0.0.0.0.0.0.0.0.0.0.0.1.1	0000000006	00000006	3.0	#99ccff		
n65	1.1.1.1.1.1.1.1.1.1.1.1.1.1.1.1.1.1.1.1.1.1.1.1.1.1.1.1.1.1.1.1.1.1.1.1.1.3	0.0.0.0.0.0.0.0.0.0.0.0.0.0.0.0.0.0.0.0.0.0.0.0.0.0.0.0.0.0.0.0.0.0.0.0.0.0.0.1.0	00000000010	000000010	9.0	#99ccff		
n66	1.1.1.1.1.1.1.1.1.1.1.1.1.1.1.1.1.1.1.1.1.1.1.1.1.1.1.1.1.1.1.1.1.1.1.1.1.3.1	0.0.0.0.0.0.0.0.0.0.0.0.0.0.0.0.0.0.0.0.0.0.0.0.0.0.0.0.0.0.0.0.0.0.0.0.0.0.0.1.0.0	00000000010	000000010	1.0	#99ccff		
PX632902.1	1.1.1.1.1.1.1.1.1.1.1.1.1.1.1.1.1.1.1.1.1.1.1.1.1.1.1.1.1.1.1.1.1.1.1.1.1.3.1.1	0.0.0.0.0.0.0.0.0.0.0.0.0.0.0.0.0.0.0.0.0.0.0.0.0.0.0.0.0.0.0.0.0.0.0.0.0.0.0.1.0.0.0	00000000010	000000010	1.0	#99ccff		
PX632913.1	1.1.1.1.1.1.1.1.1.1.1.1.1.1.1.1.1.1.1.1.1.1.1.1.1.1.1.1.1.1.1.1.1.1.1.1.1.3.1.2	0.0.0.0.0.0.0.0.0.0.0.0.0.0.0.0.0.0.0.0.0.0.0.0.0.0.0.0.0.0.0.0.0.0.0.0.0.0.0.1.0.0.1	00000000012	000000014	11.0	#99ccff		
PX632918.1	1.1.1.1.1.1.1.1.1.1.1.1.1.1.1.1.1.1.1.1.1.1.1.1.1.1.1.1.1.1.1.1.1.1.1.1.1.3.2	0.0.0.0.0.0.0.0.0.0.0.0.0.0.0.0.0.0.0.0.0.0.0.0.0.0.0.0.0.0.0.0.0.0.0.0.0.0.0.1.0.1	00000000014	000000018	4.0	#99ccff		
n70	1.1.1.1.1.1.1.1.1.1.1.1.1.1.1.1.1.1.1.1.1.1.1.1.1.1.1.1.1.1.1.1.1.1.1.1.2	0.0.0.0.0.0.0.0.0.0.0.0.0.0.0.0.0.0.0.0.0.0.0.0.0.0.0.0.0.0.0.0.0.0.0.0.1	0000000008	00000008	5.0	#99ccff		
n71	1.1.1.1.1.1.1.1.1.1.1.1.1.1.1.1.1.1.1.1.1.1.1.1.1.1.1.1.1.1.1.1.1.1.1.1.2.1	0.0.0.0.0.0.0.0.0.0.0.0.0.0.0.0.0.0.0.0.0.0.0.0.0.0.0.0.0.0.0.0.0.0.0.0.1.0	0000000008	00000008	8.0	#99ccff		
PX632912.1	1.1.1.1.1.1.1.1.1.1.1.1.1.1.1.1.1.1.1.1.1.1.1.1.1.1.1.1.1.1.1.1.1.1.1.1.2.1.1	0.0.0.0.0.0.0.0.0.0.0.0.0.0.0.0.0.0.0.0.0.0.0.0.0.0.0.0.0.0.0.0.0.0.0.0.1.0.0	0000000008	00000008	0.0	#99ccff		
PX632924.1	1.1.1.1.1.1.1.1.1.1.1.1.1.1.1.1.1.1.1.1.1.1.1.1.1.1.1.1.1.1.1.1.1.1.1.1.2.1.2	0.0.0.0.0.0.0.0.0.0.0.0.0.0.0.0.0.0.0.0.0.0.0.0.0.0.0.0.0.0.0.0.0.0.0.0.1.0.1	000000000A	0000000A	3.0	#99ccff		
PX632917.1	1.1.1.1.1.1.1.1.1.1.1.1.1.1.1.1.1.1.1.1.1.1.1.1.1.1.1.1.1.1.1.1.1.1.1.1.2.2	0.0.0.0.0.0.0.0.0.0.0.0.0.0.0.0.0.0.0.0.0.0.0.0.0.0.0.0.0.0.0.0.0.0.0.0.1.1	000000000C	0000000C	5.0	#99ccff		
PX632934.1	1.1.1.1.1.1.1.1.1.1.1.1.1.1.1.1.1.1.1.1.1.1.1.1.1.1.1.1.1.1.1.1.1.1.1.1.2.3	0.0.0.0.0.0.0.0.0.0.0.0.0.0.0.0.0.0.0.0.0.0.0.0.0.0.0.0.0.0.0.0.0.0.0.0.1.0.0.1.0	00000000090	000000090	1.0	#99ccff		
PX632946.1	1.1.1.1.1.1.1.1.1.1.1.1.1.1.1.1.1.1.1.1.1.1.1.1.1.1.1.1.1.1.1.1.1.1.1.1.2.4	0.0.0.0.0.0.0.0.0.0.0.0.0.0.0.0.0.0.0.0.0.0.0.0.0.0.0.0.0.0.0.0.0.0.0.0.1.0.0.1.1	00000000098	00000009G	21.0	#99ccff		
n77	1.1.1.1.1.1.1.1.1.1.1.1.1.1.1.1.1.1.1.1.1.1.1.1.1.1.1.1.1.1.1.1.1.1.1.2	0.0.0.0.0.0.0.0.0.0.0.0.0.0.0.0.0.0.0.0.0.0.0.0.0.0.0.0.0.0.0.0.0.0.0.1	000000001	0000000G	1.0	#99ccff		
n78	1.1.1.1.1.1.1.1.1.1.1.1.1.1.1.1.1.1.1.1.1.1.1.1.1.1.1.1.1.1.1.1.1.1.1.2.1	0.0.0.0.0.0.0.0.0.0.0.0.0.0.0.0.0.0.0.0.0.0.0.0.0.0.0.0.0.0.0.0.0.0.0.1.0	0000000010	0000000G	2.0	#99ccff		
n79	1.1.1.1.1.1.1.1.1.1.1.1.1.1.1.1.1.1.1.1.1.1.1.1.1.1.1.1.1.1.1.1.1.1.1.2.1.1	0.0.0.0.0.0.0.0.0.0.0.0.0.0.0.0.0.0.0.0.0.0.0.0.0.0.0.0.0.0.0.0.0.0.0.1.0.0	0000000010	0000000G	1.0	#99ccff		
PX632926.1	1.1.1.1.1.1.1.1.1.1.1.1.1.1.1.1.1.1.1.1.1.1.1.1.1.1.1.1.1.1.1.1.1.1.1.2.1.1.1	0.0.0.0.0.0.0.0.0.0.0.0.0.0.0.0.0.0.0.0.0.0.0.0.0.0.0.0.0.0.0.0.0.0.0.1.0.0.0	0000000010	0000000G	35.0	#99ccff		
PX632936.1	1.1.1.1.1.1.1.1.1.1.1.1.1.1.1.1.1.1.1.1.1.1.1.1.1.1.1.1.1.1.1.1.1.1.1.2.1.1.2	0.0.0.0.0.0.0.0.0.0.0.0.0.0.0.0.0.0.0.0.0.0.0.0.0.0.0.0.0.0.0.0.0.0.0.1.0.0.1	0000000012	0000000I	2.0	#99ccff		
PX632954.1	1.1.1.1.1.1.1.1.1.1.1.1.1.1.1.1.1.1.1.1.1.1.1.1.1.1.1.1.1.1.1.1.1.1.1.2.1.1.3	0.0.0.0.0.0.0.0.0.0.0.0.0.0.0.0.0.0.0.0.0.0.0.0.0.0.0.0.0.0.0.0.0.0.0.1.0.0.0.0.1.0	00000000108	0000000GG	2.0	#99ccff		
PX632933.1	1.1.1.1.1.1.1.1.1.1.1.1.1.1.1.1.1.1.1.1.1.1.1.1.1.1.1.1.1.1.1.1.1.1.1.2.1.1.4	0.0.0.0.0.0.0.0.0.0.0.0.0.0.0.0.0.0.0.0.0.0.0.0.0.0.0.0.0.0.0.0.0.0.0.1.0.0.0.0.1.1	0000000010C	0000000GO	12.0	#99ccff		
PX632937.1	1.1.1.1.1.1.1.1.1.1.1.1.1.1.1.1.1.1.1.1.1.1.1.1.1.1.1.1.1.1.1.1.1.1.1.2.1.2	0.0.0.0.0.0.0.0.0.0.0.0.0.0.0.0.0.0.0.0.0.0.0.0.0.0.0.0.0.0.0.0.0.0.0.1.0.1	0000000014	0000000K	3.0	#99ccff		
n85	1.1.1.1.1.1.1.1.1.1.1.1.1.1.1.1.1.1.1.1.1.1.1.1.1.1.1.1.1.1.1.1.1.1.1.2.2	0.0.0.0.0.0.0.0.0.0.0.0.0.0.0.0.0.0.0.0.0.0.0.0.0.0.0.0.0.0.0.0.0.0.0.1.1	0000000018	0000000O	13.0	#99ccff		
PX632941.1	1.1.1.1.1.1.1.1.1.1.1.1.1.1.1.1.1.1.1.1.1.1.1.1.1.1.1.1.1.1.1.1.1.1.1.2.2.1	0.0.0.0.0.0.0.0.0.0.0.0.0.0.0.0.0.0.0.0.0.0.0.0.0.0.0.0.0.0.0.0.0.0.0.1.1.0	0000000018	0000000O	4.0	#99ccff		
PX632939.1	1.1.1.1.1.1.1.1.1.1.1.1.1.1.1.1.1.1.1.1.1.1.1.1.1.1.1.1.1.1.1.1.1.1.1.2.2.2	0.0.0.0.0.0.0.0.0.0.0.0.0.0.0.0.0.0.0.0.0.0.0.0.0.0.0.0.0.0.0.0.0.0.0.1.1.1	000000001C	0000000S	5.0	#99ccff		
PX632955.1	1.1.1.1.1.1.1.1.1.1.1.1.1.1.1.1.1.1.1.1.1.1.1.1.1.1.1.1.1.1.1.1.1.1.1.2.2.3	0.0.0.0.0.0.0.0.0.0.0.0.0.0.0.0.0.0.0.0.0.0.0.0.0.0.0.0.0.0.0.0.0.0.0.1.1.0.0.1.0	00000000190	0000000P0	3.0	#99ccff		
PX632932.1	1.1.1.1.1.1.1.1.1.1.1.1.1.1.1.1.1.1.1.1.1.1.1.1.1.1.1.1.1.1.1.1.1.1.1.2.3	0.0.0.0.0.0.0.0.0.0.0.0.0.0.0.0.0.0.0.0.0.0.0.0.0.0.0.0.0.0.0.0.0.0.0.1.0.0.1.0	0000000012	0000000I	6.0	#99ccff		
PX632922.1	1.1.1.1.1.1.1.1.1.1.1.1.1.1.1.1.1.1.1.1.1.1.1.1.1.1.1.1.1.1.1.1.1.1.2	0.0.0.0.0.0.0.0.0.0.0.0.0.0.0.0.0.0.0.0.0.0.0.0.0.0.0.0.0.0.0.0.0.0.1	000000002	0000001	9.0	#99ccff		
n91	1.1.1.1.1.1.1.1.1.1.1.1.1.1.1.1.1.1.1.1.1.1.1.1.1.1.1.1.1.1.1.1.1.2	0.0.0.0.0.0.0.0.0.0.0.0.0.0.0.0.0.0.0.0.0.0.0.0.0.0.0.0.0.0.0.0.0.1	000000004	0000002	4.0	#99ccff		
n92	1.1.1.1.1.1.1.1.1.1.1.1.1.1.1.1.1.1.1.1.1.1.1.1.1.1.1.1.1.1.1.1.1.2.1	0.0.0.0.0.0.0.0.0.0.0.0.0.0.0.0.0.0.0.0.0.0.0.0.0.0.0.0.0.0.0.0.0.1.0	000000004	0000002	3.0	#99ccff		
n93	1.1.1.1.1.1.1.1.1.1.1.1.1.1.1.1.1.1.1.1.1.1.1.1.1.1.1.1.1.1.1.1.1.2.1.1	0.0.0.0.0.0.0.0.0.0.0.0.0.0.0.0.0.0.0.0.0.0.0.0.0.0.0.0.0.0.0.0.0.1.0.0	000000004	00000020	5.0	#99ccff		
n94	1.1.1.1.1.1.1.1.1.1.1.1.1.1.1.1.1.1.1.1.1.1.1.1.1.1.1.1.1.1.1.1.1.2.1.1.1	0.0.0.0.0.0.0.0.0.0.0.0.0.0.0.0.0.0.0.0.0.0.0.0.0.0.0.0.0.0.0.0.0.1.0.0.0	0000000040	00000020	6.0	#99ccff		
n95	1.1.1.1.1.1.1.1.1.1.1.1.1.1.1.1.1.1.1.1.1.1.1.1.1.1.1.1.1.1.1.1.1.2.1.1.1.1	0.0.0.0.0.0.0.0.0.0.0.0.0.0.0.0.0.0.0.0.0.0.0.0.0.0.0.0.0.0.0.0.0.1.0.0.0.0	0000000040	00000020	1.0	#99ccff		
n96	1.1.1.1.1.1.1.1.1.1.1.1.1.1.1.1.1.1.1.1.1.1.1.1.1.1.1.1.1.1.1.1.1.2.1.1.1.1.1	0.0.0.0.0.0.0.0.0.0.0.0.0.0.0.0.0.0.0.0.0.0.0.0.0.0.0.0.0.0.0.0.0.1.0.0.0.0.0	0000000040	00000020	1.0	#99ccff		
n97	1.1.1.1.1.1.1.1.1.1.1.1.1.1.1.1.1.1.1.1.1.1.1.1.1.1.1.1.1.1.1.1.1.2.1.1.1.1.1.1	0.0.0.0.0.0.0.0.0.0.0.0.0.0.0.0.0.0.0.0.0.0.0.0.0.0.0.0.0.0.0.0.0.1.0.0.0.0.0.0	0000000040	00000020	2.0	#99ccff		
n98	1.1.1.1.1.1.1.1.1.1.1.1.1.1.1.1.1.1.1.1.1.1.1.1.1.1.1.1.1.1.1.1.1.2.1.1.1.1.1.1.1	0.0.0.0.0.0.0.0.0.0.0.0.0.0.0.0.0.0.0.0.0.0.0.0.0.0.0.0.0.0.0.0.0.1.0.0.0.0.0.0.0	00000000400	000000200	3.0	#99ccff		
n99	1.1.1.1.1.1.1.1.1.1.1.1.1.1.1.1.1.1.1.1.1.1.1.1.1.1.1.1.1.1.1.1.1.2.1.1.1.1.1.1.1.1	0.0.0.0.0.0.0.0.0.0.0.0.0.0.0.0.0.0.0.0.0.0.0.0.0.0.0.0.0.0.0.0.0.1.0.0.0.0.0.0.0.0	00000000400	000000200	9.0	#99ccff		
n100	1.1.1.1.1.1.1.1.1.1.1.1.1.1.1.1.1.1.1.1.1.1.1.1.1.1.1.1.1.1.1.1.1.2.1.1.1.1.1.1.1.1.1	0.0.0.0.0.0.0.0.0.0.0.0.0.0.0.0.0.0.0.0.0.0.0.0.0.0.0.0.0.0.0.0.0.1.0.0.0.0.0.0.0.0.0	00000000400	000000200	8.0	#99ccff		
n101	1.1.1.1.1.1.1.1.1.1.1.1.1.1.1.1.1.1.1.1.1.1.1.1.1.1.1.1.1.1.1.1.1.2.1.1.1.1.1.1.1.1.1.1	0.0.0.0.0.0.0.0.0.0.0.0.0.0.0.0.0.0.0.0.0.0.0.0.0.0.0.0.0.0.0.0.0.1.0.0.0.0.0.0.0.0.0.0	00000000400	000000200	3.0	#99ccff		
PX632925.1	1.1.1.1.1.1.1.1.1.1.1.1.1.1.1.1.1.1.1.1.1.1.1.1.1.1.1.1.1.1.1.1.1.2.1.1.1.1.1.1.1.1.1.1.1	0.0.0.0.0.0.0.0.0.0.0.0.0.0.0.0.0.0.0.0.0.0.0.0.0.0.0.0.0.0.0.0.0.1.0.0.0.0.0.0.0.0.0.0.0	000000004000	000000200	26.0	#99ccff		
PX632953.1	1.1.1.1.1.1.1.1.1.1.1.1.1.1.1.1.1.1.1.1.1.1.1.1.1.1.1.1.1.1.1.1.1.2.1.1.1.1.1.1.1.1.1.1.2	0.0.0.0.0.0.0.0.0.0.0.0.0.0.0.0.0.0.0.0.0.0.0.0.0.0.0.0.0.0.0.0.0.1.0.0.0.0.0.0.0.0.0.0.1	000000004008	000000201	5.0	#99ccff		
PX632929.1	1.1.1.1.1.1.1.1.1.1.1.1.1.1.1.1.1.1.1.1.1.1.1.1.1.1.1.1.1.1.1.1.1.2.1.1.1.1.1.1.1.1.1.2	0.0.0.0.0.0.0.0.0.0.0.0.0.0.0.0.0.0.0.0.0.0.0.0.0.0.0.0.0.0.0.0.0.1.0.0.0.0.0.0.0.0.0.1	00000000401	000000202	24.0	#99ccff		
n105	1.1.1.1.1.1.1.1.1.1.1.1.1.1.1.1.1.1.1.1.1.1.1.1.1.1.1.1.1.1.1.1.1.2.1.1.1.1.1.1.1.1.2	0.0.0.0.0.0.0.0.0.0.0.0.0.0.0.0.0.0.0.0.0.0.0.0.0.0.0.0.0.0.0.0.0.1.0.0.0.0.0.0.0.0.1	00000000402	000000204	5.0	#99ccff		
PX632927.1	1.1.1.1.1.1.1.1.1.1.1.1.1.1.1.1.1.1.1.1.1.1.1.1.1.1.1.1.1.1.1.1.1.2.1.1.1.1.1.1.1.1.2.1	0.0.0.0.0.0.0.0.0.0.0.0.0.0.0.0.0.0.0.0.0.0.0.0.0.0.0.0.0.0.0.0.0.1.0.0.0.0.0.0.0.0.1.0	00000000402	000000204	9.0	#99ccff		
PX632947.1	1.1.1.1.1.1.1.1.1.1.1.1.1.1.1.1.1.1.1.1.1.1.1.1.1.1.1.1.1.1.1.1.1.2.1.1.1.1.1.1.1.1.2.2	0.0.0.0.0.0.0.0.0.0.0.0.0.0.0.0.0.0.0.0.0.0.0.0.0.0.0.0.0.0.0.0.0.1.0.0.0.0.0.0.0.0.1.1	00000000403	000000206	40.0	#99ccff		
n108	1.1.1.1.1.1.1.1.1.1.1.1.1.1.1.1.1.1.1.1.1.1.1.1.1.1.1.1.1.1.1.1.1.2.1.1.1.1.1.1.1.1.3	0.0.0.0.0.0.0.0.0.0.0.0.0.0.0.0.0.0.0.0.0.0.0.0.0.0.0.0.0.0.0.0.0.1.0.0.0.0.0.0.0.0.0.0.1.0	000000004008	0000002010	3.0	#99ccff		
PX632916.1	1.1.1.1.1.1.1.1.1.1.1.1.1.1.1.1.1.1.1.1.1.1.1.1.1.1.1.1.1.1.1.1.1.2.1.1.1.1.1.1.1.1.3.1	0.0.0.0.0.0.0.0.0.0.0.0.0.0.0.0.0.0.0.0.0.0.0.0.0.0.0.0.0.0.0.0.0.1.0.0.0.0.0.0.0.0.0.0.1.0.0	000000004008	0000002010	19.0	#99ccff		
PX632931.1	1.1.1.1.1.1.1.1.1.1.1.1.1.1.1.1.1.1.1.1.1.1.1.1.1.1.1.1.1.1.1.1.1.2.1.1.1.1.1.1.1.1.3.2	0.0.0.0.0.0.0.0.0.0.0.0.0.0.0.0.0.0.0.0.0.0.0.0.0.0.0.0.0.0.0.0.0.1.0.0.0.0.0.0.0.0.0.0.1.0.1	00000000400A	0000002018	3.0	#99ccff		
PX632885.1	1.1.1.1.1.1.1.1.1.1.1.1.1.1.1.1.1.1.1.1.1.1.1.1.1.1.1.1.1.1.1.1.1.2.1.1.1.1.1.1.1.2	0.0.0.0.0.0.0.0.0.0.0.0.0.0.0.0.0.0.0.0.0.0.0.0.0.0.0.0.0.0.0.0.0.1.0.0.0.0.0.0.0.1	00000000404	000000208	14.0	#99ccff		
n112	1.1.1.1.1.1.1.1.1.1.1.1.1.1.1.1.1.1.1.1.1.1.1.1.1.1.1.1.1.1.1.1.1.2.1.1.1.1.1.1.2	0.0.0.0.0.0.0.0.0.0.0.0.0.0.0.0.0.0.0.0.0.0.0.0.0.0.0.0.0.0.0.0.0.1.0.0.0.0.0.0.1	00000000408	00000020G	10.0	#99ccff		
PX632883.1	1.1.1.1.1.1.1.1.1.1.1.1.1.1.1.1.1.1.1.1.1.1.1.1.1.1.1.1.1.1.1.1.1.2.1.1.1.1.1.1.2.1	0.0.0.0.0.0.0.0.0.0.0.0.0.0.0.0.0.0.0.0.0.0.0.0.0.0.0.0.0.0.0.0.0.1.0.0.0.0.0.0.1.0	00000000408	00000020G	27.0	#99ccff		
PX632942.1	1.1.1.1.1.1.1.1.1.1.1.1.1.1.1.1.1.1.1.1.1.1.1.1.1.1.1.1.1.1.1.1.1.2.1.1.1.1.1.1.2.2	0.0.0.0.0.0.0.0.0.0.0.0.0.0.0.0.0.0.0.0.0.0.0.0.0.0.0.0.0.0.0.0.0.1.0.0.0.0.0.0.1.1	0000000040C	00000020O	62.0	#99ccff		
PX632881.1	1.1.1.1.1.1.1.1.1.1.1.1.1.1.1.1.1.1.1.1.1.1.1.1.1.1.1.1.1.1.1.1.1.2.1.1.1.1.1.2	0.0.0.0.0.0.0.0.0.0.0.0.0.0.0.0.0.0.0.0.0.0.0.0.0.0.0.0.0.0.0.0.0.1.0.0.0.0.0.1	0000000041	00000021	10.0	#99ccff		
PX632956.1	1.1.1.1.1.1.1.1.1.1.1.1.1.1.1.1.1.1.1.1.1.1.1.1.1.1.1.1.1.1.1.1.1.2.1.1.1.1.2	0.0.0.0.0.0.0.0.0.0.0.0.0.0.0.0.0.0.0.0.0.0.0.0.0.0.0.0.0.0.0.0.0.1.0.0.0.0.1	0000000042	00000022	10.0	#99ccff		
PX632892.1	1.1.1.1.1.1.1.1.1.1.1.1.1.1.1.1.1.1.1.1.1.1.1.1.1.1.1.1.1.1.1.1.1.2.1.1.1.2	0.0.0.0.0.0.0.0.0.0.0.0.0.0.0.0.0.0.0.0.0.0.0.0.0.0.0.0.0.0.0.0.0.1.0.0.0.1	0000000044	00000024	27.0	#99ccff		
n118	1.1.1.1.1.1.1.1.1.1.1.1.1.1.1.1.1.1.1.1.1.1.1.1.1.1.1.1.1.1.1.1.1.2.1.1.2	0.0.0.0.0.0.0.0.0.0.0.0.0.0.0.0.0.0.0.0.0.0.0.0.0.0.0.0.0.0.0.0.0.1.0.0.1	0000000048	00000028	6.0	#99ccff		
n119	1.1.1.1.1.1.1.1.1.1.1.1.1.1.1.1.1.1.1.1.1.1.1.1.1.1.1.1.1.1.1.1.1.2.1.1.2.1	0.0.0.0.0.0.0.0.0.0.0.0.0.0.0.0.0.0.0.0.0.0.0.0.0.0.0.0.0.0.0.0.0.1.0.0.1.0	0000000048	00000028	1.0	#99ccff		
PX632890.1	1.1.1.1.1.1.1.1.1.1.1.1.1.1.1.1.1.1.1.1.1.1.1.1.1.1.1.1.1.1.1.1.1.2.1.1.2.1.1	0.0.0.0.0.0.0.0.0.0.0.0.0.0.0.0.0.0.0.0.0.0.0.0.0.0.0.0.0.0.0.0.0.1.0.0.1.0.0	0000000048	00000028	9.0	#99ccff		
PX632884.1	1.1.1.1.1.1.1.1.1.1.1.1.1.1.1.1.1.1.1.1.1.1.1.1.1.1.1.1.1.1.1.1.1.2.1.1.2.1.2	0.0.0.0.0.0.0.0.0.0.0.0.0.0.0.0.0.0.0.0.0.0.0.0.0.0.0.0.0.0.0.0.0.1.0.0.1.0.1	000000004A	0000002A	17.0	#99ccff		
PX632882.1	1.1.1.1.1.1.1.1.1.1.1.1.1.1.1.1.1.1.1.1.1.1.1.1.1.1.1.1.1.1.1.1.1.2.1.1.2.2	0.0.0.0.0.0.0.0.0.0.0.0.0.0.0.0.0.0.0.0.0.0.0.0.0.0.0.0.0.0.0.0.0.1.0.0.1.1	000000004C	0000002C	5.0	#99ccff		
PX632919.1	1.1.1.1.1.1.1.1.1.1.1.1.1.1.1.1.1.1.1.1.1.1.1.1.1.1.1.1.1.1.1.1.1.2.1.2	0.0.0.0.0.0.0.0.0.0.0.0.0.0.0.0.0.0.0.0.0.0.0.0.0.0.0.0.0.0.0.0.0.1.0.1	000000005	0000002G	7.0	#99ccff		
PX632952.1	1.1.1.1.1.1.1.1.1.1.1.1.1.1.1.1.1.1.1.1.1.1.1.1.1.1.1.1.1.1.1.1.1.2.1.3	0.0.0.0.0.0.0.0.0.0.0.0.0.0.0.0.0.0.0.0.0.0.0.0.0.0.0.0.0.0.0.0.0.1.0.0.0.1.0	0000000044	00000024	8.0	#99ccff		
PX632949.1	1.1.1.1.1.1.1.1.1.1.1.1.1.1.1.1.1.1.1.1.1.1.1.1.1.1.1.1.1.1.1.1.1.2.1.4	0.0.0.0.0.0.0.0.0.0.0.0.0.0.0.0.0.0.0.0.0.0.0.0.0.0.0.0.0.0.0.0.0.1.0.0.0.1.1	0000000046	00000026	8.0	#99ccff		
n126	1.1.1.1.1.1.1.1.1.1.1.1.1.1.1.1.1.1.1.1.1.1.1.1.1.1.1.1.1.1.1.1.1.2.2	0.0.0.0.0.0.0.0.0.0.0.0.0.0.0.0.0.0.0.0.0.0.0.0.0.0.0.0.0.0.0.0.0.1.1	000000006	0000003	5.0	#99ccff		
PX632900.1	1.1.1.1.1.1.1.1.1.1.1.1.1.1.1.1.1.1.1.1.1.1.1.1.1.1.1.1.1.1.1.1.1.2.2.1	0.0.0.0.0.0.0.0.0.0.0.0.0.0.0.0.0.0.0.0.0.0.0.0.0.0.0.0.0.0.0.0.0.1.1.0	000000006	00000030	1.0	#99ccff		
PX632906.1	1.1.1.1.1.1.1.1.1.1.1.1.1.1.1.1.1.1.1.1.1.1.1.1.1.1.1.1.1.1.1.1.1.2.2.2	0.0.0.0.0.0.0.0.0.0.0.0.0.0.0.0.0.0.0.0.0.0.0.0.0.0.0.0.0.0.0.0.0.1.1.1	000000007	0000003G	2.0	#99ccff		
PX632869.1	1.1.1.1.1.1.1.1.1.1.1.1.1.1.1.1.1.1.1.1.1.1.1.1.1.1.1.1.1.1.1.1.2	0.0.0.0.0.0.0.0.0.0.0.0.0.0.0.0.0.0.0.0.0.0.0.0.0.0.0.0.0.0.0.0.1	000000008	0000004	6.0	#99ccff		
n130	1.1.1.1.1.1.1.1.1.1.1.1.1.1.1.1.1.1.1.1.1.1.1.1.1.1.1.1.1.1.1.2	0.0.0.0.0.0.0.0.0.0.0.0.0.0.0.0.0.0.0.0.0.0.0.0.0.0.0.0.0.0.0.1	00000001	0000008	18.0	#99ccff		
PX632893.1	1.1.1.1.1.1.1.1.1.1.1.1.1.1.1.1.1.1.1.1.1.1.1.1.1.1.1.1.1.1.1.2.1	0.0.0.0.0.0.0.0.0.0.0.0.0.0.0.0.0.0.0.0.0.0.0.0.0.0.0.0.0.0.0.1.0	000000010	0000008	5.0	#99ccff		
PX632899.1	1.1.1.1.1.1.1.1.1.1.1.1.1.1.1.1.1.1.1.1.1.1.1.1.1.1.1.1.1.1.1.2.2	0.0.0.0.0.0.0.0.0.0.0.0.0.0.0.0.0.0.0.0.0.0.0.0.0.0.0.0.0.0.0.1.1	000000018	000000C	3.0	#99ccff		
n133	1.1.1.1.1.1.1.1.1.1.1.1.1.1.1.1.1.1.1.1.1.1.1.1.1.1.1.1.1.1.1.3	0.0.0.0.0.0.0.0.0.0.0.0.0.0.0.0.0.0.0.0.0.0.0.0.0.0.0.0.0.0.0.0.0.1.0	000000004	0000002	6.0	#99ccff		
PX632867.1	1.1.1.1.1.1.1.1.1.1.1.1.1.1.1.1.1.1.1.1.1.1.1.1.1.1.1.1.1.1.1.3.1	0.0.0.0.0.0.0.0.0.0.0.0.0.0.0.0.0.0.0.0.0.0.0.0.0.0.0.0.0.0.0.0.0.1.0.0	000000004	00000020	0.0	#99ccff		
PX632880.1	1.1.1.1.1.1.1.1.1.1.1.1.1.1.1.1.1.1.1.1.1.1.1.1.1.1.1.1.1.1.1.3.2	0.0.0.0.0.0.0.0.0.0.0.0.0.0.0.0.0.0.0.0.0.0.0.0.0.0.0.0.0.0.0.0.0.1.0.1	000000005	0000002G	6.0	#99ccff		
PX632870.1	1.1.1.1.1.1.1.1.1.1.1.1.1.1.1.1.1.1.1.1.1.1.1.1.1.1.1.1.1.1.1.4	0.0.0.0.0.0.0.0.0.0.0.0.0.0.0.0.0.0.0.0.0.0.0.0.0.0.0.0.0.0.0.0.0.1.1	000000006	0000003	6.0	#99ccff		
PX632888.1	1.1.1.1.1.1.1.1.1.1.1.1.1.1.1.1.1.1.1.1.1.1.1.1.1.1.1.1.1.1.1.5	0.0.0.0.0.0.0.0.0.0.0.0.0.0.0.0.0.0.0.0.0.0.0.0.0.0.0.0.0.0.0.0.1.0.0	000000008	0000004	5.0	#99ccff		
n138	1.1.1.1.1.1.1.1.1.1.1.1.1.1.1.1.1.1.1.1.1.1.1.1.1.1.1.1.1.1.2	0.0.0.0.0.0.0.0.0.0.0.0.0.0.0.0.0.0.0.0.0.0.0.0.0.0.0.0.0.0.1	00000002	000000G	5.0	#99ccff		
n139	1.1.1.1.1.1.1.1.1.1.1.1.1.1.1.1.1.1.1.1.1.1.1.1.1.1.1.1.1.1.2.1	0.0.0.0.0.0.0.0.0.0.0.0.0.0.0.0.0.0.0.0.0.0.0.0.0.0.0.0.0.0.1.0	00000002	000000G	3.0	#99ccff		
PX632877.1	1.1.1.1.1.1.1.1.1.1.1.1.1.1.1.1.1.1.1.1.1.1.1.1.1.1.1.1.1.1.2.1.1	0.0.0.0.0.0.0.0.0.0.0.0.0.0.0.0.0.0.0.0.0.0.0.0.0.0.0.0.0.0.1.0.0	000000020	000000G	0.0	#99ccff		
PX632878.1	1.1.1.1.1.1.1.1.1.1.1.1.1.1.1.1.1.1.1.1.1.1.1.1.1.1.1.1.1.1.2.1.2	0.0.0.0.0.0.0.0.0.0.0.0.0.0.0.0.0.0.0.0.0.0.0.0.0.0.0.0.0.0.1.0.1	000000028	000000K	3.0	#99ccff		
PX632874.1	1.1.1.1.1.1.1.1.1.1.1.1.1.1.1.1.1.1.1.1.1.1.1.1.1.1.1.1.1.1.2.2	0.0.0.0.0.0.0.0.0.0.0.0.0.0.0.0.0.0.0.0.0.0.0.0.0.0.0.0.0.0.1.1	00000003	000000O	4.0	#99ccff		
PX632866.1	1.1.1.1.1.1.1.1.1.1.1.1.1.1.1.1.1.1.1.1.1.1.1.1.1.1.1.1.1.1.2.3	0.0.0.0.0.0.0.0.0.0.0.0.0.0.0.0.0.0.0.0.0.0.0.0.0.0.0.0.0.0.1.0.0.1.0	000000024	000000I	2.0	#99ccff		
n144	1.1.1.1.1.1.1.1.1.1.1.1.1.1.1.1.1.1.1.1.1.1.1.1.1.1.1.1.1.1.3	0.0.0.0.0.0.0.0.0.0.0.0.0.0.0.0.0.0.0.0.0.0.0.0.0.0.0.0.0.0.0.0.1.0	000000008	0000004	11.0	#99ccff		
PX632876.1	1.1.1.1.1.1.1.1.1.1.1.1.1.1.1.1.1.1.1.1.1.1.1.1.1.1.1.1.1.1.3.1	0.0.0.0.0.0.0.0.0.0.0.0.0.0.0.0.0.0.0.0.0.0.0.0.0.0.0.0.0.0.0.0.1.0.0	000000008	0000004	0.0	#99ccff		
PX632901.1	1.1.1.1.1.1.1.1.1.1.1.1.1.1.1.1.1.1.1.1.1.1.1.1.1.1.1.1.1.1.3.2	0.0.0.0.0.0.0.0.0.0.0.0.0.0.0.0.0.0.0.0.0.0.0.0.0.0.0.0.0.0.0.0.1.0.1	00000000A	0000005	0.0	#99ccff		
PX632872.1	1.1.1.1.1.1.1.1.1.1.1.1.1.1.1.1.1.1.1.1.1.1.1.1.1.1.1.1.1.1.4	0.0.0.0.0.0.0.0.0.0.0.0.0.0.0.0.0.0.0.0.0.0.0.0.0.0.0.0.0.0.0.0.1.1	00000000C	0000006	6.0	#99ccff		
PX632873.1	1.1.1.1.1.1.1.1.1.1.1.1.1.1.1.1.1.1.1.1.1.1.1.1.1.1.1.1.1.1.5	0.0.0.0.0.0.0.0.0.0.0.0.0.0.0.0.0.0.0.0.0.0.0.0.0.0.0.0.0.0.0.1.0.0	000000010	0000008	5.0	#99ccff		
n149	1.1.1.1.1.1.1.1.1.1.1.1.1.1.1.1.1.1.1.1.1.1.1.1.1.1.1.1.1.2	0.0.0.0.0.0.0.0.0.0.0.0.0.0.0.0.0.0.0.0.0.0.0.0.0.0.0.0.0.1	00000004	000001	2.0	#99ccff		
n150	1.1.1.1.1.1.1.1.1.1.1.1.1.1.1.1.1.1.1.1.1.1.1.1.1.1.1.1.1.2.1	0.0.0.0.0.0.0.0.0.0.0.0.0.0.0.0.0.0.0.0.0.0.0.0.0.0.0.0.0.1.0	00000004	0000010	1.0	#99ccff		
n151	1.1.1.1.1.1.1.1.1.1.1.1.1.1.1.1.1.1.1.1.1.1.1.1.1.1.1.1.1.2.1.1	0.0.0.0.0.0.0.0.0.0.0.0.0.0.0.0.0.0.0.0.0.0.0.0.0.0.0.0.0.1.0.0	00000004	0000010	4.0	#99ccff		
n152	1.1.1.1.1.1.1.1.1.1.1.1.1.1.1.1.1.1.1.1.1.1.1.1.1.1.1.1.1.2.1.1.1	0.0.0.0.0.0.0.0.0.0.0.0.0.0.0.0.0.0.0.0.0.0.0.0.0.0.0.0.0.1.0.0.0	000000040	0000010	1.0	#99ccff		
2025.TE.11453.1.1	1.1.1.1.1.1.1.1.1.1.1.1.1.1.1.1.1.1.1.1.1.1.1.1.1.1.1.1.1.2.1.1.1.1	0.0.0.0.0.0.0.0.0.0.0.0.0.0.0.0.0.0.0.0.0.0.0.0.0.0.0.0.0.1.0.0.0.0	000000040	0000010	2.0	#99ccff		
2023.TE.20709.2.7	1.1.1.1.1.1.1.1.1.1.1.1.1.1.1.1.1.1.1.1.1.1.1.1.1.1.1.1.1.2.1.1.1.2	0.0.0.0.0.0.0.0.0.0.0.0.0.0.0.0.0.0.0.0.0.0.0.0.0.0.0.0.0.1.0.0.0.1	000000044	0000012	0.0	#99ccff		
2025.TE.11452.1.1	1.1.1.1.1.1.1.1.1.1.1.1.1.1.1.1.1.1.1.1.1.1.1.1.1.1.1.1.1.2.1.1.2	0.0.0.0.0.0.0.0.0.0.0.0.0.0.0.0.0.0.0.0.0.0.0.0.0.0.0.0.0.1.0.0.1	000000048	0000014	5.0	#99ccff		
2025.TE.11464.1.1	1.1.1.1.1.1.1.1.1.1.1.1.1.1.1.1.1.1.1.1.1.1.1.1.1.1.1.1.1.2.1.1.3	0.0.0.0.0.0.0.0.0.0.0.0.0.0.0.0.0.0.0.0.0.0.0.0.0.0.0.0.0.1.0.0.0.0.1.0	000000042	00000110	4.0	#99ccff		
n157	1.1.1.1.1.1.1.1.1.1.1.1.1.1.1.1.1.1.1.1.1.1.1.1.1.1.1.1.1.2.1.2	0.0.0.0.0.0.0.0.0.0.0.0.0.0.0.0.0.0.0.0.0.0.0.0.0.0.0.0.0.1.0.1	00000005	0000018	4.0	#99ccff		
n158	1.1.1.1.1.1.1.1.1.1.1.1.1.1.1.1.1.1.1.1.1.1.1.1.1.1.1.1.1.2.1.2.1	0.0.0.0.0.0.0.0.0.0.0.0.0.0.0.0.0.0.0.0.0.0.0.0.0.0.0.0.0.1.0.1.0	000000050	0000018	1.0	#99ccff		
OR091157.1	1.1.1.1.1.1.1.1.1.1.1.1.1.1.1.1.1.1.1.1.1.1.1.1.1.1.1.1.1.2.1.2.1.1	0.0.0.0.0.0.0.0.0.0.0.0.0.0.0.0.0.0.0.0.0.0.0.0.0.0.0.0.0.1.0.1.0.0	000000050	0000018	1.0	#99ccff		
OR091158.1	1.1.1.1.1.1.1.1.1.1.1.1.1.1.1.1.1.1.1.1.1.1.1.1.1.1.1.1.1.2.1.2.1.2	0.0.0.0.0.0.0.0.0.0.0.0.0.0.0.0.0.0.0.0.0.0.0.0.0.0.0.0.0.1.0.1.0.1	000000054	000001A	12.0	#99ccff		
OR091156.1	1.1.1.1.1.1.1.1.1.1.1.1.1.1.1.1.1.1.1.1.1.1.1.1.1.1.1.1.1.2.1.2.2	0.0.0.0.0.0.0.0.0.0.0.0.0.0.0.0.0.0.0.0.0.0.0.0.0.0.0.0.0.1.0.1.1	000000058	000001C	2.0	#99ccff		
n162	1.1.1.1.1.1.1.1.1.1.1.1.1.1.1.1.1.1.1.1.1.1.1.1.1.1.1.1.1.2.2	0.0.0.0.0.0.0.0.0.0.0.0.0.0.0.0.0.0.0.0.0.0.0.0.0.0.0.0.0.1.1	00000006	000001G	2.0	#99ccff		
n163	1.1.1.1.1.1.1.1.1.1.1.1.1.1.1.1.1.1.1.1.1.1.1.1.1.1.1.1.1.2.2.1	0.0.0.0.0.0.0.0.0.0.0.0.0.0.0.0.0.0.0.0.0.0.0.0.0.0.0.0.0.1.1.0	00000006	000001G	1.0	#99ccff		
2023.TE.20709.2.6	1.1.1.1.1.1.1.1.1.1.1.1.1.1.1.1.1.1.1.1.1.1.1.1.1.1.1.1.1.2.2.1.1	0.0.0.0.0.0.0.0.0.0.0.0.0.0.0.0.0.0.0.0.0.0.0.0.0.0.0.0.0.1.1.0.0	000000060	000001G	0.0	#99ccff		
2025.TE.11454.1.1	1.1.1.1.1.1.1.1.1.1.1.1.1.1.1.1.1.1.1.1.1.1.1.1.1.1.1.1.1.2.2.1.2	0.0.0.0.0.0.0.0.0.0.0.0.0.0.0.0.0.0.0.0.0.0.0.0.0.0.0.0.0.1.1.0.1	000000068	000001K	1.0	#99ccff		
2025.TE.11458.1.1	1.1.1.1.1.1.1.1.1.1.1.1.1.1.1.1.1.1.1.1.1.1.1.1.1.1.1.1.1.2.2.1.3	0.0.0.0.0.0.0.0.0.0.0.0.0.0.0.0.0.0.0.0.0.0.0.0.0.0.0.0.0.1.1.0.0.0.1.0	000000062	000001H0	2.0	#99ccff		
2025.TE.11496.1.1	1.1.1.1.1.1.1.1.1.1.1.1.1.1.1.1.1.1.1.1.1.1.1.1.1.1.1.1.1.2.2.2	0.0.0.0.0.0.0.0.0.0.0.0.0.0.0.0.0.0.0.0.0.0.0.0.0.0.0.0.0.1.1.1	00000007	000001O	6.0	#99ccff		
2025.TE.2174.1.1	1.1.1.1.1.1.1.1.1.1.1.1.1.1.1.1.1.1.1.1.1.1.1.1.1.1.1.1.1.2.2.3	0.0.0.0.0.0.0.0.0.0.0.0.0.0.0.0.0.0.0.0.0.0.0.0.0.0.0.0.0.1.1.0.0.1.0	000000064	000001I	4.0	#99ccff		
n169	1.1.1.1.1.1.1.1.1.1.1.1.1.1.1.1.1.1.1.1.1.1.1.1.1.1.1.1.1.3	0.0.0.0.0.0.0.0.0.0.0.0.0.0.0.0.0.0.0.0.0.0.0.0.0.0.0.0.0.0.0.1.0	000000010	0000008	1.0	#99ccff		
n170	1.1.1.1.1.1.1.1.1.1.1.1.1.1.1.1.1.1.1.1.1.1.1.1.1.1.1.1.1.3.1	0.0.0.0.0.0.0.0.0.0.0.0.0.0.0.0.0.0.0.0.0.0.0.0.0.0.0.0.0.0.0.1.0.0	000000010	0000008	3.0	#99ccff		
n171	1.1.1.1.1.1.1.1.1.1.1.1.1.1.1.1.1.1.1.1.1.1.1.1.1.1.1.1.1.3.1.1	0.0.0.0.0.0.0.0.0.0.0.0.0.0.0.0.0.0.0.0.0.0.0.0.0.0.0.0.0.0.0.1.0.0.0	000000010	0000008	1.0	#99ccff		
2023.TE.21959.1.1	1.1.1.1.1.1.1.1.1.1.1.1.1.1.1.1.1.1.1.1.1.1.1.1.1.1.1.1.1.3.1.1.1	0.0.0.0.0.0.0.0.0.0.0.0.0.0.0.0.0.0.0.0.0.0.0.0.0.0.0.0.0.0.0.1.0.0.0.0	000000010	00000080	2.0	#99ccff		
2025.TE.11462.1.1	1.1.1.1.1.1.1.1.1.1.1.1.1.1.1.1.1.1.1.1.1.1.1.1.1.1.1.1.1.3.1.1.2	0.0.0.0.0.0.0.0.0.0.0.0.0.0.0.0.0.0.0.0.0.0.0.0.0.0.0.0.0.0.0.1.0.0.0.1	000000011	0000008G	6.0	#99ccff		
2023.TE.19667.2.4	1.1.1.1.1.1.1.1.1.1.1.1.1.1.1.1.1.1.1.1.1.1.1.1.1.1.1.1.1.3.1.2	0.0.0.0.0.0.0.0.0.0.0.0.0.0.0.0.0.0.0.0.0.0.0.0.0.0.0.0.0.0.0.1.0.0.1	000000012	0000009	2.0	#99ccff		
n175	1.1.1.1.1.1.1.1.1.1.1.1.1.1.1.1.1.1.1.1.1.1.1.1.1.1.1.1.1.3.2	0.0.0.0.0.0.0.0.0.0.0.0.0.0.0.0.0.0.0.0.0.0.0.0.0.0.0.0.0.0.0.1.0.1	000000014	000000A	1.0	#99ccff		
OR091151.1	1.1.1.1.1.1.1.1.1.1.1.1.1.1.1.1.1.1.1.1.1.1.1.1.1.1.1.1.1.3.2.1	0.0.0.0.0.0.0.0.0.0.0.0.0.0.0.0.0.0.0.0.0.0.0.0.0.0.0.0.0.0.0.1.0.1.0	000000014	000000A	1.0	#99ccff		
OR091152.1	1.1.1.1.1.1.1.1.1.1.1.1.1.1.1.1.1.1.1.1.1.1.1.1.1.1.1.1.1.3.2.2	0.0.0.0.0.0.0.0.0.0.0.0.0.0.0.0.0.0.0.0.0.0.0.0.0.0.0.0.0.0.0.1.0.1.1	000000016	000000B	0.0	#99ccff		
2023.TE.20709.2.16	1.1.1.1.1.1.1.1.1.1.1.1.1.1.1.1.1.1.1.1.1.1.1.1.1.1.1.1.1.3.3	0.0.0.0.0.0.0.0.0.0.0.0.0.0.0.0.0.0.0.0.0.0.0.0.0.0.0.0.0.0.0.1.0.0.0.1.0	0000000110	0000008G	3.0	#99ccff		
n179	1.1.1.1.1.1.1.1.1.1.1.1.1.1.1.1.1.1.1.1.1.1.1.1.1.1.1.1.1.4	0.0.0.0.0.0.0.0.0.0.0.0.0.0.0.0.0.0.0.0.0.0.0.0.0.0.0.0.0.0.0.1.1	000000018	000000C	1.0	#99ccff		
n180	1.1.1.1.1.1.1.1.1.1.1.1.1.1.1.1.1.1.1.1.1.1.1.1.1.1.1.1.1.4.1	0.0.0.0.0.0.0.0.0.0.0.0.0.0.0.0.0.0.0.0.0.0.0.0.0.0.0.0.0.0.0.1.1.0	000000018	000000C	2.0	#99ccff		
OR091154.1	1.1.1.1.1.1.1.1.1.1.1.1.1.1.1.1.1.1.1.1.1.1.1.1.1.1.1.1.1.4.1.1	0.0.0.0.0.0.0.0.0.0.0.0.0.0.0.0.0.0.0.0.0.0.0.0.0.0.0.0.0.0.0.1.1.0.0	000000018	000000C	1.0	#99ccff		
OR091155.1	1.1.1.1.1.1.1.1.1.1.1.1.1.1.1.1.1.1.1.1.1.1.1.1.1.1.1.1.1.4.1.2	0.0.0.0.0.0.0.0.0.0.0.0.0.0.0.0.0.0.0.0.0.0.0.0.0.0.0.0.0.0.0.1.1.0.1	00000001A	000000D	3.0	#99ccff		
PX632871.1	1.1.1.1.1.1.1.1.1.1.1.1.1.1.1.1.1.1.1.1.1.1.1.1.1.1.1.1.1.4.2	0.0.0.0.0.0.0.0.0.0.0.0.0.0.0.0.0.0.0.0.0.0.0.0.0.0.0.0.0.0.0.1.1.1	00000001C	000000E	3.0	#99ccff		
n184	1.1.1.1.1.1.1.1.1.1.1.1.1.1.1.1.1.1.1.1.1.1.1.1.1.1.1.1.1.5	0.0.0.0.0.0.0.0.0.0.0.0.0.0.0.0.0.0.0.0.0.0.0.0.0.0.0.0.0.0.1.0.0	000000020	000000G	2.0	#99ccff		
n185	1.1.1.1.1.1.1.1.1.1.1.1.1.1.1.1.1.1.1.1.1.1.1.1.1.1.1.1.1.5.1	0.0.0.0.0.0.0.0.0.0.0.0.0.0.0.0.0.0.0.0.0.0.0.0.0.0.0.0.0.0.1.0.0.0	000000020	000000G	2.0	#99ccff		
PX632891.1	1.1.1.1.1.1.1.1.1.1.1.1.1.1.1.1.1.1.1.1.1.1.1.1.1.1.1.1.1.5.1.1	0.0.0.0.0.0.0.0.0.0.0.0.0.0.0.0.0.0.0.0.0.0.0.0.0.0.0.0.0.0.1.0.0.0.0	000000020	000000G	1.0	#99ccff		
PX632889.1	1.1.1.1.1.1.1.1.1.1.1.1.1.1.1.1.1.1.1.1.1.1.1.1.1.1.1.1.1.5.1.2	0.0.0.0.0.0.0.0.0.0.0.0.0.0.0.0.0.0.0.0.0.0.0.0.0.0.0.0.0.0.1.0.0.0.1	000000022	000000H	40.0	#99ccff		
2022.TE.45323.2.22	1.1.1.1.1.1.1.1.1.1.1.1.1.1.1.1.1.1.1.1.1.1.1.1.1.1.1.1.1.5.2	0.0.0.0.0.0.0.0.0.0.0.0.0.0.0.0.0.0.0.0.0.0.0.0.0.0.0.0.0.0.1.0.0.1	000000024	000000I	1.0	#99ccff		
2022.TE.44233.2.29	1.1.1.1.1.1.1.1.1.1.1.1.1.1.1.1.1.1.1.1.1.1.1.1.1.1.1.1.1.6	0.0.0.0.0.0.0.0.0.0.0.0.0.0.0.0.0.0.0.0.0.0.0.0.0.0.0.0.0.0.1.0.1	000000028	000000K	14.0	#99ccff		
OR091153.1	1.1.1.1.1.1.1.1.1.1.1.1.1.1.1.1.1.1.1.1.1.1.1.1.1.1.1.1.1.7	0.0.0.0.0.0.0.0.0.0.0.0.0.0.0.0.0.0.0.0.0.0.0.0.0.0.0.0.0.0.1.1.0	000000030	000000O	2.0	#99ccff		
2023.TE.21982.1.1	1.1.1.1.1.1.1.1.1.1.1.1.1.1.1.1.1.1.1.1.1.1.1.1.1.1.1.1.1.8	0.0.0.0.0.0.0.0.0.0.0.0.0.0.0.0.0.0.0.0.0.0.0.0.0.0.0.0.0.0.1.1.1	000000038	000000S	7.0	#99ccff		
PX632886.1	1.1.1.1.1.1.1.1.1.1.1.1.1.1.1.1.1.1.1.1.1.1.1.1.1.1.1.1.2	0.0.0.0.0.0.0.0.0.0.0.0.0.0.0.0.0.0.0.0.0.0.0.0.0.0.0.0.1	00000008	000002	30.0	#99ccff		
n193	1.1.1.1.1.1.1.1.1.1.1.1.1.1.1.1.1.1.1.1.1.1.1.1.1.1.1.2	0.0.0.0.0.0.0.0.0.0.0.0.0.0.0.0.0.0.0.0.0.0.0.0.0.0.0.1	0000001	000004	2.0	#99ccff	{3,181.0,#f0f0f0}	
2023.TE.15714.2.2	1.1.1.1.1.1.1.1.1.1.1.1.1.1.1.1.1.1.1.1.1.1.1.1.1.1.1.2.1	0.0.0.0.0.0.0.0.0.0.0.0.0.0.0.0.0.0.0.0.0.0.0.0.0.0.0.1.0	00000010	000004	9.0	#99ccff		
2023.TE.23015.1.1	1.1.1.1.1.1.1.1.1.1.1.1.1.1.1.1.1.1.1.1.1.1.1.1.1.1.1.2.2	0.0.0.0.0.0.0.0.0.0.0.0.0.0.0.0.0.0.0.0.0.0.0.0.0.0.0.1.1	00000018	000006	5.0	#99ccff		
2022.TE.44233.2.24	1.1.1.1.1.1.1.1.1.1.1.1.1.1.1.1.1.1.1.1.1.1.1.1.1.1.1.2.3	0.0.0.0.0.0.0.0.0.0.0.0.0.0.0.0.0.0.0.0.0.0.0.0.0.0.0.1.0.0.1.0	00000012	000004G	2.0	#99ccff		
2022.TE.49076.2.6	1.1.1.1.1.1.1.1.1.1.1.1.1.1.1.1.1.1.1.1.1.1.1.1.1.1.2	0.0.0.0.0.0.0.0.0.0.0.0.0.0.0.0.0.0.0.0.0.0.0.0.0.0.1	0000002	000008	11.0	#99ccff		
n198	1.1.1.1.1.1.1.1.1.1.1.1.1.1.1.1.1.1.1.1.1.1.1.1.1.2	0.0.0.0.0.0.0.0.0.0.0.0.0.0.0.0.0.0.0.0.0.0.0.0.0.1	0000004	00000G	1.0	#99ccff	{33,129.0,#f0f0f0}	
n199	1.1.1.1.1.1.1.1.1.1.1.1.1.1.1.1.1.1.1.1.1.1.1.1.1.2.1	0.0.0.0.0.0.0.0.0.0.0.0.0.0.0.0.0.0.0.0.0.0.0.0.0.1.0	0000004	00000G	5.0	#99ccff	{26,129.0,#ccccff}	
n200	1.1.1.1.1.1.1.1.1.1.1.1.1.1.1.1.1.1.1.1.1.1.1.1.1.2.1.1	0.0.0.0.0.0.0.0.0.0.0.0.0.0.0.0.0.0.0.0.0.0.0.0.0.1.0.0	0000004	00000G	12.0	#99ccff		
n201	1.1.1.1.1.1.1.1.1.1.1.1.1.1.1.1.1.1.1.1.1.1.1.1.1.2.1.1.1	0.0.0.0.0.0.0.0.0.0.0.0.0.0.0.0.0.0.0.0.0.0.0.0.0.1.0.0.0	00000040	00000G	1.0	#99ccff		
n202	1.1.1.1.1.1.1.1.1.1.1.1.1.1.1.1.1.1.1.1.1.1.1.1.1.2.1.1.1.1	0.0.0.0.0.0.0.0.0.0.0.0.0.0.0.0.0.0.0.0.0.0.0.0.0.1.0.0.0.0	00000040	00000G	1.0	#99ccff		
n203	1.1.1.1.1.1.1.1.1.1.1.1.1.1.1.1.1.1.1.1.1.1.1.1.1.2.1.1.1.1.1	0.0.0.0.0.0.0.0.0.0.0.0.0.0.0.0.0.0.0.0.0.0.0.0.0.1.0.0.0.0.0	00000040	00000G0	5.0	#99ccff		
2025.TE.11519.1.1	1.1.1.1.1.1.1.1.1.1.1.1.1.1.1.1.1.1.1.1.1.1.1.1.1.2.1.1.1.1.1.1	0.0.0.0.0.0.0.0.0.0.0.0.0.0.0.0.0.0.0.0.0.0.0.0.0.1.0.0.0.0.0.0	00000040	00000G0	44.0	#99ccff		
2026.TE.3518.1.1	1.1.1.1.1.1.1.1.1.1.1.1.1.1.1.1.1.1.1.1.1.1.1.1.1.2.1.1.1.1.1.2	0.0.0.0.0.0.0.0.0.0.0.0.0.0.0.0.0.0.0.0.0.0.0.0.0.1.0.0.0.0.0.1	00000041	00000G8	9.0	#99ccff		
2023.TE.19667.2.2	1.1.1.1.1.1.1.1.1.1.1.1.1.1.1.1.1.1.1.1.1.1.1.1.1.2.1.1.1.1.2	0.0.0.0.0.0.0.0.0.0.0.0.0.0.0.0.0.0.0.0.0.0.0.0.0.1.0.0.0.0.1	00000042	00000GG	4.0	#99ccff		
2023.TE.23005.1.1	1.1.1.1.1.1.1.1.1.1.1.1.1.1.1.1.1.1.1.1.1.1.1.1.1.2.1.1.1.1.3	0.0.0.0.0.0.0.0.0.0.0.0.0.0.0.0.0.0.0.0.0.0.0.0.0.1.0.0.0.0.0.0.1.0	000000408	00000G4	2.0	#99ccff		
2023.TE.15714.2.3	1.1.1.1.1.1.1.1.1.1.1.1.1.1.1.1.1.1.1.1.1.1.1.1.1.2.1.1.1.1.4	0.0.0.0.0.0.0.0.0.0.0.0.0.0.0.0.0.0.0.0.0.0.0.0.0.1.0.0.0.0.0.0.1.1	00000040C	00000G6	0.0	#99ccff		
n209	1.1.1.1.1.1.1.1.1.1.1.1.1.1.1.1.1.1.1.1.1.1.1.1.1.2.1.1.1.2	0.0.0.0.0.0.0.0.0.0.0.0.0.0.0.0.0.0.0.0.0.0.0.0.0.1.0.0.0.1	00000044	00000H	1.0	#99ccff		
n210	1.1.1.1.1.1.1.1.1.1.1.1.1.1.1.1.1.1.1.1.1.1.1.1.1.2.1.1.1.2.1	0.0.0.0.0.0.0.0.0.0.0.0.0.0.0.0.0.0.0.0.0.0.0.0.0.1.0.0.0.1.0	00000044	00000H0	1.0	#99ccff		
2023.TE.21942.1.1	1.1.1.1.1.1.1.1.1.1.1.1.1.1.1.1.1.1.1.1.1.1.1.1.1.2.1.1.1.2.1.1	0.0.0.0.0.0.0.0.0.0.0.0.0.0.0.0.0.0.0.0.0.0.0.0.0.1.0.0.0.1.0.0	00000044	00000H0	0.0	#99ccff		
2023.TE.19667.2.5	1.1.1.1.1.1.1.1.1.1.1.1.1.1.1.1.1.1.1.1.1.1.1.1.1.2.1.1.1.2.1.2	0.0.0.0.0.0.0.0.0.0.0.0.0.0.0.0.0.0.0.0.0.0.0.0.0.1.0.0.0.1.0.1	00000045	00000H8	5.0	#99ccff		
2023.TE.20709.2.9	1.1.1.1.1.1.1.1.1.1.1.1.1.1.1.1.1.1.1.1.1.1.1.1.1.2.1.1.1.2.2	0.0.0.0.0.0.0.0.0.0.0.0.0.0.0.0.0.0.0.0.0.0.0.0.0.1.0.0.0.1.1	00000046	00000HG	3.0	#99ccff		
2023.TE.23017.1.1	1.1.1.1.1.1.1.1.1.1.1.1.1.1.1.1.1.1.1.1.1.1.1.1.1.2.1.1.1.2.3	0.0.0.0.0.0.0.0.0.0.0.0.0.0.0.0.0.0.0.0.0.0.0.0.0.1.0.0.0.1.0.0.1.0	000000448	00000H4	2.0	#99ccff		
2023.TE.23011.1.1	1.1.1.1.1.1.1.1.1.1.1.1.1.1.1.1.1.1.1.1.1.1.1.1.1.2.1.1.1.2.4	0.0.0.0.0.0.0.0.0.0.0.0.0.0.0.0.0.0.0.0.0.0.0.0.0.1.0.0.0.1.0.0.1.1	00000044C	00000H6	8.0	#99ccff		
2023.TE.23009.1.1	1.1.1.1.1.1.1.1.1.1.1.1.1.1.1.1.1.1.1.1.1.1.1.1.1.2.1.1.1.3	0.0.0.0.0.0.0.0.0.0.0.0.0.0.0.0.0.0.0.0.0.0.0.0.0.1.0.0.0.0.0.1.0	000000410	00000G8	3.0	#99ccff		
2023.TE.21969.1.1	1.1.1.1.1.1.1.1.1.1.1.1.1.1.1.1.1.1.1.1.1.1.1.1.1.2.1.1.2	0.0.0.0.0.0.0.0.0.0.0.0.0.0.0.0.0.0.0.0.0.0.0.0.0.1.0.0.1	00000048	00000I	4.0	#99ccff		
n218	1.1.1.1.1.1.1.1.1.1.1.1.1.1.1.1.1.1.1.1.1.1.1.1.1.2.1.2	0.0.0.0.0.0.0.0.0.0.0.0.0.0.0.0.0.0.0.0.0.0.0.0.0.1.0.1	0000005	00000K	3.0	#99ccff		
n219	1.1.1.1.1.1.1.1.1.1.1.1.1.1.1.1.1.1.1.1.1.1.1.1.1.2.1.2.1	0.0.0.0.0.0.0.0.0.0.0.0.0.0.0.0.0.0.0.0.0.0.0.0.0.1.0.1.0	00000050	00000K	2.0	#99ccff		
2025.TE.11468.1.1	1.1.1.1.1.1.1.1.1.1.1.1.1.1.1.1.1.1.1.1.1.1.1.1.1.2.1.2.1.1	0.0.0.0.0.0.0.0.0.0.0.0.0.0.0.0.0.0.0.0.0.0.0.0.0.1.0.1.0.0	00000050	00000K	3.0	#99ccff		
2025.TE.11446.1.1	1.1.1.1.1.1.1.1.1.1.1.1.1.1.1.1.1.1.1.1.1.1.1.1.1.2.1.2.1.2	0.0.0.0.0.0.0.0.0.0.0.0.0.0.0.0.0.0.0.0.0.0.0.0.0.1.0.1.0.1	00000054	00000L	5.0	#99ccff		
2025.TE.11456.1.1	1.1.1.1.1.1.1.1.1.1.1.1.1.1.1.1.1.1.1.1.1.1.1.1.1.2.1.2.2	0.0.0.0.0.0.0.0.0.0.0.0.0.0.0.0.0.0.0.0.0.0.0.0.0.1.0.1.1	00000058	00000M	4.0	#99ccff		
2023.TE.20709.2.15	1.1.1.1.1.1.1.1.1.1.1.1.1.1.1.1.1.1.1.1.1.1.1.1.1.2.1.2.3	0.0.0.0.0.0.0.0.0.0.0.0.0.0.0.0.0.0.0.0.0.0.0.0.0.1.0.1.0.0.1.0	00000052	00000KG	5.0	#99ccff		
2023.TE.19667.2.6	1.1.1.1.1.1.1.1.1.1.1.1.1.1.1.1.1.1.1.1.1.1.1.1.1.2.1.2.4	0.0.0.0.0.0.0.0.0.0.0.0.0.0.0.0.0.0.0.0.0.0.0.0.0.1.0.1.0.0.1.1	00000053	00000KO	3.0	#99ccff		
2023.TE.19667.2.8	1.1.1.1.1.1.1.1.1.1.1.1.1.1.1.1.1.1.1.1.1.1.1.1.1.2.1.2.5	0.0.0.0.0.0.0.0.0.0.0.0.0.0.0.0.0.0.0.0.0.0.0.0.0.1.0.1.0.1.0.0	00000054	00000L0	1.0	#99ccff		
n226	1.1.1.1.1.1.1.1.1.1.1.1.1.1.1.1.1.1.1.1.1.1.1.1.1.2.1.3	0.0.0.0.0.0.0.0.0.0.0.0.0.0.0.0.0.0.0.0.0.0.0.0.0.1.0.0.0.1.0	00000044	00000H0	1.0	#99ccff		
n227	1.1.1.1.1.1.1.1.1.1.1.1.1.1.1.1.1.1.1.1.1.1.1.1.1.2.1.3.1	0.0.0.0.0.0.0.0.0.0.0.0.0.0.0.0.0.0.0.0.0.0.0.0.0.1.0.0.0.1.0.0	00000044	00000H0	1.0	#99ccff		
2023.TE.13830.2.6	1.1.1.1.1.1.1.1.1.1.1.1.1.1.1.1.1.1.1.1.1.1.1.1.1.2.1.3.1.1	0.0.0.0.0.0.0.0.0.0.0.0.0.0.0.0.0.0.0.0.0.0.0.0.0.1.0.0.0.1.0.0.0	000000440	00000H0	6.0	#99ccff		
2022.TE.44233.2.11	1.1.1.1.1.1.1.1.1.1.1.1.1.1.1.1.1.1.1.1.1.1.1.1.1.2.1.3.1.2	0.0.0.0.0.0.0.0.0.0.0.0.0.0.0.0.0.0.0.0.0.0.0.0.0.1.0.0.0.1.0.0.1	000000448	00000H4	5.0	#99ccff		
n230	1.1.1.1.1.1.1.1.1.1.1.1.1.1.1.1.1.1.1.1.1.1.1.1.1.2.1.3.2	0.0.0.0.0.0.0.0.0.0.0.0.0.0.0.0.0.0.0.0.0.0.0.0.0.1.0.0.0.1.0.1	00000045	00000H8	4.0	#99ccff		
2023.TE.23004.1.1	1.1.1.1.1.1.1.1.1.1.1.1.1.1.1.1.1.1.1.1.1.1.1.1.1.2.1.3.2.1	0.0.0.0.0.0.0.0.0.0.0.0.0.0.0.0.0.0.0.0.0.0.0.0.0.1.0.0.0.1.0.1.0	000000450	00000H8	4.0	#99ccff		
2023.TE.20709.2.2	1.1.1.1.1.1.1.1.1.1.1.1.1.1.1.1.1.1.1.1.1.1.1.1.1.2.1.3.2.2	0.0.0.0.0.0.0.0.0.0.0.0.0.0.0.0.0.0.0.0.0.0.0.0.0.1.0.0.0.1.0.1.1	000000458	00000HC	3.0	#99ccff		
2023.TE.13830.2.8	1.1.1.1.1.1.1.1.1.1.1.1.1.1.1.1.1.1.1.1.1.1.1.1.1.2.1.3.3	0.0.0.0.0.0.0.0.0.0.0.0.0.0.0.0.0.0.0.0.0.0.0.0.0.1.0.0.0.1.0.0.0.1.0	000000444	00000H2	3.0	#99ccff		
n234	1.1.1.1.1.1.1.1.1.1.1.1.1.1.1.1.1.1.1.1.1.1.1.1.1.2.1.4	0.0.0.0.0.0.0.0.0.0.0.0.0.0.0.0.0.0.0.0.0.0.0.0.0.1.0.0.0.1.1	00000046	00000HG	1.0	#99ccff		
2022.TE.41400.2.1	1.1.1.1.1.1.1.1.1.1.1.1.1.1.1.1.1.1.1.1.1.1.1.1.1.2.1.4.1	0.0.0.0.0.0.0.0.0.0.0.0.0.0.0.0.0.0.0.0.0.0.0.0.0.1.0.0.0.1.1.0	00000046	00000HG	5.0	#99ccff		
2023.TE.13830.2.9	1.1.1.1.1.1.1.1.1.1.1.1.1.1.1.1.1.1.1.1.1.1.1.1.1.2.1.4.2	0.0.0.0.0.0.0.0.0.0.0.0.0.0.0.0.0.0.0.0.0.0.0.0.0.1.0.0.0.1.1.1	00000047	00000HO	3.0	#99ccff		
2025.TE.2185.1.1	1.1.1.1.1.1.1.1.1.1.1.1.1.1.1.1.1.1.1.1.1.1.1.1.1.2.1.5	0.0.0.0.0.0.0.0.0.0.0.0.0.0.0.0.0.0.0.0.0.0.0.0.0.1.0.0.1.0.0	00000048	00000I0	1.0	#99ccff		
n238	1.1.1.1.1.1.1.1.1.1.1.1.1.1.1.1.1.1.1.1.1.1.1.1.1.2.2	0.0.0.0.0.0.0.0.0.0.0.0.0.0.0.0.0.0.0.0.0.0.0.0.0.1.1	0000006	00000O	2.0	#99ccff	{7,137.0,#ccffcc}	
n239	1.1.1.1.1.1.1.1.1.1.1.1.1.1.1.1.1.1.1.1.1.1.1.1.1.2.2.1	0.0.0.0.0.0.0.0.0.0.0.0.0.0.0.0.0.0.0.0.0.0.0.0.0.1.1.0	0000006	00000O	3.0	#99ccff		
n240	1.1.1.1.1.1.1.1.1.1.1.1.1.1.1.1.1.1.1.1.1.1.1.1.1.2.2.1.1	0.0.0.0.0.0.0.0.0.0.0.0.0.0.0.0.0.0.0.0.0.0.0.0.0.1.1.0.0	00000060	00000O	2.0	#99ccff		
n241	1.1.1.1.1.1.1.1.1.1.1.1.1.1.1.1.1.1.1.1.1.1.1.1.1.2.2.1.1.1	0.0.0.0.0.0.0.0.0.0.0.0.0.0.0.0.0.0.0.0.0.0.0.0.0.1.1.0.0.0	00000060	00000O	2.0	#99ccff		
n242	1.1.1.1.1.1.1.1.1.1.1.1.1.1.1.1.1.1.1.1.1.1.1.1.1.2.2.1.1.1.1	0.0.0.0.0.0.0.0.0.0.0.0.0.0.0.0.0.0.0.0.0.0.0.0.0.1.1.0.0.0.0	00000060	00000O0	1.0	#99ccff		
n243	1.1.1.1.1.1.1.1.1.1.1.1.1.1.1.1.1.1.1.1.1.1.1.1.1.2.2.1.1.1.1.1	0.0.0.0.0.0.0.0.0.0.0.0.0.0.0.0.0.0.0.0.0.0.0.0.0.1.1.0.0.0.0.0	00000060	00000O0	2.0	#99ccff		
2021.TE.307128.2.2	1.1.1.1.1.1.1.1.1.1.1.1.1.1.1.1.1.1.1.1.1.1.1.1.1.2.2.1.1.1.1.1.1	0.0.0.0.0.0.0.0.0.0.0.0.0.0.0.0.0.0.0.0.0.0.0.0.0.1.1.0.0.0.0.0.0	000000600	00000O0	5.0	#99ccff		
2021.TE.306984.2.3	1.1.1.1.1.1.1.1.1.1.1.1.1.1.1.1.1.1.1.1.1.1.1.1.1.2.2.1.1.1.1.1.2	0.0.0.0.0.0.0.0.0.0.0.0.0.0.0.0.0.0.0.0.0.0.0.0.0.1.1.0.0.0.0.0.1	000000608	00000O4	3.0	#99ccff		
2022.TE.26479.1.3	1.1.1.1.1.1.1.1.1.1.1.1.1.1.1.1.1.1.1.1.1.1.1.1.1.2.2.1.1.1.1.2	0.0.0.0.0.0.0.0.0.0.0.0.0.0.0.0.0.0.0.0.0.0.0.0.0.1.1.0.0.0.0.1	00000061	00000O8	2.0	#99ccff		
2022.TE.26479.1.4	1.1.1.1.1.1.1.1.1.1.1.1.1.1.1.1.1.1.1.1.1.1.1.1.1.2.2.1.1.1.2	0.0.0.0.0.0.0.0.0.0.0.0.0.0.0.0.0.0.0.0.0.0.0.0.0.1.1.0.0.0.1	00000062	00000OG	10.0	#99ccff		
2022.TE.26479.1.7	1.1.1.1.1.1.1.1.1.1.1.1.1.1.1.1.1.1.1.1.1.1.1.1.1.2.2.1.1.2	0.0.0.0.0.0.0.0.0.0.0.0.0.0.0.0.0.0.0.0.0.0.0.0.0.1.1.0.0.1	00000064	00000P	6.0	#99ccff		
2022.TE.26479.1.10	1.1.1.1.1.1.1.1.1.1.1.1.1.1.1.1.1.1.1.1.1.1.1.1.1.2.2.1.2	0.0.0.0.0.0.0.0.0.0.0.0.0.0.0.0.0.0.0.0.0.0.0.0.0.1.1.0.1	00000068	00000Q	6.0	#99ccff		
2022.TE.26479.1.11	1.1.1.1.1.1.1.1.1.1.1.1.1.1.1.1.1.1.1.1.1.1.1.1.1.2.2.2	0.0.0.0.0.0.0.0.0.0.0.0.0.0.0.0.0.0.0.0.0.0.0.0.0.1.1.1	0000007	00000S	58.0	#99ccff		
n251	1.1.1.1.1.1.1.1.1.1.1.1.1.1.1.1.1.1.1.1.1.1.1.1.1.3	0.0.0.0.0.0.0.0.0.0.0.0.0.0.0.0.0.0.0.0.0.0.0.0.0.0.0.1.0	00000010	000004	14.0	#99ccff		
n252	1.1.1.1.1.1.1.1.1.1.1.1.1.1.1.1.1.1.1.1.1.1.1.1.1.3.1	0.0.0.0.0.0.0.0.0.0.0.0.0.0.0.0.0.0.0.0.0.0.0.0.0.0.0.1.0.0	00000010	000004	1.0	#99ccff		
n253	1.1.1.1.1.1.1.1.1.1.1.1.1.1.1.1.1.1.1.1.1.1.1.1.1.3.1.1	0.0.0.0.0.0.0.0.0.0.0.0.0.0.0.0.0.0.0.0.0.0.0.0.0.0.0.1.0.0.0	00000010	0000040	4.0	#99ccff		
PX632940.1	1.1.1.1.1.1.1.1.1.1.1.1.1.1.1.1.1.1.1.1.1.1.1.1.1.3.1.1.1	0.0.0.0.0.0.0.0.0.0.0.0.0.0.0.0.0.0.0.0.0.0.0.0.0.0.0.1.0.0.0.0	00000010	0000040	9.0	#99ccff		
2025.TE.2175.1.1	1.1.1.1.1.1.1.1.1.1.1.1.1.1.1.1.1.1.1.1.1.1.1.1.1.3.1.1.2	0.0.0.0.0.0.0.0.0.0.0.0.0.0.0.0.0.0.0.0.0.0.0.0.0.0.0.1.0.0.0.1	00000011	0000048	2.0	#99ccff		
2025.TE.2919.1.1	1.1.1.1.1.1.1.1.1.1.1.1.1.1.1.1.1.1.1.1.1.1.1.1.1.3.1.1.3	0.0.0.0.0.0.0.0.0.0.0.0.0.0.0.0.0.0.0.0.0.0.0.0.0.0.0.1.0.0.0.0.0.1.0	000000104	0000042	0.0	#99ccff		
2023.TE.23010.1.1	1.1.1.1.1.1.1.1.1.1.1.1.1.1.1.1.1.1.1.1.1.1.1.1.1.3.1.2	0.0.0.0.0.0.0.0.0.0.0.0.0.0.0.0.0.0.0.0.0.0.0.0.0.0.0.1.0.0.1	00000012	000004G	3.0	#99ccff		
n258	1.1.1.1.1.1.1.1.1.1.1.1.1.1.1.1.1.1.1.1.1.1.1.1.1.3.2	0.0.0.0.0.0.0.0.0.0.0.0.0.0.0.0.0.0.0.0.0.0.0.0.0.0.0.1.0.1	00000014	000005	4.0	#99ccff		
2023.TE.19667.2.3	1.1.1.1.1.1.1.1.1.1.1.1.1.1.1.1.1.1.1.1.1.1.1.1.1.3.2.1	0.0.0.0.0.0.0.0.0.0.0.0.0.0.0.0.0.0.0.0.0.0.0.0.0.0.0.1.0.1.0	00000014	0000050	0.0	#99ccff		
PX632915.1	1.1.1.1.1.1.1.1.1.1.1.1.1.1.1.1.1.1.1.1.1.1.1.1.1.3.2.2	0.0.0.0.0.0.0.0.0.0.0.0.0.0.0.0.0.0.0.0.0.0.0.0.0.0.0.1.0.1.1	00000016	000005G	6.0	#99ccff		
2020.TE.143028.1.3	1.1.1.1.1.1.1.1.1.1.1.1.1.1.1.1.1.1.1.1.1.1.1.1.1.4	0.0.0.0.0.0.0.0.0.0.0.0.0.0.0.0.0.0.0.0.0.0.0.0.0.0.0.1.1	00000018	000006	5.0	#99ccff		
2021.TE.186689.2.7	1.1.1.1.1.1.1.1.1.1.1.1.1.1.1.1.1.1.1.1.1.1.1.1.1.5	0.0.0.0.0.0.0.0.0.0.0.0.0.0.0.0.0.0.0.0.0.0.0.0.0.0.1.0.0	00000020	000008	1.0	#99ccff		
n263	1.1.1.1.1.1.1.1.1.1.1.1.1.1.1.1.1.1.1.1.1.1.1.1.2	0.0.0.0.0.0.0.0.0.0.0.0.0.0.0.0.0.0.0.0.0.0.0.0.1	0000008	00001	11.0	#99ccff	{38,143.0,#ffff99}	
n264	1.1.1.1.1.1.1.1.1.1.1.1.1.1.1.1.1.1.1.1.1.1.1.1.2.1	0.0.0.0.0.0.0.0.0.0.0.0.0.0.0.0.0.0.0.0.0.0.0.0.1.0	0000008	000010	2.0	#99ccff		
n265	1.1.1.1.1.1.1.1.1.1.1.1.1.1.1.1.1.1.1.1.1.1.1.1.2.1.1	0.0.0.0.0.0.0.0.0.0.0.0.0.0.0.0.0.0.0.0.0.0.0.0.1.0.0	0000008	000010	5.0	#99ccff		
n266	1.1.1.1.1.1.1.1.1.1.1.1.1.1.1.1.1.1.1.1.1.1.1.1.2.1.1.1	0.0.0.0.0.0.0.0.0.0.0.0.0.0.0.0.0.0.0.0.0.0.0.0.1.0.0.0	0000008	000010	1.0	#99ccff		
n267	1.1.1.1.1.1.1.1.1.1.1.1.1.1.1.1.1.1.1.1.1.1.1.1.2.1.1.1.1	0.0.0.0.0.0.0.0.0.0.0.0.0.0.0.0.0.0.0.0.0.0.0.0.1.0.0.0.0	00000080	000010	1.0	#99ccff		
2026.TE.3575.1.1	1.1.1.1.1.1.1.1.1.1.1.1.1.1.1.1.1.1.1.1.1.1.1.1.2.1.1.1.1.1	0.0.0.0.0.0.0.0.0.0.0.0.0.0.0.0.0.0.0.0.0.0.0.0.1.0.0.0.0.0	00000080	000010	1.0	#99ccff		
2026.TE.3501.1.1	1.1.1.1.1.1.1.1.1.1.1.1.1.1.1.1.1.1.1.1.1.1.1.1.2.1.1.1.1.2	0.0.0.0.0.0.0.0.0.0.0.0.0.0.0.0.0.0.0.0.0.0.0.0.1.0.0.0.0.1	00000084	000011	6.0	#99ccff		
2026.TE.3524.1.1	1.1.1.1.1.1.1.1.1.1.1.1.1.1.1.1.1.1.1.1.1.1.1.1.2.1.1.1.2	0.0.0.0.0.0.0.0.0.0.0.0.0.0.0.0.0.0.0.0.0.0.0.0.1.0.0.0.1	00000088	000012	1.0	#99ccff		
2026.TE.3514.1.1	1.1.1.1.1.1.1.1.1.1.1.1.1.1.1.1.1.1.1.1.1.1.1.1.2.1.1.1.3	0.0.0.0.0.0.0.0.0.0.0.0.0.0.0.0.0.0.0.0.0.0.0.0.1.0.0.0.0.0.1.0	00000082	000010G	1.0	#99ccff		
2026.TE.3493.1.1	1.1.1.1.1.1.1.1.1.1.1.1.1.1.1.1.1.1.1.1.1.1.1.1.2.1.1.1.4	0.0.0.0.0.0.0.0.0.0.0.0.0.0.0.0.0.0.0.0.0.0.0.0.1.0.0.0.0.0.1.1	00000083	000010O	1.0	#99ccff		
2026.TE.3576.1.1	1.1.1.1.1.1.1.1.1.1.1.1.1.1.1.1.1.1.1.1.1.1.1.1.2.1.1.1.5	0.0.0.0.0.0.0.0.0.0.0.0.0.0.0.0.0.0.0.0.0.0.0.0.1.0.0.0.0.1.0.0	00000084	0000110	3.0	#99ccff		
2026.TE.3505.1.1	1.1.1.1.1.1.1.1.1.1.1.1.1.1.1.1.1.1.1.1.1.1.1.1.2.1.1.1.6	0.0.0.0.0.0.0.0.0.0.0.0.0.0.0.0.0.0.0.0.0.0.0.0.1.0.0.0.0.1.0.1	00000085	0000118	4.0	#99ccff		
2026.TE.3513.1.1	1.1.1.1.1.1.1.1.1.1.1.1.1.1.1.1.1.1.1.1.1.1.1.1.2.1.1.1.7	0.0.0.0.0.0.0.0.0.0.0.0.0.0.0.0.0.0.0.0.0.0.0.0.1.0.0.0.0.1.1.0	00000086	000011G	3.0	#99ccff		
2026.TE.3496.1.1	1.1.1.1.1.1.1.1.1.1.1.1.1.1.1.1.1.1.1.1.1.1.1.1.2.1.1.1.8	0.0.0.0.0.0.0.0.0.0.0.0.0.0.0.0.0.0.0.0.0.0.0.0.1.0.0.0.0.1.1.1	00000087	000011O	2.0	#99ccff		
2026.TE.3563.1.1	1.1.1.1.1.1.1.1.1.1.1.1.1.1.1.1.1.1.1.1.1.1.1.1.2.1.1.1.9	0.0.0.0.0.0.0.0.0.0.0.0.0.0.0.0.0.0.0.0.0.0.0.0.1.0.0.0.1.0.0.0	00000088	0000120	10.0	#99ccff		
n278	1.1.1.1.1.1.1.1.1.1.1.1.1.1.1.1.1.1.1.1.1.1.1.1.2.1.1.2	0.0.0.0.0.0.0.0.0.0.0.0.0.0.0.0.0.0.0.0.0.0.0.0.1.0.0.1	0000009	000014	3.0	#99ccff		
n279	1.1.1.1.1.1.1.1.1.1.1.1.1.1.1.1.1.1.1.1.1.1.1.1.2.1.1.2.1	0.0.0.0.0.0.0.0.0.0.0.0.0.0.0.0.0.0.0.0.0.0.0.0.1.0.0.1.0	00000090	000014	1.0	#99ccff		
n280	1.1.1.1.1.1.1.1.1.1.1.1.1.1.1.1.1.1.1.1.1.1.1.1.2.1.1.2.1.1	0.0.0.0.0.0.0.0.0.0.0.0.0.0.0.0.0.0.0.0.0.0.0.0.1.0.0.1.0.0	00000090	000014	1.0	#99ccff		
n281	1.1.1.1.1.1.1.1.1.1.1.1.1.1.1.1.1.1.1.1.1.1.1.1.2.1.1.2.1.1.1	0.0.0.0.0.0.0.0.0.0.0.0.0.0.0.0.0.0.0.0.0.0.0.0.1.0.0.1.0.0.0	00000090	0000140	36.0	#99ccff		
2026.TE.3520.1.1	1.1.1.1.1.1.1.1.1.1.1.1.1.1.1.1.1.1.1.1.1.1.1.1.2.1.1.2.1.1.1.1	0.0.0.0.0.0.0.0.0.0.0.0.0.0.0.0.0.0.0.0.0.0.0.0.1.0.0.1.0.0.0.0	00000090	0000140	2.0	#99ccff		
2026.TE.3507.1.1	1.1.1.1.1.1.1.1.1.1.1.1.1.1.1.1.1.1.1.1.1.1.1.1.2.1.1.2.1.1.1.2	0.0.0.0.0.0.0.0.0.0.0.0.0.0.0.0.0.0.0.0.0.0.0.0.1.0.0.1.0.0.0.1	00000091	0000148	1.0	#99ccff		
2026.TE.3512.1.1	1.1.1.1.1.1.1.1.1.1.1.1.1.1.1.1.1.1.1.1.1.1.1.1.2.1.1.2.1.1.2	0.0.0.0.0.0.0.0.0.0.0.0.0.0.0.0.0.0.0.0.0.0.0.0.1.0.0.1.0.0.1	00000092	000014G	17.0	#99ccff		
2026.TE.3497.1.1	1.1.1.1.1.1.1.1.1.1.1.1.1.1.1.1.1.1.1.1.1.1.1.1.2.1.1.2.1.2	0.0.0.0.0.0.0.0.0.0.0.0.0.0.0.0.0.0.0.0.0.0.0.0.1.0.0.1.0.1	00000094	000015	1.0	#99ccff		
2026.TE.3511.1.1	1.1.1.1.1.1.1.1.1.1.1.1.1.1.1.1.1.1.1.1.1.1.1.1.2.1.1.2.2	0.0.0.0.0.0.0.0.0.0.0.0.0.0.0.0.0.0.0.0.0.0.0.0.1.0.0.1.1	00000098	000016	3.0	#99ccff		
2026.TE.3585.1.1	1.1.1.1.1.1.1.1.1.1.1.1.1.1.1.1.1.1.1.1.1.1.1.1.2.1.1.3	0.0.0.0.0.0.0.0.0.0.0.0.0.0.0.0.0.0.0.0.0.0.0.0.1.0.0.0.0.1.0	00000084	0000110	6.0	#99ccff		
2025.TE.11523.1.1	1.1.1.1.1.1.1.1.1.1.1.1.1.1.1.1.1.1.1.1.1.1.1.1.2.1.1.4	0.0.0.0.0.0.0.0.0.0.0.0.0.0.0.0.0.0.0.0.0.0.0.0.1.0.0.0.0.1.1	00000086	000011G	2.0	#99ccff		
n289	1.1.1.1.1.1.1.1.1.1.1.1.1.1.1.1.1.1.1.1.1.1.1.1.2.1.2	0.0.0.0.0.0.0.0.0.0.0.0.0.0.0.0.0.0.0.0.0.0.0.0.1.0.1	000000A	000018	3.0	#99ccff		
n290	1.1.1.1.1.1.1.1.1.1.1.1.1.1.1.1.1.1.1.1.1.1.1.1.2.1.2.1	0.0.0.0.0.0.0.0.0.0.0.0.0.0.0.0.0.0.0.0.0.0.0.0.1.0.1.0	000000A	000018	1.0	#99ccff		
n291	1.1.1.1.1.1.1.1.1.1.1.1.1.1.1.1.1.1.1.1.1.1.1.1.2.1.2.1.1	0.0.0.0.0.0.0.0.0.0.0.0.0.0.0.0.0.0.0.0.0.0.0.0.1.0.1.0.0	000000A0	000018	1.0	#99ccff		
OZ261144.1	1.1.1.1.1.1.1.1.1.1.1.1.1.1.1.1.1.1.1.1.1.1.1.1.2.1.2.1.1.1	0.0.0.0.0.0.0.0.0.0.0.0.0.0.0.0.0.0.0.0.0.0.0.0.1.0.1.0.0.0	000000A0	000018	0.0	#99ccff		
OZ261148.1	1.1.1.1.1.1.1.1.1.1.1.1.1.1.1.1.1.1.1.1.1.1.1.1.2.1.2.1.1.2	0.0.0.0.0.0.0.0.0.0.0.0.0.0.0.0.0.0.0.0.0.0.0.0.1.0.1.0.0.1	000000A4	000019	0.0	#99ccff		
OZ261143.1	1.1.1.1.1.1.1.1.1.1.1.1.1.1.1.1.1.1.1.1.1.1.1.1.2.1.2.1.2	0.0.0.0.0.0.0.0.0.0.0.0.0.0.0.0.0.0.0.0.0.0.0.0.1.0.1.0.1	000000A8	00001A	0.0	#99ccff		
OZ261147.1	1.1.1.1.1.1.1.1.1.1.1.1.1.1.1.1.1.1.1.1.1.1.1.1.2.1.2.1.3	0.0.0.0.0.0.0.0.0.0.0.0.0.0.0.0.0.0.0.0.0.0.0.0.1.0.1.0.0.0.1.0	000000A2	000018G	0.0	#99ccff		
PV054418.1	1.1.1.1.1.1.1.1.1.1.1.1.1.1.1.1.1.1.1.1.1.1.1.1.2.1.2.1.4	0.0.0.0.0.0.0.0.0.0.0.0.0.0.0.0.0.0.0.0.0.0.0.0.1.0.1.0.0.0.1.1	000000A3	000018O	5.0	#99ccff		
OZ372090.1	1.1.1.1.1.1.1.1.1.1.1.1.1.1.1.1.1.1.1.1.1.1.1.1.2.1.2.1.5	0.0.0.0.0.0.0.0.0.0.0.0.0.0.0.0.0.0.0.0.0.0.0.0.1.0.1.0.0.1.0.0	000000A4	0000190	7.0	#99ccff		
n298	1.1.1.1.1.1.1.1.1.1.1.1.1.1.1.1.1.1.1.1.1.1.1.1.2.1.2.2	0.0.0.0.0.0.0.0.0.0.0.0.0.0.0.0.0.0.0.0.0.0.0.0.1.0.1.1	000000B	00001C	12.0	#99ccff		
OZ313201.1	1.1.1.1.1.1.1.1.1.1.1.1.1.1.1.1.1.1.1.1.1.1.1.1.2.1.2.2.1	0.0.0.0.0.0.0.0.0.0.0.0.0.0.0.0.0.0.0.0.0.0.0.0.1.0.1.1.0	000000B0	00001C	0.0	#99ccff		
OZ313260.1	1.1.1.1.1.1.1.1.1.1.1.1.1.1.1.1.1.1.1.1.1.1.1.1.2.1.2.2.2	0.0.0.0.0.0.0.0.0.0.0.0.0.0.0.0.0.0.0.0.0.0.0.0.1.0.1.1.1	000000B8	00001E	0.0	#99ccff		
n301	1.1.1.1.1.1.1.1.1.1.1.1.1.1.1.1.1.1.1.1.1.1.1.1.2.1.3	0.0.0.0.0.0.0.0.0.0.0.0.0.0.0.0.0.0.0.0.0.0.0.0.1.0.0.0.1.0	00000088	000012	4.0	#99ccff		
n302	1.1.1.1.1.1.1.1.1.1.1.1.1.1.1.1.1.1.1.1.1.1.1.1.2.1.3.1	0.0.0.0.0.0.0.0.0.0.0.0.0.0.0.0.0.0.0.0.0.0.0.0.1.0.0.0.1.0.0	00000088	0000120	4.0	#99ccff		
n303	1.1.1.1.1.1.1.1.1.1.1.1.1.1.1.1.1.1.1.1.1.1.1.1.2.1.3.1.1	0.0.0.0.0.0.0.0.0.0.0.0.0.0.0.0.0.0.0.0.0.0.0.0.1.0.0.0.1.0.0.0	00000088	0000120	1.0	#99ccff		
PX632958.1	1.1.1.1.1.1.1.1.1.1.1.1.1.1.1.1.1.1.1.1.1.1.1.1.2.1.3.1.1.1	0.0.0.0.0.0.0.0.0.0.0.0.0.0.0.0.0.0.0.0.0.0.0.0.1.0.0.0.1.0.0.0.0	000000880	0000120	9.0	#99ccff		
PX632951.1	1.1.1.1.1.1.1.1.1.1.1.1.1.1.1.1.1.1.1.1.1.1.1.1.2.1.3.1.1.2	0.0.0.0.0.0.0.0.0.0.0.0.0.0.0.0.0.0.0.0.0.0.0.0.1.0.0.0.1.0.0.0.1	000000888	0000124	1.0	#99ccff		
PX632948.1	1.1.1.1.1.1.1.1.1.1.1.1.1.1.1.1.1.1.1.1.1.1.1.1.2.1.3.1.1.3	0.0.0.0.0.0.0.0.0.0.0.0.0.0.0.0.0.0.0.0.0.0.0.0.1.0.0.0.1.0.0.0.0.0.1.0	000000882	00001210	13.0	#99ccff		
2025.TE.11457.1.1	1.1.1.1.1.1.1.1.1.1.1.1.1.1.1.1.1.1.1.1.1.1.1.1.2.1.3.1.2	0.0.0.0.0.0.0.0.0.0.0.0.0.0.0.0.0.0.0.0.0.0.0.0.1.0.0.0.1.0.0.1	00000089	0000128	2.0	#99ccff		
2023.TE.23018.1.1	1.1.1.1.1.1.1.1.1.1.1.1.1.1.1.1.1.1.1.1.1.1.1.1.2.1.3.2	0.0.0.0.0.0.0.0.0.0.0.0.0.0.0.0.0.0.0.0.0.0.0.0.1.0.0.0.1.0.1	0000008A	000012G	2.0	#99ccff		
n309	1.1.1.1.1.1.1.1.1.1.1.1.1.1.1.1.1.1.1.1.1.1.1.1.2.1.4	0.0.0.0.0.0.0.0.0.0.0.0.0.0.0.0.0.0.0.0.0.0.0.0.1.0.0.0.1.1	0000008C	000013	8.0	#99ccff		
2026.TE.3521.1.1	1.1.1.1.1.1.1.1.1.1.1.1.1.1.1.1.1.1.1.1.1.1.1.1.2.1.4.1	0.0.0.0.0.0.0.0.0.0.0.0.0.0.0.0.0.0.0.0.0.0.0.0.1.0.0.0.1.1.0	0000008C	0000130	3.0	#99ccff		
2026.TE.3492.1.1	1.1.1.1.1.1.1.1.1.1.1.1.1.1.1.1.1.1.1.1.1.1.1.1.2.1.4.2	0.0.0.0.0.0.0.0.0.0.0.0.0.0.0.0.0.0.0.0.0.0.0.0.1.0.0.0.1.1.1	0000008E	000013G	4.0	#99ccff		
2026.TE.3569.1.1	1.1.1.1.1.1.1.1.1.1.1.1.1.1.1.1.1.1.1.1.1.1.1.1.2.1.4.3	0.0.0.0.0.0.0.0.0.0.0.0.0.0.0.0.0.0.0.0.0.0.0.0.1.0.0.0.1.1.0.0.1.0	0000008C8	0000134	2.0	#99ccff		
2026.TE.3506.1.1	1.1.1.1.1.1.1.1.1.1.1.1.1.1.1.1.1.1.1.1.1.1.1.1.2.1.4.4	0.0.0.0.0.0.0.0.0.0.0.0.0.0.0.0.0.0.0.0.0.0.0.0.1.0.0.0.1.1.0.0.1.1	0000008CC	0000136	2.0	#99ccff		
n314	1.1.1.1.1.1.1.1.1.1.1.1.1.1.1.1.1.1.1.1.1.1.1.1.2.1.5	0.0.0.0.0.0.0.0.0.0.0.0.0.0.0.0.0.0.0.0.0.0.0.0.1.0.0.1.0.0	00000090	000014	2.0	#99ccff		
PX632895.1	1.1.1.1.1.1.1.1.1.1.1.1.1.1.1.1.1.1.1.1.1.1.1.1.2.1.5.1	0.0.0.0.0.0.0.0.0.0.0.0.0.0.0.0.0.0.0.0.0.0.0.0.1.0.0.1.0.0.0	00000090	0000140	9.0	#99ccff		
PX632897.1	1.1.1.1.1.1.1.1.1.1.1.1.1.1.1.1.1.1.1.1.1.1.1.1.2.1.5.2	0.0.0.0.0.0.0.0.0.0.0.0.0.0.0.0.0.0.0.0.0.0.0.0.1.0.0.1.0.0.1	00000092	000014G	16.0	#99ccff		
PX632950.1	1.1.1.1.1.1.1.1.1.1.1.1.1.1.1.1.1.1.1.1.1.1.1.1.2.1.6	0.0.0.0.0.0.0.0.0.0.0.0.0.0.0.0.0.0.0.0.0.0.0.0.1.0.0.1.0.1	00000094	000015	14.0	#99ccff		
2022.TE.36289.1.3	1.1.1.1.1.1.1.1.1.1.1.1.1.1.1.1.1.1.1.1.1.1.1.1.2.2	0.0.0.0.0.0.0.0.0.0.0.0.0.0.0.0.0.0.0.0.0.0.0.0.1.1	000000C	00001G	4.0	#99ccff		
n319	1.1.1.1.1.1.1.1.1.1.1.1.1.1.1.1.1.1.1.1.1.1.1.2	0.0.0.0.0.0.0.0.0.0.0.0.0.0.0.0.0.0.0.0.0.0.0.1	000001	00002	2.0	#99ccff		
n320	1.1.1.1.1.1.1.1.1.1.1.1.1.1.1.1.1.1.1.1.1.1.1.2.1	0.0.0.0.0.0.0.0.0.0.0.0.0.0.0.0.0.0.0.0.0.0.0.1.0	0000010	00002	7.0	#99ccff		
n321	1.1.1.1.1.1.1.1.1.1.1.1.1.1.1.1.1.1.1.1.1.1.1.2.1.1	0.0.0.0.0.0.0.0.0.0.0.0.0.0.0.0.0.0.0.0.0.0.0.1.0.0	0000010	000020	7.0	#99ccff		
n322	1.1.1.1.1.1.1.1.1.1.1.1.1.1.1.1.1.1.1.1.1.1.1.2.1.1.1	0.0.0.0.0.0.0.0.0.0.0.0.0.0.0.0.0.0.0.0.0.0.0.1.0.0.0	0000010	000020	2.0	#99ccff		
n323	1.1.1.1.1.1.1.1.1.1.1.1.1.1.1.1.1.1.1.1.1.1.1.2.1.1.1.1	0.0.0.0.0.0.0.0.0.0.0.0.0.0.0.0.0.0.0.0.0.0.0.1.0.0.0.0	0000010	000020	5.0	#99ccff		
2021.TE.306984.2.2	1.1.1.1.1.1.1.1.1.1.1.1.1.1.1.1.1.1.1.1.1.1.1.2.1.1.1.1.1	0.0.0.0.0.0.0.0.0.0.0.0.0.0.0.0.0.0.0.0.0.0.0.1.0.0.0.0.0	00000100	000020	1.0	#99ccff		
2022.TE.26479.1.5	1.1.1.1.1.1.1.1.1.1.1.1.1.1.1.1.1.1.1.1.1.1.1.2.1.1.1.1.2	0.0.0.0.0.0.0.0.0.0.0.0.0.0.0.0.0.0.0.0.0.0.0.1.0.0.0.0.1	00000108	000022	7.0	#99ccff		
2022.TE.26479.1.6	1.1.1.1.1.1.1.1.1.1.1.1.1.1.1.1.1.1.1.1.1.1.1.2.1.1.1.2	0.0.0.0.0.0.0.0.0.0.0.0.0.0.0.0.0.0.0.0.0.0.0.1.0.0.0.1	0000011	000024	8.0	#99ccff		
2021.TE.301371.2.3	1.1.1.1.1.1.1.1.1.1.1.1.1.1.1.1.1.1.1.1.1.1.1.2.1.1.2	0.0.0.0.0.0.0.0.0.0.0.0.0.0.0.0.0.0.0.0.0.0.0.1.0.0.1	0000012	000028	1.0	#99ccff		
2022.TE.39415.1.2	1.1.1.1.1.1.1.1.1.1.1.1.1.1.1.1.1.1.1.1.1.1.1.2.1.1.3	0.0.0.0.0.0.0.0.0.0.0.0.0.0.0.0.0.0.0.0.0.0.0.1.0.0.0.0.1.0	00000108	000022	4.0	#99ccff		
2021.TE.104908.1.15	1.1.1.1.1.1.1.1.1.1.1.1.1.1.1.1.1.1.1.1.1.1.1.2.1.2	0.0.0.0.0.0.0.0.0.0.0.0.0.0.0.0.0.0.0.0.0.0.0.1.0.1	0000014	00002G	6.0	#99ccff		
n330	1.1.1.1.1.1.1.1.1.1.1.1.1.1.1.1.1.1.1.1.1.1.1.2.2	0.0.0.0.0.0.0.0.0.0.0.0.0.0.0.0.0.0.0.0.0.0.0.1.1	0000018	00003	5.0	#99ccff		
n331	1.1.1.1.1.1.1.1.1.1.1.1.1.1.1.1.1.1.1.1.1.1.1.2.2.1	0.0.0.0.0.0.0.0.0.0.0.0.0.0.0.0.0.0.0.0.0.0.0.1.1.0	0000018	000030	2.0	#99ccff		
2021.TE.292072.2.4	1.1.1.1.1.1.1.1.1.1.1.1.1.1.1.1.1.1.1.1.1.1.1.2.2.1.1	0.0.0.0.0.0.0.0.0.0.0.0.0.0.0.0.0.0.0.0.0.0.0.1.1.0.0	0000018	000030	7.0	#99ccff		
2019.TE.22821.1.4	1.1.1.1.1.1.1.1.1.1.1.1.1.1.1.1.1.1.1.1.1.1.1.2.2.1.2	0.0.0.0.0.0.0.0.0.0.0.0.0.0.0.0.0.0.0.0.0.0.0.1.1.0.1	000001A	000038	0.0	#99ccff		
2019.TE.20621.1.2	1.1.1.1.1.1.1.1.1.1.1.1.1.1.1.1.1.1.1.1.1.1.1.2.2.2	0.0.0.0.0.0.0.0.0.0.0.0.0.0.0.0.0.0.0.0.0.0.0.1.1.1	000001C	00003G	3.0	#99ccff		
2019.TE.17204.1.11	1.1.1.1.1.1.1.1.1.1.1.1.1.1.1.1.1.1.1.1.1.1.1.2.3	0.0.0.0.0.0.0.0.0.0.0.0.0.0.0.0.0.0.0.0.0.0.0.1.0.0.1.0	0000012	000028	5.0	#99ccff		
n336	1.1.1.1.1.1.1.1.1.1.1.1.1.1.1.1.1.1.1.1.1.1.1.3	0.0.0.0.0.0.0.0.0.0.0.0.0.0.0.0.0.0.0.0.0.0.0.0.0.1.0	0000004	00000G	2.0	#99ccff		
n337	1.1.1.1.1.1.1.1.1.1.1.1.1.1.1.1.1.1.1.1.1.1.1.3.1	0.0.0.0.0.0.0.0.0.0.0.0.0.0.0.0.0.0.0.0.0.0.0.0.0.1.0.0	0000004	00000G	1.0	#99ccff		
n338	1.1.1.1.1.1.1.1.1.1.1.1.1.1.1.1.1.1.1.1.1.1.1.3.1.1	0.0.0.0.0.0.0.0.0.0.0.0.0.0.0.0.0.0.0.0.0.0.0.0.0.1.0.0.0	00000040	00000G	3.0	#99ccff		
PX632991.1	1.1.1.1.1.1.1.1.1.1.1.1.1.1.1.1.1.1.1.1.1.1.1.3.1.1.1	0.0.0.0.0.0.0.0.0.0.0.0.0.0.0.0.0.0.0.0.0.0.0.0.0.1.0.0.0.0	00000040	00000G	0.0	#99ccff		
PX632998.1	1.1.1.1.1.1.1.1.1.1.1.1.1.1.1.1.1.1.1.1.1.1.1.3.1.1.2	0.0.0.0.0.0.0.0.0.0.0.0.0.0.0.0.0.0.0.0.0.0.0.0.0.1.0.0.0.1	00000044	00000H	1.0	#99ccff		
2019.TE.2173.1.2	1.1.1.1.1.1.1.1.1.1.1.1.1.1.1.1.1.1.1.1.1.1.1.3.1.2	0.0.0.0.0.0.0.0.0.0.0.0.0.0.0.0.0.0.0.0.0.0.0.0.0.1.0.0.1	00000048	00000I	5.0	#99ccff		
2021.TE.104908.1.14	1.1.1.1.1.1.1.1.1.1.1.1.1.1.1.1.1.1.1.1.1.1.1.3.2	0.0.0.0.0.0.0.0.0.0.0.0.0.0.0.0.0.0.0.0.0.0.0.0.0.1.0.1	0000005	00000K	10.0	#99ccff		
n343	1.1.1.1.1.1.1.1.1.1.1.1.1.1.1.1.1.1.1.1.1.1.2	0.0.0.0.0.0.0.0.0.0.0.0.0.0.0.0.0.0.0.0.0.0.1	000002	00004	1.0	#99ccff		
n344	1.1.1.1.1.1.1.1.1.1.1.1.1.1.1.1.1.1.1.1.1.1.2.1	0.0.0.0.0.0.0.0.0.0.0.0.0.0.0.0.0.0.0.0.0.0.1.0	000002	00004	3.0	#99ccff		
PX632994.1	1.1.1.1.1.1.1.1.1.1.1.1.1.1.1.1.1.1.1.1.1.1.2.1.1	0.0.0.0.0.0.0.0.0.0.0.0.0.0.0.0.0.0.0.0.0.0.1.0.0	0000020	00004	24.0	#99ccff		
PX632990.1	1.1.1.1.1.1.1.1.1.1.1.1.1.1.1.1.1.1.1.1.1.1.2.1.2	0.0.0.0.0.0.0.0.0.0.0.0.0.0.0.0.0.0.0.0.0.0.1.0.1	0000028	00005	5.0	#99ccff		
PX632997.1	1.1.1.1.1.1.1.1.1.1.1.1.1.1.1.1.1.1.1.1.1.1.2.2	0.0.0.0.0.0.0.0.0.0.0.0.0.0.0.0.0.0.0.0.0.0.1.1	000003	00006	13.0	#99ccff		
n348	1.1.1.1.1.1.1.1.1.1.1.1.1.1.1.1.1.1.1.1.1.1.3	0.0.0.0.0.0.0.0.0.0.0.0.0.0.0.0.0.0.0.0.0.0.0.0.1.0	0000008	000010	3.0	#99ccff		
2017.TE.20527.1.4	1.1.1.1.1.1.1.1.1.1.1.1.1.1.1.1.1.1.1.1.1.1.3.1	0.0.0.0.0.0.0.0.0.0.0.0.0.0.0.0.0.0.0.0.0.0.0.0.1.0.0	0000008	000010	1.0	#99ccff		
PX633016.1	1.1.1.1.1.1.1.1.1.1.1.1.1.1.1.1.1.1.1.1.1.1.3.2	0.0.0.0.0.0.0.0.0.0.0.0.0.0.0.0.0.0.0.0.0.0.0.0.1.0.1	000000A	000018	2.0	#99ccff		
n351	1.1.1.1.1.1.1.1.1.1.1.1.1.1.1.1.1.1.1.1.1.2	0.0.0.0.0.0.0.0.0.0.0.0.0.0.0.0.0.0.0.0.0.1	000004	00008	1.0	#99ccff		
n352	1.1.1.1.1.1.1.1.1.1.1.1.1.1.1.1.1.1.1.1.1.2.1	0.0.0.0.0.0.0.0.0.0.0.0.0.0.0.0.0.0.0.0.0.1.0	000004	00008	2.0	#99ccff		
n353	1.1.1.1.1.1.1.1.1.1.1.1.1.1.1.1.1.1.1.1.1.2.1.1	0.0.0.0.0.0.0.0.0.0.0.0.0.0.0.0.0.0.0.0.0.1.0.0	000004	00008	3.0	#99ccff	{4,185.0,#f0f0f0}	
n354	1.1.1.1.1.1.1.1.1.1.1.1.1.1.1.1.1.1.1.1.1.2.1.1.1	0.0.0.0.0.0.0.0.0.0.0.0.0.0.0.0.0.0.0.0.0.1.0.0.0	0000040	00008	24.0	#99ccff		
OZ409269.1	1.1.1.1.1.1.1.1.1.1.1.1.1.1.1.1.1.1.1.1.1.2.1.1.1.1	0.0.0.0.0.0.0.0.0.0.0.0.0.0.0.0.0.0.0.0.0.1.0.0.0.0	0000040	000080	0.0	#99ccff		
OZ409287.1	1.1.1.1.1.1.1.1.1.1.1.1.1.1.1.1.1.1.1.1.1.2.1.1.1.2	0.0.0.0.0.0.0.0.0.0.0.0.0.0.0.0.0.0.0.0.0.1.0.0.0.1	0000044	00008G	2.0	#99ccff		
PV054409.1	1.1.1.1.1.1.1.1.1.1.1.1.1.1.1.1.1.1.1.1.1.2.1.1.2	0.0.0.0.0.0.0.0.0.0.0.0.0.0.0.0.0.0.0.0.0.1.0.0.1	0000048	00009	10.0	#99ccff		
OZ261140.1	1.1.1.1.1.1.1.1.1.1.1.1.1.1.1.1.1.1.1.1.1.2.1.1.3	0.0.0.0.0.0.0.0.0.0.0.0.0.0.0.0.0.0.0.0.0.1.0.0.0.0.1.0	0000042	000088	9.0	#99ccff		
MT863560.1	1.1.1.1.1.1.1.1.1.1.1.1.1.1.1.1.1.1.1.1.1.2.1.2	0.0.0.0.0.0.0.0.0.0.0.0.0.0.0.0.0.0.0.0.0.1.0.1	000005	0000A	5.0	#99ccff		
MT863561.1	1.1.1.1.1.1.1.1.1.1.1.1.1.1.1.1.1.1.1.1.1.2.1.3	0.0.0.0.0.0.0.0.0.0.0.0.0.0.0.0.0.0.0.0.0.1.0.0.0.1.0	0000044	00008G	10.0	#99ccff		
MW862078.1	1.1.1.1.1.1.1.1.1.1.1.1.1.1.1.1.1.1.1.1.1.2.2	0.0.0.0.0.0.0.0.0.0.0.0.0.0.0.0.0.0.0.0.0.1.1	000006	0000C	2.0	#99ccff		
n362	1.1.1.1.1.1.1.1.1.1.1.1.1.1.1.1.1.1.1.1.1.3	0.0.0.0.0.0.0.0.0.0.0.0.0.0.0.0.0.0.0.0.0.0.0.1.0	0000010	00002	3.0	#99ccff	{2,213.0,#f0f0f0}	
PX632999.1	1.1.1.1.1.1.1.1.1.1.1.1.1.1.1.1.1.1.1.1.1.3.1	0.0.0.0.0.0.0.0.0.0.0.0.0.0.0.0.0.0.0.0.0.0.0.1.0.0	0000010	000020	0.0	#99ccff		
MW862082.1	1.1.1.1.1.1.1.1.1.1.1.1.1.1.1.1.1.1.1.1.1.3.2	0.0.0.0.0.0.0.0.0.0.0.0.0.0.0.0.0.0.0.0.0.0.0.1.0.1	0000014	00002G	1.0	#99ccff		
PX633002.1	1.1.1.1.1.1.1.1.1.1.1.1.1.1.1.1.1.1.1.1.2	0.0.0.0.0.0.0.0.0.0.0.0.0.0.0.0.0.0.0.0.1	000008	0000G	4.0	#99ccff		
n366	1.1.1.1.1.1.1.1.1.1.1.1.1.1.1.1.1.1.1.2	0.0.0.0.0.0.0.0.0.0.0.0.0.0.0.0.0.0.0.1	00001	0001	13.0	#006666		
n367	1.1.1.1.1.1.1.1.1.1.1.1.1.1.1.1.1.1.1.2.1	0.0.0.0.0.0.0.0.0.0.0.0.0.0.0.0.0.0.0.1.0	000010	00010	10.0	#006666		
2026.TE.3523.1.1	1.1.1.1.1.1.1.1.1.1.1.1.1.1.1.1.1.1.1.2.1.1	0.0.0.0.0.0.0.0.0.0.0.0.0.0.0.0.0.0.0.1.0.0	000010	00010	5.0	#006666		
2025.TE.11500.1.1	1.1.1.1.1.1.1.1.1.1.1.1.1.1.1.1.1.1.1.2.1.2	0.0.0.0.0.0.0.0.0.0.0.0.0.0.0.0.0.0.0.1.0.1	000014	00018	2.0	#006666		
2023.TE.21952.1.1	1.1.1.1.1.1.1.1.1.1.1.1.1.1.1.1.1.1.1.2.2	0.0.0.0.0.0.0.0.0.0.0.0.0.0.0.0.0.0.0.1.1	000018	0001G	2.0	#006666		
2023.TE.25166.1.2	1.1.1.1.1.1.1.1.1.1.1.1.1.1.1.1.1.1.1.2.3	0.0.0.0.0.0.0.0.0.0.0.0.0.0.0.0.0.0.0.1.0.0.1.0	000012	00014	4.0	#006666		
KP789957.1	1.1.1.1.1.1.1.1.1.1.1.1.1.1.1.1.1.1.1.3	0.0.0.0.0.0.0.0.0.0.0.0.0.0.0.0.0.0.0.0.0.1.0	000004	00008	6.0	#006666		
n373	1.1.1.1.1.1.1.1.1.1.1.1.1.1.1.1.1.1.2	0.0.0.0.0.0.0.0.0.0.0.0.0.0.0.0.0.0.1	00002	0002	1.0	#006666		
n374	1.1.1.1.1.1.1.1.1.1.1.1.1.1.1.1.1.1.2.1	0.0.0.0.0.0.0.0.0.0.0.0.0.0.0.0.0.0.1.0	00002	0002	9.0	#ff0000	{100,114.0,#ffcc99}	#ff0000
n375	1.1.1.1.1.1.1.1.1.1.1.1.1.1.1.1.1.1.2.1.1	0.0.0.0.0.0.0.0.0.0.0.0.0.0.0.0.0.0.1.0.0	000020	00020	1.0	#ff0000		
n376	1.1.1.1.1.1.1.1.1.1.1.1.1.1.1.1.1.1.2.1.1.1	0.0.0.0.0.0.0.0.0.0.0.0.0.0.0.0.0.0.1.0.0.0	000020	00020	4.0	#ff0000		
n377	1.1.1.1.1.1.1.1.1.1.1.1.1.1.1.1.1.1.2.1.1.1.1	0.0.0.0.0.0.0.0.0.0.0.0.0.0.0.0.0.0.1.0.0.0.0	000020	00020	2.0	#ff0000		
n378	1.1.1.1.1.1.1.1.1.1.1.1.1.1.1.1.1.1.2.1.1.1.1.1	0.0.0.0.0.0.0.0.0.0.0.0.0.0.0.0.0.0.1.0.0.0.0.0	000020	00020	1.0	#ff0000		
n379	1.1.1.1.1.1.1.1.1.1.1.1.1.1.1.1.1.1.2.1.1.1.1.1.1	0.0.0.0.0.0.0.0.0.0.0.0.0.0.0.0.0.0.1.0.0.0.0.0.0	0000200	00020	1.0	#ff0000		
n380	1.1.1.1.1.1.1.1.1.1.1.1.1.1.1.1.1.1.2.1.1.1.1.1.1.1	0.0.0.0.0.0.0.0.0.0.0.0.0.0.0.0.0.0.1.0.0.0.0.0.0.0	0000200	000200	5.0	#ff0000		
n381	1.1.1.1.1.1.1.1.1.1.1.1.1.1.1.1.1.1.2.1.1.1.1.1.1.1.1	0.0.0.0.0.0.0.0.0.0.0.0.0.0.0.0.0.0.1.0.0.0.0.0.0.0.0	0000200	000200	9.0	#ff0000		
n382	1.1.1.1.1.1.1.1.1.1.1.1.1.1.1.1.1.1.2.1.1.1.1.1.1.1.1.1	0.0.0.0.0.0.0.0.0.0.0.0.0.0.0.0.0.0.1.0.0.0.0.0.0.0.0.0	0000200	000200	2.0	#ff0000		
n383	1.1.1.1.1.1.1.1.1.1.1.1.1.1.1.1.1.1.2.1.1.1.1.1.1.1.1.1.1	0.0.0.0.0.0.0.0.0.0.0.0.0.0.0.0.0.0.1.0.0.0.0.0.0.0.0.0.0	00002000	000200	1.0	#ff0000		
n384	1.1.1.1.1.1.1.1.1.1.1.1.1.1.1.1.1.1.2.1.1.1.1.1.1.1.1.1.1.1	0.0.0.0.0.0.0.0.0.0.0.0.0.0.0.0.0.0.1.0.0.0.0.0.0.0.0.0.0.0	00002000	000200	1.0	#ff0000		
n385	1.1.1.1.1.1.1.1.1.1.1.1.1.1.1.1.1.1.2.1.1.1.1.1.1.1.1.1.1.1.1	0.0.0.0.0.0.0.0.0.0.0.0.0.0.0.0.0.0.1.0.0.0.0.0.0.0.0.0.0.0.0	00002000	0002000	0.0	#ff0000		
n386	1.1.1.1.1.1.1.1.1.1.1.1.1.1.1.1.1.1.2.1.1.1.1.1.1.1.1.1.1.1.1.1	0.0.0.0.0.0.0.0.0.0.0.0.0.0.0.0.0.0.1.0.0.0.0.0.0.0.0.0.0.0.0.0	00002000	0002000	6.0	#ff0000		
n387	1.1.1.1.1.1.1.1.1.1.1.1.1.1.1.1.1.1.2.1.1.1.1.1.1.1.1.1.1.1.1.1.1	0.0.0.0.0.0.0.0.0.0.0.0.0.0.0.0.0.0.1.0.0.0.0.0.0.0.0.0.0.0.0.0.0	000020000	0002000	4.0	#ff0000		
n388	1.1.1.1.1.1.1.1.1.1.1.1.1.1.1.1.1.1.2.1.1.1.1.1.1.1.1.1.1.1.1.1.1.1	0.0.0.0.0.0.0.0.0.0.0.0.0.0.0.0.0.0.1.0.0.0.0.0.0.0.0.0.0.0.0.0.0.0	000020000	0002000	1.0	#ff0000		
n389	1.1.1.1.1.1.1.1.1.1.1.1.1.1.1.1.1.1.2.1.1.1.1.1.1.1.1.1.1.1.1.1.1.1.1	0.0.0.0.0.0.0.0.0.0.0.0.0.0.0.0.0.0.1.0.0.0.0.0.0.0.0.0.0.0.0.0.0.0.0	000020000	0002000	6.0	#ff0000		
2025.TE.11503.1.1	1.1.1.1.1.1.1.1.1.1.1.1.1.1.1.1.1.1.2.1.1.1.1.1.1.1.1.1.1.1.1.1.1.1.1.1	0.0.0.0.0.0.0.0.0.0.0.0.0.0.0.0.0.0.1.0.0.0.0.0.0.0.0.0.0.0.0.0.0.0.0.0	000020000	00020000	5.0	#ff0000		
2025.TE.11516.1.1	1.1.1.1.1.1.1.1.1.1.1.1.1.1.1.1.1.1.2.1.1.1.1.1.1.1.1.1.1.1.1.1.1.1.1.2	0.0.0.0.0.0.0.0.0.0.0.0.0.0.0.0.0.0.1.0.0.0.0.0.0.0.0.0.0.0.0.0.0.0.0.1	000020001	0002000G	9.0	#ff0000		
2023.TE.20709.2.14	1.1.1.1.1.1.1.1.1.1.1.1.1.1.1.1.1.1.2.1.1.1.1.1.1.1.1.1.1.1.1.1.1.1.2	0.0.0.0.0.0.0.0.0.0.0.0.0.0.0.0.0.0.1.0.0.0.0.0.0.0.0.0.0.0.0.0.0.0.1	000020002	0002001	7.0	#ff0000		
2025.TE.11524.1.1	1.1.1.1.1.1.1.1.1.1.1.1.1.1.1.1.1.1.2.1.1.1.1.1.1.1.1.1.1.1.1.1.1.1.3	0.0.0.0.0.0.0.0.0.0.0.0.0.0.0.0.0.0.1.0.0.0.0.0.0.0.0.0.0.0.0.0.0.0.0.0.1.0	0000200008	00020008	5.0	#ff0000		
2023.TE.21960.1.1	1.1.1.1.1.1.1.1.1.1.1.1.1.1.1.1.1.1.2.1.1.1.1.1.1.1.1.1.1.1.1.1.1.2	0.0.0.0.0.0.0.0.0.0.0.0.0.0.0.0.0.0.1.0.0.0.0.0.0.0.0.0.0.0.0.0.0.1	000020004	0002002	6.0	#ff0000		
2023.TE.20709.2.12	1.1.1.1.1.1.1.1.1.1.1.1.1.1.1.1.1.1.2.1.1.1.1.1.1.1.1.1.1.1.1.1.1.3	0.0.0.0.0.0.0.0.0.0.0.0.0.0.0.0.0.0.1.0.0.0.0.0.0.0.0.0.0.0.0.0.0.0.0.1.0	0000200010	0002000G	2.0	#ff0000		
n396	1.1.1.1.1.1.1.1.1.1.1.1.1.1.1.1.1.1.2.1.1.1.1.1.1.1.1.1.1.1.1.1.2	0.0.0.0.0.0.0.0.0.0.0.0.0.0.0.0.0.0.1.0.0.0.0.0.0.0.0.0.0.0.0.0.1	000020008	0002004	2.0	#ff0000		
n397	1.1.1.1.1.1.1.1.1.1.1.1.1.1.1.1.1.1.2.1.1.1.1.1.1.1.1.1.1.1.1.1.2.1	0.0.0.0.0.0.0.0.0.0.0.0.0.0.0.0.0.0.1.0.0.0.0.0.0.0.0.0.0.0.0.0.1.0	000020008	0002004	1.0	#ff0000		
2023.TE.23006.1.1	1.1.1.1.1.1.1.1.1.1.1.1.1.1.1.1.1.1.2.1.1.1.1.1.1.1.1.1.1.1.1.1.2.1.1	0.0.0.0.0.0.0.0.0.0.0.0.0.0.0.0.0.0.1.0.0.0.0.0.0.0.0.0.0.0.0.0.1.0.0	000020008	0002004	3.0	#ff0000		
2023.TE.21954.1.1	1.1.1.1.1.1.1.1.1.1.1.1.1.1.1.1.1.1.2.1.1.1.1.1.1.1.1.1.1.1.1.1.2.1.2	0.0.0.0.0.0.0.0.0.0.0.0.0.0.0.0.0.0.1.0.0.0.0.0.0.0.0.0.0.0.0.0.1.0.1	00002000A	0002005	3.0	#ff0000		
2023.TE.25167.1.2	1.1.1.1.1.1.1.1.1.1.1.1.1.1.1.1.1.1.2.1.1.1.1.1.1.1.1.1.1.1.1.1.2.2	0.0.0.0.0.0.0.0.0.0.0.0.0.0.0.0.0.0.1.0.0.0.0.0.0.0.0.0.0.0.0.0.1.1	00002000C	0002006	3.0	#ff0000		
2025.TE.11526.1.1	1.1.1.1.1.1.1.1.1.1.1.1.1.1.1.1.1.1.2.1.1.1.1.1.1.1.1.1.1.1.1.1.2.3	0.0.0.0.0.0.0.0.0.0.0.0.0.0.0.0.0.0.1.0.0.0.0.0.0.0.0.0.0.0.0.0.1.0.0.1.0	0000200090	0002004G	14.0	#ff0000		
n402	1.1.1.1.1.1.1.1.1.1.1.1.1.1.1.1.1.1.2.1.1.1.1.1.1.1.1.1.1.1.1.1.3	0.0.0.0.0.0.0.0.0.0.0.0.0.0.0.0.0.0.1.0.0.0.0.0.0.0.0.0.0.0.0.0.0.0.1.0	000020002	00020010	1.0	#ff0000		
PV693548.1	1.1.1.1.1.1.1.1.1.1.1.1.1.1.1.1.1.1.2.1.1.1.1.1.1.1.1.1.1.1.1.1.3.1	0.0.0.0.0.0.0.0.0.0.0.0.0.0.0.0.0.0.1.0.0.0.0.0.0.0.0.0.0.0.0.0.0.0.1.0.0	0000200020	00020010	1.0	#ff0000		
2022.TE.42275.2.4	1.1.1.1.1.1.1.1.1.1.1.1.1.1.1.1.1.1.2.1.1.1.1.1.1.1.1.1.1.1.1.1.3.2	0.0.0.0.0.0.0.0.0.0.0.0.0.0.0.0.0.0.1.0.0.0.0.0.0.0.0.0.0.0.0.0.0.0.1.0.1	0000200028	00020018	12.0	#ff0000		
n405	1.1.1.1.1.1.1.1.1.1.1.1.1.1.1.1.1.1.2.1.1.1.1.1.1.1.1.1.1.1.1.1.4	0.0.0.0.0.0.0.0.0.0.0.0.0.0.0.0.0.0.1.0.0.0.0.0.0.0.0.0.0.0.0.0.0.0.1.1	000020003	0002001G	10.0	#ff0000		
2023.TE.25168.1.2	1.1.1.1.1.1.1.1.1.1.1.1.1.1.1.1.1.1.2.1.1.1.1.1.1.1.1.1.1.1.1.1.4.1	0.0.0.0.0.0.0.0.0.0.0.0.0.0.0.0.0.0.1.0.0.0.0.0.0.0.0.0.0.0.0.0.0.0.1.1.0	0000200030	0002001G	5.0	#ff0000		
2025.TE.11514.1.1	1.1.1.1.1.1.1.1.1.1.1.1.1.1.1.1.1.1.2.1.1.1.1.1.1.1.1.1.1.1.1.1.4.2	0.0.0.0.0.0.0.0.0.0.0.0.0.0.0.0.0.0.1.0.0.0.0.0.0.0.0.0.0.0.0.0.0.0.1.1.1	0000200038	0002001O	11.0	#ff0000		
n408	1.1.1.1.1.1.1.1.1.1.1.1.1.1.1.1.1.1.2.1.1.1.1.1.1.1.1.1.1.1.1.2	0.0.0.0.0.0.0.0.0.0.0.0.0.0.0.0.0.0.1.0.0.0.0.0.0.0.0.0.0.0.0.1	00002001	0002008	8.0	#ff0000		
n409	1.1.1.1.1.1.1.1.1.1.1.1.1.1.1.1.1.1.2.1.1.1.1.1.1.1.1.1.1.1.1.2.1	0.0.0.0.0.0.0.0.0.0.0.0.0.0.0.0.0.0.1.0.0.0.0.0.0.0.0.0.0.0.0.1.0	000020010	0002008	0.0	#ff0000		
n410	1.1.1.1.1.1.1.1.1.1.1.1.1.1.1.1.1.1.2.1.1.1.1.1.1.1.1.1.1.1.1.2.1.1	0.0.0.0.0.0.0.0.0.0.0.0.0.0.0.0.0.0.1.0.0.0.0.0.0.0.0.0.0.0.0.1.0.0	000020010	0002008	4.0	#ff0000		
PX632863.1	1.1.1.1.1.1.1.1.1.1.1.1.1.1.1.1.1.1.2.1.1.1.1.1.1.1.1.1.1.1.1.2.1.1.1	0.0.0.0.0.0.0.0.0.0.0.0.0.0.0.0.0.0.1.0.0.0.0.0.0.0.0.0.0.0.0.1.0.0.0	000020010	0002008	3.0	#ff0000		
PX632875.1	1.1.1.1.1.1.1.1.1.1.1.1.1.1.1.1.1.1.2.1.1.1.1.1.1.1.1.1.1.1.1.2.1.1.2	0.0.0.0.0.0.0.0.0.0.0.0.0.0.0.0.0.0.1.0.0.0.0.0.0.0.0.0.0.0.0.1.0.0.1	000020012	0002009	8.0	#ff0000		
PX632865.1	1.1.1.1.1.1.1.1.1.1.1.1.1.1.1.1.1.1.2.1.1.1.1.1.1.1.1.1.1.1.1.2.1.1.3	0.0.0.0.0.0.0.0.0.0.0.0.0.0.0.0.0.0.1.0.0.0.0.0.0.0.0.0.0.0.0.1.0.0.0.0.1.0	0000200108	00020088	1.0	#ff0000		
PX632887.1	1.1.1.1.1.1.1.1.1.1.1.1.1.1.1.1.1.1.2.1.1.1.1.1.1.1.1.1.1.1.1.2.1.1.4	0.0.0.0.0.0.0.0.0.0.0.0.0.0.0.0.0.0.1.0.0.0.0.0.0.0.0.0.0.0.0.1.0.0.0.0.1.1	000020010C	0002008C	20.0	#ff0000		
PX632868.1	1.1.1.1.1.1.1.1.1.1.1.1.1.1.1.1.1.1.2.1.1.1.1.1.1.1.1.1.1.1.1.2.1.2	0.0.0.0.0.0.0.0.0.0.0.0.0.0.0.0.0.0.1.0.0.0.0.0.0.0.0.0.0.0.0.1.0.1	000020014	000200A	9.0	#ff0000		
PX632945.1	1.1.1.1.1.1.1.1.1.1.1.1.1.1.1.1.1.1.2.1.1.1.1.1.1.1.1.1.1.1.1.2.1.3	0.0.0.0.0.0.0.0.0.0.0.0.0.0.0.0.0.0.1.0.0.0.0.0.0.0.0.0.0.0.0.1.0.0.0.1.0	0000200110	0002008G	31.0	#ff0000		
n417	1.1.1.1.1.1.1.1.1.1.1.1.1.1.1.1.1.1.2.1.1.1.1.1.1.1.1.1.1.1.1.2.2	0.0.0.0.0.0.0.0.0.0.0.0.0.0.0.0.0.0.1.0.0.0.0.0.0.0.0.0.0.0.0.1.1	000020018	000200C	5.0	#ff0000		
n418	1.1.1.1.1.1.1.1.1.1.1.1.1.1.1.1.1.1.2.1.1.1.1.1.1.1.1.1.1.1.1.2.2.1	0.0.0.0.0.0.0.0.0.0.0.0.0.0.0.0.0.0.1.0.0.0.0.0.0.0.0.0.0.0.0.1.1.0	000020018	000200C	2.0	#ff0000		
PX632903.1	1.1.1.1.1.1.1.1.1.1.1.1.1.1.1.1.1.1.2.1.1.1.1.1.1.1.1.1.1.1.1.2.2.1.1	0.0.0.0.0.0.0.0.0.0.0.0.0.0.0.0.0.0.1.0.0.0.0.0.0.0.0.0.0.0.0.1.1.0.0	000020018	000200C	11.0	#ff0000		
PX632914.1	1.1.1.1.1.1.1.1.1.1.1.1.1.1.1.1.1.1.2.1.1.1.1.1.1.1.1.1.1.1.1.2.2.1.2	0.0.0.0.0.0.0.0.0.0.0.0.0.0.0.0.0.0.1.0.0.0.0.0.0.0.0.0.0.0.0.1.1.0.1	00002001A	000200D	19.0	#ff0000		
PX632879.1	1.1.1.1.1.1.1.1.1.1.1.1.1.1.1.1.1.1.2.1.1.1.1.1.1.1.1.1.1.1.1.2.2.2	0.0.0.0.0.0.0.0.0.0.0.0.0.0.0.0.0.0.1.0.0.0.0.0.0.0.0.0.0.0.0.1.1.1	00002001C	000200E	26.0	#ff0000		
n422	1.1.1.1.1.1.1.1.1.1.1.1.1.1.1.1.1.1.2.1.1.1.1.1.1.1.1.1.1.1.2	0.0.0.0.0.0.0.0.0.0.0.0.0.0.0.0.0.0.1.0.0.0.0.0.0.0.0.0.0.0.1	00002002	000200G	1.0	#ff0000		
n423	1.1.1.1.1.1.1.1.1.1.1.1.1.1.1.1.1.1.2.1.1.1.1.1.1.1.1.1.1.1.2.1	0.0.0.0.0.0.0.0.0.0.0.0.0.0.0.0.0.0.1.0.0.0.0.0.0.0.0.0.0.0.1.0	00002002	000200G	3.0	#ff0000		
n424	1.1.1.1.1.1.1.1.1.1.1.1.1.1.1.1.1.1.2.1.1.1.1.1.1.1.1.1.1.1.2.1.1	0.0.0.0.0.0.0.0.0.0.0.0.0.0.0.0.0.0.1.0.0.0.0.0.0.0.0.0.0.0.1.0.0	000020020	000200G	1.0	#ff0000		
2025.TE.11445.1.1	1.1.1.1.1.1.1.1.1.1.1.1.1.1.1.1.1.1.2.1.1.1.1.1.1.1.1.1.1.1.2.1.1.1	0.0.0.0.0.0.0.0.0.0.0.0.0.0.0.0.0.0.1.0.0.0.0.0.0.0.0.0.0.0.1.0.0.0	000020020	000200G	5.0	#ff0000		
2025.TE.2076.1.1	1.1.1.1.1.1.1.1.1.1.1.1.1.1.1.1.1.1.2.1.1.1.1.1.1.1.1.1.1.1.2.1.1.2	0.0.0.0.0.0.0.0.0.0.0.0.0.0.0.0.0.0.1.0.0.0.0.0.0.0.0.0.0.0.1.0.0.1	000020024	000200I	2.0	#ff0000		
2023.TE.20709.2.10	1.1.1.1.1.1.1.1.1.1.1.1.1.1.1.1.1.1.2.1.1.1.1.1.1.1.1.1.1.1.2.1.1.3	0.0.0.0.0.0.0.0.0.0.0.0.0.0.0.0.0.0.1.0.0.0.0.0.0.0.0.0.0.0.1.0.0.0.0.1.0	0000200210	000200GG	1.0	#ff0000		
n428	1.1.1.1.1.1.1.1.1.1.1.1.1.1.1.1.1.1.2.1.1.1.1.1.1.1.1.1.1.1.2.1.2	0.0.0.0.0.0.0.0.0.0.0.0.0.0.0.0.0.0.1.0.0.0.0.0.0.0.0.0.0.0.1.0.1	000020028	000200K	1.0	#ff0000		
2023.TE.20709.2.13	1.1.1.1.1.1.1.1.1.1.1.1.1.1.1.1.1.1.2.1.1.1.1.1.1.1.1.1.1.1.2.1.2.1	0.0.0.0.0.0.0.0.0.0.0.0.0.0.0.0.0.0.1.0.0.0.0.0.0.0.0.0.0.0.1.0.1.0	000020028	000200K	1.0	#ff0000		
2023.TE.21986.1.1	1.1.1.1.1.1.1.1.1.1.1.1.1.1.1.1.1.1.2.1.1.1.1.1.1.1.1.1.1.1.2.1.2.2	0.0.0.0.0.0.0.0.0.0.0.0.0.0.0.0.0.0.1.0.0.0.0.0.0.0.0.0.0.0.1.0.1.1	00002002C	000200M	5.0	#ff0000		
2023.TE.21981.1.1	1.1.1.1.1.1.1.1.1.1.1.1.1.1.1.1.1.1.2.1.1.1.1.1.1.1.1.1.1.1.2.1.2.3	0.0.0.0.0.0.0.0.0.0.0.0.0.0.0.0.0.0.1.0.0.0.0.0.0.0.0.0.0.0.1.0.1.0.0.1.0	0000200290	000200KG	4.0	#ff0000		
2023.TE.23016.1.1	1.1.1.1.1.1.1.1.1.1.1.1.1.1.1.1.1.1.2.1.1.1.1.1.1.1.1.1.1.1.2.1.3	0.0.0.0.0.0.0.0.0.0.0.0.0.0.0.0.0.0.1.0.0.0.0.0.0.0.0.0.0.0.1.0.0.0.1.0	000020022	000200H0	2.0	#ff0000		
2023.TE.23012.1.1	1.1.1.1.1.1.1.1.1.1.1.1.1.1.1.1.1.1.2.1.1.1.1.1.1.1.1.1.1.1.2.1.4	0.0.0.0.0.0.0.0.0.0.0.0.0.0.0.0.0.0.1.0.0.0.0.0.0.0.0.0.0.0.1.0.0.0.1.1	000020023	000200HG	0.0	#ff0000		
2023.TE.25165.1.2	1.1.1.1.1.1.1.1.1.1.1.1.1.1.1.1.1.1.2.1.1.1.1.1.1.1.1.1.1.1.2.1.5	0.0.0.0.0.0.0.0.0.0.0.0.0.0.0.0.0.0.1.0.0.0.0.0.0.0.0.0.0.0.1.0.0.1.0.0	000020024	000200I0	1.0	#ff0000		
2023.TE.13830.2.2	1.1.1.1.1.1.1.1.1.1.1.1.1.1.1.1.1.1.2.1.1.1.1.1.1.1.1.1.1.1.2.2	0.0.0.0.0.0.0.0.0.0.0.0.0.0.0.0.0.0.1.0.0.0.0.0.0.0.0.0.0.0.1.1	00002003	000200O	5.0	#ff0000		
2022.TE.45323.2.21	1.1.1.1.1.1.1.1.1.1.1.1.1.1.1.1.1.1.2.1.1.1.1.1.1.1.1.1.1.1.2.3	0.0.0.0.0.0.0.0.0.0.0.0.0.0.0.0.0.0.1.0.0.0.0.0.0.0.0.0.0.0.1.0.0.1.0	000020024	000200I	5.0	#ff0000		
2023.TE.21980.1.1	1.1.1.1.1.1.1.1.1.1.1.1.1.1.1.1.1.1.2.1.1.1.1.1.1.1.1.1.1.1.2.4	0.0.0.0.0.0.0.0.0.0.0.0.0.0.0.0.0.0.1.0.0.0.0.0.0.0.0.0.0.0.1.0.0.1.1	000020026	000200J	15.0	#ff0000		
n438	1.1.1.1.1.1.1.1.1.1.1.1.1.1.1.1.1.1.2.1.1.1.1.1.1.1.1.1.1.1.3	0.0.0.0.0.0.0.0.0.0.0.0.0.0.0.0.0.0.1.0.0.0.0.0.0.0.0.0.0.0.0.0.1.0	000020008	0002004	3.0	#ff0000		
n439	1.1.1.1.1.1.1.1.1.1.1.1.1.1.1.1.1.1.2.1.1.1.1.1.1.1.1.1.1.1.3.1	0.0.0.0.0.0.0.0.0.0.0.0.0.0.0.0.0.0.1.0.0.0.0.0.0.0.0.0.0.0.0.0.1.0.0	000020008	0002004	7.0	#ff0000		
2023.TE.20709.2.4	1.1.1.1.1.1.1.1.1.1.1.1.1.1.1.1.1.1.2.1.1.1.1.1.1.1.1.1.1.1.3.1.1	0.0.0.0.0.0.0.0.0.0.0.0.0.0.0.0.0.0.1.0.0.0.0.0.0.0.0.0.0.0.0.0.1.0.0.0	000020008	00020040	5.0	#ff0000		
2023.TE.23014.1.1	1.1.1.1.1.1.1.1.1.1.1.1.1.1.1.1.1.1.2.1.1.1.1.1.1.1.1.1.1.1.3.1.2	0.0.0.0.0.0.0.0.0.0.0.0.0.0.0.0.0.0.1.0.0.0.0.0.0.0.0.0.0.0.0.0.1.0.0.1	000020009	0002004G	3.0	#ff0000		
2023.TE.25164.1.2	1.1.1.1.1.1.1.1.1.1.1.1.1.1.1.1.1.1.2.1.1.1.1.1.1.1.1.1.1.1.3.2	0.0.0.0.0.0.0.0.0.0.0.0.0.0.0.0.0.0.1.0.0.0.0.0.0.0.0.0.0.0.0.0.1.0.1	00002000A	0002005	10.0	#ff0000		
2023.TE.21946.1.1	1.1.1.1.1.1.1.1.1.1.1.1.1.1.1.1.1.1.2.1.1.1.1.1.1.1.1.1.1.1.4	0.0.0.0.0.0.0.0.0.0.0.0.0.0.0.0.0.0.1.0.0.0.0.0.0.0.0.0.0.0.0.0.1.1	00002000C	0002006	14.0	#ff0000		
2023.TE.21987.1.1	1.1.1.1.1.1.1.1.1.1.1.1.1.1.1.1.1.1.2.1.1.1.1.1.1.1.1.1.1.2	0.0.0.0.0.0.0.0.0.0.0.0.0.0.0.0.0.0.1.0.0.0.0.0.0.0.0.0.0.1	00002004	000201	8.0	#ff0000		
2022.TE.51622.1.2	1.1.1.1.1.1.1.1.1.1.1.1.1.1.1.1.1.1.2.1.1.1.1.1.1.1.1.1.1.3	0.0.0.0.0.0.0.0.0.0.0.0.0.0.0.0.0.0.1.0.0.0.0.0.0.0.0.0.0.0.0.1.0	000020010	0002008	6.0	#ff0000		
n446	1.1.1.1.1.1.1.1.1.1.1.1.1.1.1.1.1.1.2.1.1.1.1.1.1.1.1.1.2	0.0.0.0.0.0.0.0.0.0.0.0.0.0.0.0.0.0.1.0.0.0.0.0.0.0.0.0.1	00002008	000202	2.0	#ff0000		
n447	1.1.1.1.1.1.1.1.1.1.1.1.1.1.1.1.1.1.2.1.1.1.1.1.1.1.1.1.2.1	0.0.0.0.0.0.0.0.0.0.0.0.0.0.0.0.0.0.1.0.0.0.0.0.0.0.0.0.1.0	00002008	000202	5.0	#ff0000		
n448	1.1.1.1.1.1.1.1.1.1.1.1.1.1.1.1.1.1.2.1.1.1.1.1.1.1.1.1.2.1.1	0.0.0.0.0.0.0.0.0.0.0.0.0.0.0.0.0.0.1.0.0.0.0.0.0.0.0.0.1.0.0	00002008	0002020	4.0	#ff0000		
n449	1.1.1.1.1.1.1.1.1.1.1.1.1.1.1.1.1.1.2.1.1.1.1.1.1.1.1.1.2.1.1.1	0.0.0.0.0.0.0.0.0.0.0.0.0.0.0.0.0.0.1.0.0.0.0.0.0.0.0.0.1.0.0.0	00002008	0002020	1.0	#ff0000		
2023.TE.23019.1.1	1.1.1.1.1.1.1.1.1.1.1.1.1.1.1.1.1.1.2.1.1.1.1.1.1.1.1.1.2.1.1.1.1	0.0.0.0.0.0.0.0.0.0.0.0.0.0.0.0.0.0.1.0.0.0.0.0.0.0.0.0.1.0.0.0.0	000020080	0002020	5.0	#ff0000		
2023.TE.20709.2.8	1.1.1.1.1.1.1.1.1.1.1.1.1.1.1.1.1.1.2.1.1.1.1.1.1.1.1.1.2.1.1.1.2	0.0.0.0.0.0.0.0.0.0.0.0.0.0.0.0.0.0.1.0.0.0.0.0.0.0.0.0.1.0.0.0.1	000020088	0002024	4.0	#ff0000		
PX632923.1	1.1.1.1.1.1.1.1.1.1.1.1.1.1.1.1.1.1.2.1.1.1.1.1.1.1.1.1.2.1.1.2	0.0.0.0.0.0.0.0.0.0.0.0.0.0.0.0.0.0.1.0.0.0.0.0.0.0.0.0.1.0.0.1	00002009	0002028	20.0	#ff0000		
n453	1.1.1.1.1.1.1.1.1.1.1.1.1.1.1.1.1.1.2.1.1.1.1.1.1.1.1.1.2.1.2	0.0.0.0.0.0.0.0.0.0.0.0.0.0.0.0.0.0.1.0.0.0.0.0.0.0.0.0.1.0.1	0000200A	000202G	4.0	#ff0000		
2025.TE.2179.1.1	1.1.1.1.1.1.1.1.1.1.1.1.1.1.1.1.1.1.2.1.1.1.1.1.1.1.1.1.2.1.2.1	0.0.0.0.0.0.0.0.0.0.0.0.0.0.0.0.0.0.1.0.0.0.0.0.0.0.0.0.1.0.1.0	0000200A	000202G	1.0	#ff0000		
2025.TE.2744.1.1	1.1.1.1.1.1.1.1.1.1.1.1.1.1.1.1.1.1.2.1.1.1.1.1.1.1.1.1.2.1.2.2	0.0.0.0.0.0.0.0.0.0.0.0.0.0.0.0.0.0.1.0.0.0.0.0.0.0.0.0.1.0.1.1	0000200B	000202O	0.0	#ff0000		
n456	1.1.1.1.1.1.1.1.1.1.1.1.1.1.1.1.1.1.2.1.1.1.1.1.1.1.1.1.2.2	0.0.0.0.0.0.0.0.0.0.0.0.0.0.0.0.0.0.1.0.0.0.0.0.0.0.0.0.1.1	0000200C	000203	2.0	#ff0000		
n457	1.1.1.1.1.1.1.1.1.1.1.1.1.1.1.1.1.1.2.1.1.1.1.1.1.1.1.1.2.2.1	0.0.0.0.0.0.0.0.0.0.0.0.0.0.0.0.0.0.1.0.0.0.0.0.0.0.0.0.1.1.0	0000200C	0002030	1.0	#ff0000		
2025.TE.2186.1.1	1.1.1.1.1.1.1.1.1.1.1.1.1.1.1.1.1.1.2.1.1.1.1.1.1.1.1.1.2.2.1.1	0.0.0.0.0.0.0.0.0.0.0.0.0.0.0.0.0.0.1.0.0.0.0.0.0.0.0.0.1.1.0.0	0000200C	0002030	1.0	#ff0000		
2022.TE.44233.2.6	1.1.1.1.1.1.1.1.1.1.1.1.1.1.1.1.1.1.2.1.1.1.1.1.1.1.1.1.2.2.1.2	0.0.0.0.0.0.0.0.0.0.0.0.0.0.0.0.0.0.1.0.0.0.0.0.0.0.0.0.1.1.0.1	0000200D	0002038	1.0	#ff0000		
2022.TE.45323.2.17	1.1.1.1.1.1.1.1.1.1.1.1.1.1.1.1.1.1.2.1.1.1.1.1.1.1.1.1.2.2.2	0.0.0.0.0.0.0.0.0.0.0.0.0.0.0.0.0.0.1.0.0.0.0.0.0.0.0.0.1.1.1	0000200E	000203G	2.0	#ff0000		
n461	1.1.1.1.1.1.1.1.1.1.1.1.1.1.1.1.1.1.2.1.1.1.1.1.1.1.1.1.3	0.0.0.0.0.0.0.0.0.0.0.0.0.0.0.0.0.0.1.0.0.0.0.0.0.0.0.0.0.0.1.0	00002002	000200G	3.0	#ff0000		
n462	1.1.1.1.1.1.1.1.1.1.1.1.1.1.1.1.1.1.2.1.1.1.1.1.1.1.1.1.3.1	0.0.0.0.0.0.0.0.0.0.0.0.0.0.0.0.0.0.1.0.0.0.0.0.0.0.0.0.0.0.1.0.0	000020020	000200G	1.0	#ff0000		
n463	1.1.1.1.1.1.1.1.1.1.1.1.1.1.1.1.1.1.2.1.1.1.1.1.1.1.1.1.3.1.1	0.0.0.0.0.0.0.0.0.0.0.0.0.0.0.0.0.0.1.0.0.0.0.0.0.0.0.0.0.0.1.0.0.0	000020020	000200G	9.0	#ff0000		
n464	1.1.1.1.1.1.1.1.1.1.1.1.1.1.1.1.1.1.2.1.1.1.1.1.1.1.1.1.3.1.1.1	0.0.0.0.0.0.0.0.0.0.0.0.0.0.0.0.0.0.1.0.0.0.0.0.0.0.0.0.0.0.1.0.0.0.0	000020020	000200G	7.0	#ff0000		
n465	1.1.1.1.1.1.1.1.1.1.1.1.1.1.1.1.1.1.2.1.1.1.1.1.1.1.1.1.3.1.1.1.1	0.0.0.0.0.0.0.0.0.0.0.0.0.0.0.0.0.0.1.0.0.0.0.0.0.0.0.0.0.0.1.0.0.0.0.0	000020020	000200G0	2.0	#ff0000		
n466	1.1.1.1.1.1.1.1.1.1.1.1.1.1.1.1.1.1.2.1.1.1.1.1.1.1.1.1.3.1.1.1.1.1	0.0.0.0.0.0.0.0.0.0.0.0.0.0.0.0.0.0.1.0.0.0.0.0.0.0.0.0.0.0.1.0.0.0.0.0.0	0000200200	000200G0	11.0	#ff0000		
PX632908.1	1.1.1.1.1.1.1.1.1.1.1.1.1.1.1.1.1.1.2.1.1.1.1.1.1.1.1.1.3.1.1.1.1.1.1	0.0.0.0.0.0.0.0.0.0.0.0.0.0.0.0.0.0.1.0.0.0.0.0.0.0.0.0.0.0.1.0.0.0.0.0.0.0	0000200200	000200G0	9.0	#ff0000		
PX632910.1	1.1.1.1.1.1.1.1.1.1.1.1.1.1.1.1.1.1.2.1.1.1.1.1.1.1.1.1.3.1.1.1.1.1.2	0.0.0.0.0.0.0.0.0.0.0.0.0.0.0.0.0.0.1.0.0.0.0.0.0.0.0.0.0.0.1.0.0.0.0.0.0.1	0000200204	000200G4	41.0	#ff0000		
PX632909.1	1.1.1.1.1.1.1.1.1.1.1.1.1.1.1.1.1.1.2.1.1.1.1.1.1.1.1.1.3.1.1.1.1.2	0.0.0.0.0.0.0.0.0.0.0.0.0.0.0.0.0.0.1.0.0.0.0.0.0.0.0.0.0.0.1.0.0.0.0.0.1	0000200208	000200G8	1.0	#ff0000		
PX632911.1	1.1.1.1.1.1.1.1.1.1.1.1.1.1.1.1.1.1.2.1.1.1.1.1.1.1.1.1.3.1.1.1.2	0.0.0.0.0.0.0.0.0.0.0.0.0.0.0.0.0.0.1.0.0.0.0.0.0.0.0.0.0.0.1.0.0.0.0.1	000020021	000200GG	13.0	#ff0000		
2023.TE.23008.1.1	1.1.1.1.1.1.1.1.1.1.1.1.1.1.1.1.1.1.2.1.1.1.1.1.1.1.1.1.3.1.1.2	0.0.0.0.0.0.0.0.0.0.0.0.0.0.0.0.0.0.1.0.0.0.0.0.0.0.0.0.0.0.1.0.0.0.1	000020022	000200H	1.0	#ff0000		
2022.TE.51355.2.5	1.1.1.1.1.1.1.1.1.1.1.1.1.1.1.1.1.1.2.1.1.1.1.1.1.1.1.1.3.1.2	0.0.0.0.0.0.0.0.0.0.0.0.0.0.0.0.0.0.1.0.0.0.0.0.0.0.0.0.0.0.1.0.0.1	000020024	000200I	7.0	#ff0000		
2022.TE.44233.2.23	1.1.1.1.1.1.1.1.1.1.1.1.1.1.1.1.1.1.2.1.1.1.1.1.1.1.1.1.3.2	0.0.0.0.0.0.0.0.0.0.0.0.0.0.0.0.0.0.1.0.0.0.0.0.0.0.0.0.0.0.1.0.1	000020028	000200K	9.0	#ff0000		
n474	1.1.1.1.1.1.1.1.1.1.1.1.1.1.1.1.1.1.2.1.1.1.1.1.1.1.1.1.4	0.0.0.0.0.0.0.0.0.0.0.0.0.0.0.0.0.0.1.0.0.0.0.0.0.0.0.0.0.0.1.1	00002003	000200O	10.0	#ff0000		
2022.TE.49076.2.7	1.1.1.1.1.1.1.1.1.1.1.1.1.1.1.1.1.1.2.1.1.1.1.1.1.1.1.1.4.1	0.0.0.0.0.0.0.0.0.0.0.0.0.0.0.0.0.0.1.0.0.0.0.0.0.0.0.0.0.0.1.1.0	000020030	000200O	0.0	#ff0000		
2022.TE.49076.2.8	1.1.1.1.1.1.1.1.1.1.1.1.1.1.1.1.1.1.2.1.1.1.1.1.1.1.1.1.4.2	0.0.0.0.0.0.0.0.0.0.0.0.0.0.0.0.0.0.1.0.0.0.0.0.0.0.0.0.0.0.1.1.1	000020038	000200S	2.0	#ff0000		
2021.TE.307128.2.3	1.1.1.1.1.1.1.1.1.1.1.1.1.1.1.1.1.1.2.1.1.1.1.1.1.1.1.1.5	0.0.0.0.0.0.0.0.0.0.0.0.0.0.0.0.0.0.1.0.0.0.0.0.0.0.0.0.0.1.0.0	00002004	0002010	8.0	#ff0000		
OP009516.1	1.1.1.1.1.1.1.1.1.1.1.1.1.1.1.1.1.1.2.1.1.1.1.1.1.1.1.2	0.0.0.0.0.0.0.0.0.0.0.0.0.0.0.0.0.0.1.0.0.0.0.0.0.0.0.1	0000201	000204	5.0	#ff0000		
2023.TE.23007.1.1	1.1.1.1.1.1.1.1.1.1.1.1.1.1.1.1.1.1.2.1.1.1.1.1.1.1.2	0.0.0.0.0.0.0.0.0.0.0.0.0.0.0.0.0.0.1.0.0.0.0.0.0.0.1	0000202	000208	31.0	#ff0000		
MN939563.1	1.1.1.1.1.1.1.1.1.1.1.1.1.1.1.1.1.1.2.1.1.1.1.1.1.2	0.0.0.0.0.0.0.0.0.0.0.0.0.0.0.0.0.0.1.0.0.0.0.0.0.1	0000204	00020G	8.0	#ff0000		
2018.TE.21883.1.10	1.1.1.1.1.1.1.1.1.1.1.1.1.1.1.1.1.1.2.1.1.1.1.1.2	0.0.0.0.0.0.0.0.0.0.0.0.0.0.0.0.0.0.1.0.0.0.0.0.1	0000208	00021	7.0	#ff0000		
MN939564.1	1.1.1.1.1.1.1.1.1.1.1.1.1.1.1.1.1.1.2.1.1.1.1.2	0.0.0.0.0.0.0.0.0.0.0.0.0.0.0.0.0.0.1.0.0.0.0.1	000021	00022	0.0	#ff0000		
2018.TE.15190.1.2	1.1.1.1.1.1.1.1.1.1.1.1.1.1.1.1.1.1.2.1.1.1.1.3	0.0.0.0.0.0.0.0.0.0.0.0.0.0.0.0.0.0.1.0.0.0.0.0.0.1.0	0000204	00020G	4.0	#ff0000		
PX632996.1	1.1.1.1.1.1.1.1.1.1.1.1.1.1.1.1.1.1.2.1.1.1.1.4	0.0.0.0.0.0.0.0.0.0.0.0.0.0.0.0.0.0.1.0.0.0.0.0.0.1.1	0000206	00020O	7.0	#ff0000		
n485	1.1.1.1.1.1.1.1.1.1.1.1.1.1.1.1.1.1.2.1.1.1.2	0.0.0.0.0.0.0.0.0.0.0.0.0.0.0.0.0.0.1.0.0.0.1	000022	00024	4.0	#ff0000		
n486	1.1.1.1.1.1.1.1.1.1.1.1.1.1.1.1.1.1.2.1.1.1.2.1	0.0.0.0.0.0.0.0.0.0.0.0.0.0.0.0.0.0.1.0.0.0.1.0	000022	00024	1.0	#ff0000		
n487	1.1.1.1.1.1.1.1.1.1.1.1.1.1.1.1.1.1.2.1.1.1.2.1.1	0.0.0.0.0.0.0.0.0.0.0.0.0.0.0.0.0.0.1.0.0.0.1.0.0	0000220	00024	2.0	#ff0000		
2017.TE.20527.1.5	1.1.1.1.1.1.1.1.1.1.1.1.1.1.1.1.1.1.2.1.1.1.2.1.1.1	0.0.0.0.0.0.0.0.0.0.0.0.0.0.0.0.0.0.1.0.0.0.1.0.0.0	0000220	000240	3.0	#ff0000		
PX633013.1	1.1.1.1.1.1.1.1.1.1.1.1.1.1.1.1.1.1.2.1.1.1.2.1.1.2	0.0.0.0.0.0.0.0.0.0.0.0.0.0.0.0.0.0.1.0.0.0.1.0.0.1	0000224	00024G	1.0	#ff0000		
2022.TE.51355.2.9	1.1.1.1.1.1.1.1.1.1.1.1.1.1.1.1.1.1.2.1.1.1.2.1.2	0.0.0.0.0.0.0.0.0.0.0.0.0.0.0.0.0.0.1.0.0.0.1.0.1	0000228	00025	35.0	#ff0000		
n491	1.1.1.1.1.1.1.1.1.1.1.1.1.1.1.1.1.1.2.1.1.1.2.2	0.0.0.0.0.0.0.0.0.0.0.0.0.0.0.0.0.0.1.0.0.0.1.1	000023	00026	4.0	#ff0000		
2018.TE.24379.1.3	1.1.1.1.1.1.1.1.1.1.1.1.1.1.1.1.1.1.2.1.1.1.2.2.1	0.0.0.0.0.0.0.0.0.0.0.0.0.0.0.0.0.0.1.0.0.0.1.1.0	0000230	00026	5.0	#ff0000		
2018.TE.17783.1.5	1.1.1.1.1.1.1.1.1.1.1.1.1.1.1.1.1.1.2.1.1.1.2.2.2	0.0.0.0.0.0.0.0.0.0.0.0.0.0.0.0.0.0.1.0.0.0.1.1.1	0000238	00027	3.0	#ff0000		
n494	1.1.1.1.1.1.1.1.1.1.1.1.1.1.1.1.1.1.2.1.1.1.2.3	0.0.0.0.0.0.0.0.0.0.0.0.0.0.0.0.0.0.1.0.0.0.1.0.0.1.0	0000224	00024G	14.0	#ff0000		
2018.TE.20974.1.24	1.1.1.1.1.1.1.1.1.1.1.1.1.1.1.1.1.1.2.1.1.1.2.3.1	0.0.0.0.0.0.0.0.0.0.0.0.0.0.0.0.0.0.1.0.0.0.1.0.0.1.0.0	0000224	00024G	1.0	#ff0000		
PX632993.1	1.1.1.1.1.1.1.1.1.1.1.1.1.1.1.1.1.1.2.1.1.1.2.3.2	0.0.0.0.0.0.0.0.0.0.0.0.0.0.0.0.0.0.1.0.0.0.1.0.0.1.0.1	0000225	00024K	3.0	#ff0000		
PX632989.1	1.1.1.1.1.1.1.1.1.1.1.1.1.1.1.1.1.1.2.1.1.1.2.4	0.0.0.0.0.0.0.0.0.0.0.0.0.0.0.0.0.0.1.0.0.0.1.0.0.1.1	0000226	00024O	3.0	#ff0000		
PX633012.1	1.1.1.1.1.1.1.1.1.1.1.1.1.1.1.1.1.1.2.1.1.1.2.5	0.0.0.0.0.0.0.0.0.0.0.0.0.0.0.0.0.0.1.0.0.0.1.0.1.0.0	0000228	000250	12.0	#ff0000		
2018.TE.1915.1.3	1.1.1.1.1.1.1.1.1.1.1.1.1.1.1.1.1.1.2.1.1.1.2.6	0.0.0.0.0.0.0.0.0.0.0.0.0.0.0.0.0.0.1.0.0.0.1.0.1.0.1	000022A	000258	4.0	#ff0000		
MN939557.1	1.1.1.1.1.1.1.1.1.1.1.1.1.1.1.1.1.1.2.1.1.1.2.7	0.0.0.0.0.0.0.0.0.0.0.0.0.0.0.0.0.0.1.0.0.0.1.0.1.1.0	000022C	00025G	7.0	#ff0000		
2019.TE.12947.1.8	1.1.1.1.1.1.1.1.1.1.1.1.1.1.1.1.1.1.2.1.1.1.2.8	0.0.0.0.0.0.0.0.0.0.0.0.0.0.0.0.0.0.1.0.0.0.1.0.1.1.1	000022E	00025O	5.0	#ff0000		
n502	1.1.1.1.1.1.1.1.1.1.1.1.1.1.1.1.1.1.2.1.1.1.3	0.0.0.0.0.0.0.0.0.0.0.0.0.0.0.0.0.0.1.0.0.0.0.0.1.0	0000208	000210	3.0	#ff0000		
n503	1.1.1.1.1.1.1.1.1.1.1.1.1.1.1.1.1.1.2.1.1.1.3.1	0.0.0.0.0.0.0.0.0.0.0.0.0.0.0.0.0.0.1.0.0.0.0.0.1.0.0	0000208	000210	5.0	#ff0000		
n504	1.1.1.1.1.1.1.1.1.1.1.1.1.1.1.1.1.1.2.1.1.1.3.1.1	0.0.0.0.0.0.0.0.0.0.0.0.0.0.0.0.0.0.1.0.0.0.0.0.1.0.0.0	0000208	000210	2.0	#ff0000		
OP009517.1	1.1.1.1.1.1.1.1.1.1.1.1.1.1.1.1.1.1.2.1.1.1.3.1.1.1	0.0.0.0.0.0.0.0.0.0.0.0.0.0.0.0.0.0.1.0.0.0.0.0.1.0.0.0.0	00002080	000210	3.0	#ff0000		
2022.TE.45323.2.29	1.1.1.1.1.1.1.1.1.1.1.1.1.1.1.1.1.1.2.1.1.1.3.1.1.2	0.0.0.0.0.0.0.0.0.0.0.0.0.0.0.0.0.0.1.0.0.0.0.0.1.0.0.0.1	00002088	000212	13.0	#ff0000		
2022.TE.45323.2.33	1.1.1.1.1.1.1.1.1.1.1.1.1.1.1.1.1.1.2.1.1.1.3.1.1.3	0.0.0.0.0.0.0.0.0.0.0.0.0.0.0.0.0.0.1.0.0.0.0.0.1.0.0.0.0.0.1.0	00002082	000210G	21.0	#ff0000		
2019.TE.20621.1.3	1.1.1.1.1.1.1.1.1.1.1.1.1.1.1.1.1.1.2.1.1.1.3.1.2	0.0.0.0.0.0.0.0.0.0.0.0.0.0.0.0.0.0.1.0.0.0.0.0.1.0.0.1	0000209	000214	6.0	#ff0000		
n509	1.1.1.1.1.1.1.1.1.1.1.1.1.1.1.1.1.1.2.1.1.1.3.2	0.0.0.0.0.0.0.0.0.0.0.0.0.0.0.0.0.0.1.0.0.0.0.0.1.0.1	000020A	000218	1.0	#ff0000		
MN939561.1	1.1.1.1.1.1.1.1.1.1.1.1.1.1.1.1.1.1.2.1.1.1.3.2.1	0.0.0.0.0.0.0.0.0.0.0.0.0.0.0.0.0.0.1.0.0.0.0.0.1.0.1.0	000020A	000218	6.0	#ff0000		
MN939562.1	1.1.1.1.1.1.1.1.1.1.1.1.1.1.1.1.1.1.2.1.1.1.3.2.2	0.0.0.0.0.0.0.0.0.0.0.0.0.0.0.0.0.0.1.0.0.0.0.0.1.0.1.1	000020B	00021C	8.0	#ff0000		
MH910045.1	1.1.1.1.1.1.1.1.1.1.1.1.1.1.1.1.1.1.2.1.1.1.3.3	0.0.0.0.0.0.0.0.0.0.0.0.0.0.0.0.0.0.1.0.0.0.0.0.1.0.0.0.1.0	00002088	000212	3.0	#ff0000		
n513	1.1.1.1.1.1.1.1.1.1.1.1.1.1.1.1.1.1.2.1.1.1.4	0.0.0.0.0.0.0.0.0.0.0.0.0.0.0.0.0.0.1.0.0.0.0.0.1.1	000020C	00021G	4.0	#ff0000		
MN939558.1	1.1.1.1.1.1.1.1.1.1.1.1.1.1.1.1.1.1.2.1.1.1.4.1	0.0.0.0.0.0.0.0.0.0.0.0.0.0.0.0.0.0.1.0.0.0.0.0.1.1.0	000020C	00021G	2.0	#ff0000		
MN939559.1	1.1.1.1.1.1.1.1.1.1.1.1.1.1.1.1.1.1.2.1.1.1.4.2	0.0.0.0.0.0.0.0.0.0.0.0.0.0.0.0.0.0.1.0.0.0.0.0.1.1.1	000020E	00021O	2.0	#ff0000		
n516	1.1.1.1.1.1.1.1.1.1.1.1.1.1.1.1.1.1.2.1.1.1.5	0.0.0.0.0.0.0.0.0.0.0.0.0.0.0.0.0.0.1.0.0.0.0.1.0.0	0000210	000220	1.0	#ff0000		
PX632988.1	1.1.1.1.1.1.1.1.1.1.1.1.1.1.1.1.1.1.2.1.1.1.5.1	0.0.0.0.0.0.0.0.0.0.0.0.0.0.0.0.0.0.1.0.0.0.0.1.0.0.0	0000210	000220	10.0	#ff0000		
PX633015.1	1.1.1.1.1.1.1.1.1.1.1.1.1.1.1.1.1.1.2.1.1.1.5.2	0.0.0.0.0.0.0.0.0.0.0.0.0.0.0.0.0.0.1.0.0.0.0.1.0.0.1	0000212	000228	2.0	#ff0000		
PX633008.1	1.1.1.1.1.1.1.1.1.1.1.1.1.1.1.1.1.1.2.1.1.1.6	0.0.0.0.0.0.0.0.0.0.0.0.0.0.0.0.0.0.1.0.0.0.0.1.0.1	0000214	00022G	3.0	#ff0000		
n520	1.1.1.1.1.1.1.1.1.1.1.1.1.1.1.1.1.1.2.1.1.2	0.0.0.0.0.0.0.0.0.0.0.0.0.0.0.0.0.0.1.0.0.1	000024	00028	1.0	#ff0000		
n521	1.1.1.1.1.1.1.1.1.1.1.1.1.1.1.1.1.1.2.1.1.2.1	0.0.0.0.0.0.0.0.0.0.0.0.0.0.0.0.0.0.1.0.0.1.0	000024	00028	1.0	#ff0000		
n522	1.1.1.1.1.1.1.1.1.1.1.1.1.1.1.1.1.1.2.1.1.2.1.1	0.0.0.0.0.0.0.0.0.0.0.0.0.0.0.0.0.0.1.0.0.1.0.0	000024	00028	1.0	#ff0000		
PX632983.1	1.1.1.1.1.1.1.1.1.1.1.1.1.1.1.1.1.1.2.1.1.2.1.1.1	0.0.0.0.0.0.0.0.0.0.0.0.0.0.0.0.0.0.1.0.0.1.0.0.0	0000240	00028	0.0	#ff0000		
MW862084.1	1.1.1.1.1.1.1.1.1.1.1.1.1.1.1.1.1.1.2.1.1.2.1.1.2	0.0.0.0.0.0.0.0.0.0.0.0.0.0.0.0.0.0.1.0.0.1.0.0.1	0000248	00029	0.0	#ff0000		
MW862085.1	1.1.1.1.1.1.1.1.1.1.1.1.1.1.1.1.1.1.2.1.1.2.1.1.3	0.0.0.0.0.0.0.0.0.0.0.0.0.0.0.0.0.0.1.0.0.1.0.0.0.0.1.0	0000242	000288	0.0	#ff0000		
PX632984.1	1.1.1.1.1.1.1.1.1.1.1.1.1.1.1.1.1.1.2.1.1.2.1.2	0.0.0.0.0.0.0.0.0.0.0.0.0.0.0.0.0.0.1.0.0.1.0.1	000025	0002A	1.0	#ff0000		
n527	1.1.1.1.1.1.1.1.1.1.1.1.1.1.1.1.1.1.2.1.1.2.2	0.0.0.0.0.0.0.0.0.0.0.0.0.0.0.0.0.0.1.0.0.1.1	000026	0002C	7.0	#ff0000		
PX632975.1	1.1.1.1.1.1.1.1.1.1.1.1.1.1.1.1.1.1.2.1.1.2.2.1	0.0.0.0.0.0.0.0.0.0.0.0.0.0.0.0.0.0.1.0.0.1.1.0	000026	0002C	5.0	#ff0000		
PX632976.1	1.1.1.1.1.1.1.1.1.1.1.1.1.1.1.1.1.1.2.1.1.2.2.2	0.0.0.0.0.0.0.0.0.0.0.0.0.0.0.0.0.0.1.0.0.1.1.1	000027	0002E	1.0	#ff0000		
n530	1.1.1.1.1.1.1.1.1.1.1.1.1.1.1.1.1.1.2.1.1.2.3	0.0.0.0.0.0.0.0.0.0.0.0.0.0.0.0.0.0.1.0.0.1.0.0.1.0	0000248	000290	6.0	#ff0000		
MW862081.1	1.1.1.1.1.1.1.1.1.1.1.1.1.1.1.1.1.1.2.1.1.2.3.1	0.0.0.0.0.0.0.0.0.0.0.0.0.0.0.0.0.0.1.0.0.1.0.0.1.0.0	0000248	000290	0.0	#ff0000		
PX632985.1	1.1.1.1.1.1.1.1.1.1.1.1.1.1.1.1.1.1.2.1.1.2.3.2	0.0.0.0.0.0.0.0.0.0.0.0.0.0.0.0.0.0.1.0.0.1.0.0.1.0.1	000024A	000298	2.0	#ff0000		
PX632986.1	1.1.1.1.1.1.1.1.1.1.1.1.1.1.1.1.1.1.2.1.1.2.4	0.0.0.0.0.0.0.0.0.0.0.0.0.0.0.0.0.0.1.0.0.1.0.0.1.1	000024C	00029G	4.0	#ff0000		
KP789956.1	1.1.1.1.1.1.1.1.1.1.1.1.1.1.1.1.1.1.2.1.2	0.0.0.0.0.0.0.0.0.0.0.0.0.0.0.0.0.0.1.0.1	000028	0002G	0.0	#ff0000		
n535	1.1.1.1.1.1.1.1.1.1.1.1.1.1.1.1.1.1.2.2	0.0.0.0.0.0.0.0.0.0.0.0.0.0.0.0.0.0.1.1	00003	0003	1.0	#006666		
n536	1.1.1.1.1.1.1.1.1.1.1.1.1.1.1.1.1.1.2.2.1	0.0.0.0.0.0.0.0.0.0.0.0.0.0.0.0.0.0.1.1.0	000030	00030	1.0	#006666		
n537	1.1.1.1.1.1.1.1.1.1.1.1.1.1.1.1.1.1.2.2.1.1	0.0.0.0.0.0.0.0.0.0.0.0.0.0.0.0.0.0.1.1.0.0	000030	00030	2.0	#006666		
n538	1.1.1.1.1.1.1.1.1.1.1.1.1.1.1.1.1.1.2.2.1.1.1	0.0.0.0.0.0.0.0.0.0.0.0.0.0.0.0.0.0.1.1.0.0.0	000030	00030	2.0	#006666		
n539	1.1.1.1.1.1.1.1.1.1.1.1.1.1.1.1.1.1.2.2.1.1.1.1	0.0.0.0.0.0.0.0.0.0.0.0.0.0.0.0.0.0.1.1.0.0.0.0	000030	00030	6.0	#006666		
n540	1.1.1.1.1.1.1.1.1.1.1.1.1.1.1.1.1.1.2.2.1.1.1.1.1	0.0.0.0.0.0.0.0.0.0.0.0.0.0.0.0.0.0.1.1.0.0.0.0.0	0000300	00030	11.0	#006666		
PQ641624.1	1.1.1.1.1.1.1.1.1.1.1.1.1.1.1.1.1.1.2.2.1.1.1.1.1.1	0.0.0.0.0.0.0.0.0.0.0.0.0.0.0.0.0.0.1.1.0.0.0.0.0.0	0000300	000300	14.0	#006666		
OM037671.1	1.1.1.1.1.1.1.1.1.1.1.1.1.1.1.1.1.1.2.2.1.1.1.1.1.2	0.0.0.0.0.0.0.0.0.0.0.0.0.0.0.0.0.0.1.1.0.0.0.0.0.1	0000304	00030G	8.0	#006666		
n543	1.1.1.1.1.1.1.1.1.1.1.1.1.1.1.1.1.1.2.2.1.1.1.1.2	0.0.0.0.0.0.0.0.0.0.0.0.0.0.0.0.0.0.1.1.0.0.0.0.1	0000308	00031	6.0	#006666		
OM037672.1	1.1.1.1.1.1.1.1.1.1.1.1.1.1.1.1.1.1.2.2.1.1.1.1.2.1	0.0.0.0.0.0.0.0.0.0.0.0.0.0.0.0.0.0.1.1.0.0.0.0.1.0	0000308	000310	4.0	#006666		
OM037673.1	1.1.1.1.1.1.1.1.1.1.1.1.1.1.1.1.1.1.2.2.1.1.1.1.2.2	0.0.0.0.0.0.0.0.0.0.0.0.0.0.0.0.0.0.1.1.0.0.0.0.1.1	000030C	00031G	4.0	#006666		
OM037670.1	1.1.1.1.1.1.1.1.1.1.1.1.1.1.1.1.1.1.2.2.1.1.1.1.3	0.0.0.0.0.0.0.0.0.0.0.0.0.0.0.0.0.0.1.1.0.0.0.0.0.0.1.0	0000302	000308	2.0	#006666		
n547	1.1.1.1.1.1.1.1.1.1.1.1.1.1.1.1.1.1.2.2.1.1.1.2	0.0.0.0.0.0.0.0.0.0.0.0.0.0.0.0.0.0.1.1.0.0.0.1	000031	00032	5.0	#006666		
PX633018.1	1.1.1.1.1.1.1.1.1.1.1.1.1.1.1.1.1.1.2.2.1.1.1.2.1	0.0.0.0.0.0.0.0.0.0.0.0.0.0.0.0.0.0.1.1.0.0.0.1.0	0000310	00032	3.0	#006666		
PX633010.1	1.1.1.1.1.1.1.1.1.1.1.1.1.1.1.1.1.1.2.2.1.1.1.2.2	0.0.0.0.0.0.0.0.0.0.0.0.0.0.0.0.0.0.1.1.0.0.0.1.1	0000318	00033	0.0	#006666		
PX633011.1	1.1.1.1.1.1.1.1.1.1.1.1.1.1.1.1.1.1.2.2.1.1.1.2.3	0.0.0.0.0.0.0.0.0.0.0.0.0.0.0.0.0.0.1.1.0.0.0.1.0.0.1.0	0000312	000328	1.0	#006666		
PX633001.1	1.1.1.1.1.1.1.1.1.1.1.1.1.1.1.1.1.1.2.2.1.1.1.3	0.0.0.0.0.0.0.0.0.0.0.0.0.0.0.0.0.0.1.1.0.0.0.0.0.1.0	0000304	00030G	1.0	#006666		
n552	1.1.1.1.1.1.1.1.1.1.1.1.1.1.1.1.1.1.2.2.1.1.2	0.0.0.0.0.0.0.0.0.0.0.0.0.0.0.0.0.0.1.1.0.0.1	000032	00034	9.0	#006666		
PX633009.1	1.1.1.1.1.1.1.1.1.1.1.1.1.1.1.1.1.1.2.2.1.1.2.1	0.0.0.0.0.0.0.0.0.0.0.0.0.0.0.0.0.0.1.1.0.0.1.0	000032	00034	1.0	#006666		
PX632992.1	1.1.1.1.1.1.1.1.1.1.1.1.1.1.1.1.1.1.2.2.1.1.2.2	0.0.0.0.0.0.0.0.0.0.0.0.0.0.0.0.0.0.1.1.0.0.1.1	000033	00036	3.0	#006666		
PX632995.1	1.1.1.1.1.1.1.1.1.1.1.1.1.1.1.1.1.1.2.2.1.1.2.3	0.0.0.0.0.0.0.0.0.0.0.0.0.0.0.0.0.0.1.1.0.0.1.0.0.1.0	0000324	00034G	4.0	#006666		
n556	1.1.1.1.1.1.1.1.1.1.1.1.1.1.1.1.1.1.2.2.1.2	0.0.0.0.0.0.0.0.0.0.0.0.0.0.0.0.0.0.1.1.0.1	000034	00038	4.0	#006666		
n557	1.1.1.1.1.1.1.1.1.1.1.1.1.1.1.1.1.1.2.2.1.2.1	0.0.0.0.0.0.0.0.0.0.0.0.0.0.0.0.0.0.1.1.0.1.0	000034	00038	1.0	#006666		
n558	1.1.1.1.1.1.1.1.1.1.1.1.1.1.1.1.1.1.2.2.1.2.1.1	0.0.0.0.0.0.0.0.0.0.0.0.0.0.0.0.0.0.1.1.0.1.0.0	000034	00038	3.0	#006666		
PX632980.1	1.1.1.1.1.1.1.1.1.1.1.1.1.1.1.1.1.1.2.2.1.2.1.1.1	0.0.0.0.0.0.0.0.0.0.0.0.0.0.0.0.0.0.1.1.0.1.0.0.0	0000340	00038	0.0	#006666		
MW862077.1	1.1.1.1.1.1.1.1.1.1.1.1.1.1.1.1.1.1.2.2.1.2.1.1.2	0.0.0.0.0.0.0.0.0.0.0.0.0.0.0.0.0.0.1.1.0.1.0.0.1	0000348	00039	0.0	#006666		
PX632979.1	1.1.1.1.1.1.1.1.1.1.1.1.1.1.1.1.1.1.2.2.1.2.1.2	0.0.0.0.0.0.0.0.0.0.0.0.0.0.0.0.0.0.1.1.0.1.0.1	000035	0003A	0.0	#006666		
MW862075.1	1.1.1.1.1.1.1.1.1.1.1.1.1.1.1.1.1.1.2.2.1.2.1.3	0.0.0.0.0.0.0.0.0.0.0.0.0.0.0.0.0.0.1.1.0.1.0.0.0.1.0	0000344	00038G	1.0	#006666		
n563	1.1.1.1.1.1.1.1.1.1.1.1.1.1.1.1.1.1.2.2.1.2.2	0.0.0.0.0.0.0.0.0.0.0.0.0.0.0.0.0.0.1.1.0.1.1	000036	0003C	1.0	#006666		
MW862076.1	1.1.1.1.1.1.1.1.1.1.1.1.1.1.1.1.1.1.2.2.1.2.2.1	0.0.0.0.0.0.0.0.0.0.0.0.0.0.0.0.0.0.1.1.0.1.1.0	000036	0003C	0.0	#006666		
PX632981.1	1.1.1.1.1.1.1.1.1.1.1.1.1.1.1.1.1.1.2.2.1.2.2.2	0.0.0.0.0.0.0.0.0.0.0.0.0.0.0.0.0.0.1.1.0.1.1.1	000037	0003E	0.0	#006666		
PX632982.1	1.1.1.1.1.1.1.1.1.1.1.1.1.1.1.1.1.1.2.2.1.2.2.3	0.0.0.0.0.0.0.0.0.0.0.0.0.0.0.0.0.0.1.1.0.1.1.0.0.1.0	0000364	0003CG	1.0	#006666		
n567	1.1.1.1.1.1.1.1.1.1.1.1.1.1.1.1.1.1.2.2.1.2.3	0.0.0.0.0.0.0.0.0.0.0.0.0.0.0.0.0.0.1.1.0.1.0.0.1.0	0000348	000390	1.0	#006666		
n568	1.1.1.1.1.1.1.1.1.1.1.1.1.1.1.1.1.1.2.2.1.2.3.1	0.0.0.0.0.0.0.0.0.0.0.0.0.0.0.0.0.0.1.1.0.1.0.0.1.0.0	0000348	000390	1.0	#006666		
PX633017.1	1.1.1.1.1.1.1.1.1.1.1.1.1.1.1.1.1.1.2.2.1.2.3.1.1	0.0.0.0.0.0.0.0.0.0.0.0.0.0.0.0.0.0.1.1.0.1.0.0.1.0.0.0	0000348	000390	2.0	#006666		
PX633019.1	1.1.1.1.1.1.1.1.1.1.1.1.1.1.1.1.1.1.2.2.1.2.3.1.2	0.0.0.0.0.0.0.0.0.0.0.0.0.0.0.0.0.0.1.1.0.1.0.0.1.0.0.1	0000349	000394	0.0	#006666		
PX633014.1	1.1.1.1.1.1.1.1.1.1.1.1.1.1.1.1.1.1.2.2.1.2.3.2	0.0.0.0.0.0.0.0.0.0.0.0.0.0.0.0.0.0.1.1.0.1.0.0.1.0.1	000034A	000398	7.0	#006666		
MW862080.1	1.1.1.1.1.1.1.1.1.1.1.1.1.1.1.1.1.1.2.2.1.2.4	0.0.0.0.0.0.0.0.0.0.0.0.0.0.0.0.0.0.1.1.0.1.0.0.1.1	000034C	00039G	7.0	#006666		
PX632974.1	1.1.1.1.1.1.1.1.1.1.1.1.1.1.1.1.1.1.2.2.1.3	0.0.0.0.0.0.0.0.0.0.0.0.0.0.0.0.0.0.1.1.0.0.0.1.0	0000310	00032	1.0	#006666		
KF823806.1	1.1.1.1.1.1.1.1.1.1.1.1.1.1.1.1.1.1.2.2.2	0.0.0.0.0.0.0.0.0.0.0.0.0.0.0.0.0.0.1.1.1	000038	0003G	3.0	#006666		
MN939560.1	1.1.1.1.1.1.1.1.1.1.1.1.1.1.1.1.1.1.2.2.3	0.0.0.0.0.0.0.0.0.0.0.0.0.0.0.0.0.0.1.1.0.0.1.0	000032	00034	4.0	#006666		
n576	1.1.1.1.1.1.1.1.1.1.1.1.1.1.1.1.1.1.2.3	0.0.0.0.0.0.0.0.0.0.0.0.0.0.0.0.0.0.1.0.0.1.0	000024	00028	2.0	#006666		
n577	1.1.1.1.1.1.1.1.1.1.1.1.1.1.1.1.1.1.2.3.1	0.0.0.0.0.0.0.0.0.0.0.0.0.0.0.0.0.0.1.0.0.1.0.0	000024	00028	3.0	#006666		
PX632959.1	1.1.1.1.1.1.1.1.1.1.1.1.1.1.1.1.1.1.2.3.1.1	0.0.0.0.0.0.0.0.0.0.0.0.0.0.0.0.0.0.1.0.0.1.0.0.0	0000240	00028	0.0	#006666		
KU573080.1	1.1.1.1.1.1.1.1.1.1.1.1.1.1.1.1.1.1.2.3.1.2	0.0.0.0.0.0.0.0.0.0.0.0.0.0.0.0.0.0.1.0.0.1.0.0.1	0000248	00029	0.0	#006666		
n580	1.1.1.1.1.1.1.1.1.1.1.1.1.1.1.1.1.1.2.3.2	0.0.0.0.0.0.0.0.0.0.0.0.0.0.0.0.0.0.1.0.0.1.0.1	000025	0002A	3.0	#006666		
PX632960.1	1.1.1.1.1.1.1.1.1.1.1.1.1.1.1.1.1.1.2.3.2.1	0.0.0.0.0.0.0.0.0.0.0.0.0.0.0.0.0.0.1.0.0.1.0.1.0	0000250	0002A	0.0	#006666		
KU573082.1	1.1.1.1.1.1.1.1.1.1.1.1.1.1.1.1.1.1.2.3.2.2	0.0.0.0.0.0.0.0.0.0.0.0.0.0.0.0.0.0.1.0.0.1.0.1.1	0000258	0002B	0.0	#006666		
n583	1.1.1.1.1.1.1.1.1.1.1.1.1.1.1.1.1.1.2.3.3	0.0.0.0.0.0.0.0.0.0.0.0.0.0.0.0.0.0.1.0.0.1.0.0.0.1.0	0000244	00028G	4.0	#006666		
PX632961.1	1.1.1.1.1.1.1.1.1.1.1.1.1.1.1.1.1.1.2.3.3.1	0.0.0.0.0.0.0.0.0.0.0.0.0.0.0.0.0.0.1.0.0.1.0.0.0.1.0.0	0000244	00028G	0.0	#006666		
KU573083.1	1.1.1.1.1.1.1.1.1.1.1.1.1.1.1.1.1.1.2.3.3.2	0.0.0.0.0.0.0.0.0.0.0.0.0.0.0.0.0.0.1.0.0.1.0.0.0.1.0.1	0000245	00028K	0.0	#006666		
n586	1.1.1.1.1.1.1.1.1.1.1.1.1.1.1.1.1.1.2.4	0.0.0.0.0.0.0.0.0.0.0.0.0.0.0.0.0.0.1.0.0.1.1	000026	0002C	3.0	#006666		
n587	1.1.1.1.1.1.1.1.1.1.1.1.1.1.1.1.1.1.2.4.1	0.0.0.0.0.0.0.0.0.0.0.0.0.0.0.0.0.0.1.0.0.1.1.0	000026	0002C	1.0	#006666		
PX633005.1	1.1.1.1.1.1.1.1.1.1.1.1.1.1.1.1.1.1.2.4.1.1	0.0.0.0.0.0.0.0.0.0.0.0.0.0.0.0.0.0.1.0.0.1.1.0.0	0000260	0002C	1.0	#006666		
MW862079.1	1.1.1.1.1.1.1.1.1.1.1.1.1.1.1.1.1.1.2.4.1.2	0.0.0.0.0.0.0.0.0.0.0.0.0.0.0.0.0.0.1.0.0.1.1.0.1	0000268	0002D	4.0	#006666		
PX632987.1	1.1.1.1.1.1.1.1.1.1.1.1.1.1.1.1.1.1.2.4.2	0.0.0.0.0.0.0.0.0.0.0.0.0.0.0.0.0.0.1.0.0.1.1.1	000027	0002E	12.0	#006666		
PX632978.1	1.1.1.1.1.1.1.1.1.1.1.1.1.1.1.1.1.1.2.4.3	0.0.0.0.0.0.0.0.0.0.0.0.0.0.0.0.0.0.1.0.0.1.1.0.0.1.0	0000264	0002CG	5.0	#006666		
n592	1.1.1.1.1.1.1.1.1.1.1.1.1.1.1.1.1.1.2.5	0.0.0.0.0.0.0.0.0.0.0.0.0.0.0.0.0.0.1.0.1.0.0	000028	0002G	2.0	#006666		
PX632971.1	1.1.1.1.1.1.1.1.1.1.1.1.1.1.1.1.1.1.2.5.1	0.0.0.0.0.0.0.0.0.0.0.0.0.0.0.0.0.0.1.0.1.0.0.0	000028	0002G	1.0	#006666		
KP789953.1	1.1.1.1.1.1.1.1.1.1.1.1.1.1.1.1.1.1.2.5.2	0.0.0.0.0.0.0.0.0.0.0.0.0.0.0.0.0.0.1.0.1.0.0.1	000029	0002I	4.0	#006666		
KP789959.1	1.1.1.1.1.1.1.1.1.1.1.1.1.1.1.1.1.1.2.5.3	0.0.0.0.0.0.0.0.0.0.0.0.0.0.0.0.0.0.1.0.1.0.0.0.0.1.0	0000284	0002GG	9.0	#006666		
n596	1.1.1.1.1.1.1.1.1.1.1.1.1.1.1.1.1.1.2.6	0.0.0.0.0.0.0.0.0.0.0.0.0.0.0.0.0.0.1.0.1.0.1	00002A	0002K	3.0	#006666		
KT207792.1	1.1.1.1.1.1.1.1.1.1.1.1.1.1.1.1.1.1.2.6.1	0.0.0.0.0.0.0.0.0.0.0.0.0.0.0.0.0.0.1.0.1.0.1.0	00002A	0002K	1.0	#006666		
KP789955.1	1.1.1.1.1.1.1.1.1.1.1.1.1.1.1.1.1.1.2.6.2	0.0.0.0.0.0.0.0.0.0.0.0.0.0.0.0.0.0.1.0.1.0.1.1	00002B	0002M	6.0	#006666		
KP789954.1	1.1.1.1.1.1.1.1.1.1.1.1.1.1.1.1.1.1.2.7	0.0.0.0.0.0.0.0.0.0.0.0.0.0.0.0.0.0.1.0.1.1.0	00002C	0002O	4.0	#006666		
KP789958.1	1.1.1.1.1.1.1.1.1.1.1.1.1.1.1.1.1.1.2.8	0.0.0.0.0.0.0.0.0.0.0.0.0.0.0.0.0.0.1.0.1.1.1	00002E	0002S	7.0	#006666		
n601	1.1.1.1.1.1.1.1.1.1.1.1.1.1.1.1.1.1.3	0.0.0.0.0.0.0.0.0.0.0.0.0.0.0.0.0.0.0.0.1.0	000008	0000G	2.0	#006666		
PX633007.1	1.1.1.1.1.1.1.1.1.1.1.1.1.1.1.1.1.1.3.1	0.0.0.0.0.0.0.0.0.0.0.0.0.0.0.0.0.0.0.0.1.0.0	000008	0000G	7.0	#006666		
PX633003.1	1.1.1.1.1.1.1.1.1.1.1.1.1.1.1.1.1.1.3.2	0.0.0.0.0.0.0.0.0.0.0.0.0.0.0.0.0.0.0.0.1.0.1	00000A	0000K	5.0	#006666		
PX633006.1	1.1.1.1.1.1.1.1.1.1.1.1.1.1.1.1.1.1.3.3	0.0.0.0.0.0.0.0.0.0.0.0.0.0.0.0.0.0.0.0.1.0.0.0.1.0	0000088	0000H0	4.0	#006666		
PX633004.1	1.1.1.1.1.1.1.1.1.1.1.1.1.1.1.1.1.1.3.4	0.0.0.0.0.0.0.0.0.0.0.0.0.0.0.0.0.0.0.0.1.0.0.0.1.1	000008C	0000HG	2.0	#006666		
PX632977.1	1.1.1.1.1.1.1.1.1.1.1.1.1.1.1.1.1.1.3.5	0.0.0.0.0.0.0.0.0.0.0.0.0.0.0.0.0.0.0.0.1.0.0.1.0.0	0000090	0000I0	5.0	#006666		
PX633000.1	1.1.1.1.1.1.1.1.1.1.1.1.1.1.1.1.1.1.3.6	0.0.0.0.0.0.0.0.0.0.0.0.0.0.0.0.0.0.0.0.1.0.0.1.0.1	0000094	0000IG	0.0	#006666		
PX632972.1	1.1.1.1.1.1.1.1.1.1.1.1.1.1.1.1.1.1.4	0.0.0.0.0.0.0.0.0.0.0.0.0.0.0.0.0.0.0.0.1.1	00000C	0000O	7.0	#006666		
PX632970.1	1.1.1.1.1.1.1.1.1.1.1.1.1.1.1.1.1.1.5	0.0.0.0.0.0.0.0.0.0.0.0.0.0.0.0.0.0.0.1.0.0	000010	00010	6.0	#006666		
2026.TE.3504.1.1	1.1.1.1.1.1.1.1.1.1.1.1.1.1.1.1.1.2	0.0.0.0.0.0.0.0.0.0.0.0.0.0.0.0.0.1	00004	0004	39.0			
n611	1.1.1.1.1.1.1.1.1.1.1.1.1.1.1.1.2	0.0.0.0.0.0.0.0.0.0.0.0.0.0.0.0.1	00008	0008	1.0			
n612	1.1.1.1.1.1.1.1.1.1.1.1.1.1.1.1.2.1	0.0.0.0.0.0.0.0.0.0.0.0.0.0.0.0.1.0	00008	0008	8.0	#006633	{30,177.0,#99ff99}	
n613	1.1.1.1.1.1.1.1.1.1.1.1.1.1.1.1.2.1.1	0.0.0.0.0.0.0.0.0.0.0.0.0.0.0.0.1.0.0	00008	0008	11.0	#006633		
n614	1.1.1.1.1.1.1.1.1.1.1.1.1.1.1.1.2.1.1.1	0.0.0.0.0.0.0.0.0.0.0.0.0.0.0.0.1.0.0.0	00008	0008	2.0	#006633		
n615	1.1.1.1.1.1.1.1.1.1.1.1.1.1.1.1.2.1.1.1.1	0.0.0.0.0.0.0.0.0.0.0.0.0.0.0.0.1.0.0.0.0	000080	00080	2.0	#006633		
n616	1.1.1.1.1.1.1.1.1.1.1.1.1.1.1.1.2.1.1.1.1.1	0.0.0.0.0.0.0.0.0.0.0.0.0.0.0.0.1.0.0.0.0.0	000080	00080	7.0	#006633		
n617	1.1.1.1.1.1.1.1.1.1.1.1.1.1.1.1.2.1.1.1.1.1.1	0.0.0.0.0.0.0.0.0.0.0.0.0.0.0.0.1.0.0.0.0.0.0	000080	00080	5.0	#006633		
n618	1.1.1.1.1.1.1.1.1.1.1.1.1.1.1.1.2.1.1.1.1.1.1.1	0.0.0.0.0.0.0.0.0.0.0.0.0.0.0.0.1.0.0.0.0.0.0.0	000080	00080	4.0	#006633		
n619	1.1.1.1.1.1.1.1.1.1.1.1.1.1.1.1.2.1.1.1.1.1.1.1.1	0.0.0.0.0.0.0.0.0.0.0.0.0.0.0.0.1.0.0.0.0.0.0.0.0	0000800	00080	1.0	#006633		
n620	1.1.1.1.1.1.1.1.1.1.1.1.1.1.1.1.2.1.1.1.1.1.1.1.1.1	0.0.0.0.0.0.0.0.0.0.0.0.0.0.0.0.1.0.0.0.0.0.0.0.0.0	0000800	000800	1.0	#006633		
n621	1.1.1.1.1.1.1.1.1.1.1.1.1.1.1.1.2.1.1.1.1.1.1.1.1.1.1	0.0.0.0.0.0.0.0.0.0.0.0.0.0.0.0.1.0.0.0.0.0.0.0.0.0.0	0000800	000800	3.0	#006633		
2026.TE.3554.1.1	1.1.1.1.1.1.1.1.1.1.1.1.1.1.1.1.2.1.1.1.1.1.1.1.1.1.1.1	0.0.0.0.0.0.0.0.0.0.0.0.0.0.0.0.1.0.0.0.0.0.0.0.0.0.0.0	0000800	000800	4.0	#006633		
2026.TE.3571.1.1	1.1.1.1.1.1.1.1.1.1.1.1.1.1.1.1.2.1.1.1.1.1.1.1.1.1.1.2	0.0.0.0.0.0.0.0.0.0.0.0.0.0.0.0.1.0.0.0.0.0.0.0.0.0.0.1	0000801	000804	3.0	#006633		
2026.TE.3583.1.1	1.1.1.1.1.1.1.1.1.1.1.1.1.1.1.1.2.1.1.1.1.1.1.1.1.1.1.3	0.0.0.0.0.0.0.0.0.0.0.0.0.0.0.0.1.0.0.0.0.0.0.0.0.0.0.0.0.1.0	00008004	0008010	3.0	#006633		
2026.TE.3555.1.1	1.1.1.1.1.1.1.1.1.1.1.1.1.1.1.1.2.1.1.1.1.1.1.1.1.1.1.4	0.0.0.0.0.0.0.0.0.0.0.0.0.0.0.0.1.0.0.0.0.0.0.0.0.0.0.0.0.1.1	00008006	000801G	3.0	#006633		
2026.TE.3570.1.1	1.1.1.1.1.1.1.1.1.1.1.1.1.1.1.1.2.1.1.1.1.1.1.1.1.1.2	0.0.0.0.0.0.0.0.0.0.0.0.0.0.0.0.1.0.0.0.0.0.0.0.0.0.1	0000802	000808	11.0	#006633		
2025.TE.11515.1.1	1.1.1.1.1.1.1.1.1.1.1.1.1.1.1.1.2.1.1.1.1.1.1.1.1.2	0.0.0.0.0.0.0.0.0.0.0.0.0.0.0.0.1.0.0.0.0.0.0.0.0.1	0000804	00080G	5.0	#006633		
2024.TE.20031.1.1	1.1.1.1.1.1.1.1.1.1.1.1.1.1.1.1.2.1.1.1.1.1.1.1.1.3	0.0.0.0.0.0.0.0.0.0.0.0.0.0.0.0.1.0.0.0.0.0.0.0.0.0.0.1.0	00008010	000804	2.0	#006633		
2026.TE.3578.1.1	1.1.1.1.1.1.1.1.1.1.1.1.1.1.1.1.2.1.1.1.1.1.1.1.1.4	0.0.0.0.0.0.0.0.0.0.0.0.0.0.0.0.1.0.0.0.0.0.0.0.0.0.0.1.1	00008018	000806	9.0	#006633		
n630	1.1.1.1.1.1.1.1.1.1.1.1.1.1.1.1.2.1.1.1.1.1.1.1.2	0.0.0.0.0.0.0.0.0.0.0.0.0.0.0.0.1.0.0.0.0.0.0.0.1	0000808	00081	3.0	#006633		
n631	1.1.1.1.1.1.1.1.1.1.1.1.1.1.1.1.2.1.1.1.1.1.1.1.2.1	0.0.0.0.0.0.0.0.0.0.0.0.0.0.0.0.1.0.0.0.0.0.0.0.1.0	0000808	000810	1.0	#006633		
2023.TE.13830.2.4	1.1.1.1.1.1.1.1.1.1.1.1.1.1.1.1.2.1.1.1.1.1.1.1.2.1.1	0.0.0.0.0.0.0.0.0.0.0.0.0.0.0.0.1.0.0.0.0.0.0.0.1.0.0	0000808	000810	0.0	#006633		
2023.TE.13830.2.5	1.1.1.1.1.1.1.1.1.1.1.1.1.1.1.1.2.1.1.1.1.1.1.1.2.1.2	0.0.0.0.0.0.0.0.0.0.0.0.0.0.0.0.1.0.0.0.0.0.0.0.1.0.1	000080A	000818	0.0	#006633		
2023.TE.13830.2.3	1.1.1.1.1.1.1.1.1.1.1.1.1.1.1.1.2.1.1.1.1.1.1.1.2.2	0.0.0.0.0.0.0.0.0.0.0.0.0.0.0.0.1.0.0.0.0.0.0.0.1.1	000080C	00081G	1.0	#006633		
n635	1.1.1.1.1.1.1.1.1.1.1.1.1.1.1.1.2.1.1.1.1.1.1.2	0.0.0.0.0.0.0.0.0.0.0.0.0.0.0.0.1.0.0.0.0.0.0.1	000081	00082	1.0	#006633		
n636	1.1.1.1.1.1.1.1.1.1.1.1.1.1.1.1.2.1.1.1.1.1.1.2.1	0.0.0.0.0.0.0.0.0.0.0.0.0.0.0.0.1.0.0.0.0.0.0.1.0	0000810	00082	3.0	#006633		
n637	1.1.1.1.1.1.1.1.1.1.1.1.1.1.1.1.2.1.1.1.1.1.1.2.1.1	0.0.0.0.0.0.0.0.0.0.0.0.0.0.0.0.1.0.0.0.0.0.0.1.0.0	0000810	000820	3.0	#006633		
2023.TE.20709.2.11	1.1.1.1.1.1.1.1.1.1.1.1.1.1.1.1.2.1.1.1.1.1.1.2.1.1.1	0.0.0.0.0.0.0.0.0.0.0.0.0.0.0.0.1.0.0.0.0.0.0.1.0.0.0	0000810	000820	2.0	#006633		
2023.TE.20709.2.5	1.1.1.1.1.1.1.1.1.1.1.1.1.1.1.1.2.1.1.1.1.1.1.2.1.1.2	0.0.0.0.0.0.0.0.0.0.0.0.0.0.0.0.1.0.0.0.0.0.0.1.0.0.1	0000812	000828	0.0	#006633		
n640	1.1.1.1.1.1.1.1.1.1.1.1.1.1.1.1.2.1.1.1.1.1.1.2.1.2	0.0.0.0.0.0.0.0.0.0.0.0.0.0.0.0.1.0.0.0.0.0.0.1.0.1	0000814	00082G	4.0	#006633		
2022.TE.51355.2.8	1.1.1.1.1.1.1.1.1.1.1.1.1.1.1.1.2.1.1.1.1.1.1.2.1.2.1	0.0.0.0.0.0.0.0.0.0.0.0.0.0.0.0.1.0.0.0.0.0.0.1.0.1.0	0000814	00082G	2.0	#006633		
2022.TE.51355.2.7	1.1.1.1.1.1.1.1.1.1.1.1.1.1.1.1.2.1.1.1.1.1.1.2.1.2.2	0.0.0.0.0.0.0.0.0.0.0.0.0.0.0.0.1.0.0.0.0.0.0.1.0.1.1	0000816	00082O	0.0	#006633		
2026.TE.3580.1.1	1.1.1.1.1.1.1.1.1.1.1.1.1.1.1.1.2.1.1.1.1.1.1.2.2	0.0.0.0.0.0.0.0.0.0.0.0.0.0.0.0.1.0.0.0.0.0.0.1.1	0000818	00083	15.0	#006633		
n644	1.1.1.1.1.1.1.1.1.1.1.1.1.1.1.1.2.1.1.1.1.1.2	0.0.0.0.0.0.0.0.0.0.0.0.0.0.0.0.1.0.0.0.0.0.1	000082	00084	11.0	#006633		
2022.TE.26479.1.8	1.1.1.1.1.1.1.1.1.1.1.1.1.1.1.1.2.1.1.1.1.1.2.1	0.0.0.0.0.0.0.0.0.0.0.0.0.0.0.0.1.0.0.0.0.0.1.0	000082	00084	3.0	#006633		
ON813232.1	1.1.1.1.1.1.1.1.1.1.1.1.1.1.1.1.2.1.1.1.1.1.2.2	0.0.0.0.0.0.0.0.0.0.0.0.0.0.0.0.1.0.0.0.0.0.1.1	000083	00086	1.0	#006633		
2018.TE.22148.1.6	1.1.1.1.1.1.1.1.1.1.1.1.1.1.1.1.2.1.1.1.1.2	0.0.0.0.0.0.0.0.0.0.0.0.0.0.0.0.1.0.0.0.0.1	000084	00088	6.0	#006633		
2018.TE.19783.1.2	1.1.1.1.1.1.1.1.1.1.1.1.1.1.1.1.2.1.1.1.1.3	0.0.0.0.0.0.0.0.0.0.0.0.0.0.0.0.1.0.0.0.0.0.0.1.0	0000810	00082	1.0	#006633		
2018.TE.21883.1.8	1.1.1.1.1.1.1.1.1.1.1.1.1.1.1.1.2.1.1.1.1.4	0.0.0.0.0.0.0.0.0.0.0.0.0.0.0.0.1.0.0.0.0.0.0.1.1	0000818	00083	0.0	#006633		
2019.TE.22821.1.2	1.1.1.1.1.1.1.1.1.1.1.1.1.1.1.1.2.1.1.1.1.5	0.0.0.0.0.0.0.0.0.0.0.0.0.0.0.0.1.0.0.0.0.0.1.0.0	0000820	00084	5.0	#006633		
2018.TE.23482.1.8	1.1.1.1.1.1.1.1.1.1.1.1.1.1.1.1.2.1.1.1.1.6	0.0.0.0.0.0.0.0.0.0.0.0.0.0.0.0.1.0.0.0.0.0.1.0.1	0000828	00085	7.0	#006633		
n652	1.1.1.1.1.1.1.1.1.1.1.1.1.1.1.1.2.1.1.1.2	0.0.0.0.0.0.0.0.0.0.0.0.0.0.0.0.1.0.0.0.1	000088	0008G	8.0	#006633		
2018.TE.24379.1.9	1.1.1.1.1.1.1.1.1.1.1.1.1.1.1.1.2.1.1.1.2.1	0.0.0.0.0.0.0.0.0.0.0.0.0.0.0.0.1.0.0.0.1.0	000088	0008G	3.0	#006633		
2022.TE.48037.2.1	1.1.1.1.1.1.1.1.1.1.1.1.1.1.1.1.2.1.1.1.2.2	0.0.0.0.0.0.0.0.0.0.0.0.0.0.0.0.1.0.0.0.1.1	00008C	0008O	1.0	#006633		
n655	1.1.1.1.1.1.1.1.1.1.1.1.1.1.1.1.2.1.1.1.3	0.0.0.0.0.0.0.0.0.0.0.0.0.0.0.0.1.0.0.0.0.0.1.0	000082	00084	7.0	#006633		
2018.TE.23482.1.5	1.1.1.1.1.1.1.1.1.1.1.1.1.1.1.1.2.1.1.1.3.1	0.0.0.0.0.0.0.0.0.0.0.0.0.0.0.0.1.0.0.0.0.0.1.0.0	0000820	00084	0.0	#006633		
2018.TE.23482.1.6	1.1.1.1.1.1.1.1.1.1.1.1.1.1.1.1.2.1.1.1.3.2	0.0.0.0.0.0.0.0.0.0.0.0.0.0.0.0.1.0.0.0.0.0.1.0.1	0000828	00085	1.0	#006633		
n658	1.1.1.1.1.1.1.1.1.1.1.1.1.1.1.1.2.1.1.2	0.0.0.0.0.0.0.0.0.0.0.0.0.0.0.0.1.0.0.1	00009	0009	6.0	#006633		
2018.TE.21883.1.9	1.1.1.1.1.1.1.1.1.1.1.1.1.1.1.1.2.1.1.2.1	0.0.0.0.0.0.0.0.0.0.0.0.0.0.0.0.1.0.0.1.0	000090	00090	3.0	#006633		
2019.TE.1108.1.2	1.1.1.1.1.1.1.1.1.1.1.1.1.1.1.1.2.1.1.2.2	0.0.0.0.0.0.0.0.0.0.0.0.0.0.0.0.1.0.0.1.1	000098	0009G	10.0	#006633		
MW862086.1	1.1.1.1.1.1.1.1.1.1.1.1.1.1.1.1.2.1.2	0.0.0.0.0.0.0.0.0.0.0.0.0.0.0.0.1.0.1	0000A	000A	11.0	#006633		
MW862083.1	1.1.1.1.1.1.1.1.1.1.1.1.1.1.1.1.2.2	0.0.0.0.0.0.0.0.0.0.0.0.0.0.0.0.1.1	0000C	000C	18.0			
n663	1.1.1.1.1.1.1.1.1.1.1.1.1.1.1.2	0.0.0.0.0.0.0.0.0.0.0.0.0.0.0.1	0001	000G	1.0			
n664	1.1.1.1.1.1.1.1.1.1.1.1.1.1.1.2.1	0.0.0.0.0.0.0.0.0.0.0.0.0.0.0.1.0	00010	000G	15.0	#006633	{18,203.0,#ccffcc}	#006633
n665	1.1.1.1.1.1.1.1.1.1.1.1.1.1.1.2.1.1	0.0.0.0.0.0.0.0.0.0.0.0.0.0.0.1.0.0	00010	000G	1.0	#006633		
n666	1.1.1.1.1.1.1.1.1.1.1.1.1.1.1.2.1.1.1	0.0.0.0.0.0.0.0.0.0.0.0.0.0.0.1.0.0.0	00010	000G	2.0	#006633		
PX632963.1	1.1.1.1.1.1.1.1.1.1.1.1.1.1.1.2.1.1.1.1	0.0.0.0.0.0.0.0.0.0.0.0.0.0.0.1.0.0.0.0	00010	000G	2.0	#006633		
PX632965.1	1.1.1.1.1.1.1.1.1.1.1.1.1.1.1.2.1.1.1.2	0.0.0.0.0.0.0.0.0.0.0.0.0.0.0.1.0.0.0.1	00011	000H	0.0	#006633		
PX632964.1	1.1.1.1.1.1.1.1.1.1.1.1.1.1.1.2.1.1.2	0.0.0.0.0.0.0.0.0.0.0.0.0.0.0.1.0.0.1	00012	000I	2.0	#006633		
PX632967.1	1.1.1.1.1.1.1.1.1.1.1.1.1.1.1.2.1.1.3	0.0.0.0.0.0.0.0.0.0.0.0.0.0.0.1.0.0.0.0.1.0	000108	000GG	2.0	#006633		
n671	1.1.1.1.1.1.1.1.1.1.1.1.1.1.1.2.1.2	0.0.0.0.0.0.0.0.0.0.0.0.0.0.0.1.0.1	00014	000K	1.0	#006633		
KF647250.1	1.1.1.1.1.1.1.1.1.1.1.1.1.1.1.2.1.2.1	0.0.0.0.0.0.0.0.0.0.0.0.0.0.0.1.0.1.0	00014	000K	11.0	#006633		
PX632969.1	1.1.1.1.1.1.1.1.1.1.1.1.1.1.1.2.1.2.2	0.0.0.0.0.0.0.0.0.0.0.0.0.0.0.1.0.1.1	00016	000M	3.0	#006633		
n674	1.1.1.1.1.1.1.1.1.1.1.1.1.1.1.2.1.3	0.0.0.0.0.0.0.0.0.0.0.0.0.0.0.1.0.0.0.1.0	000110	000H0	6.0	#006633		
PX632962.1	1.1.1.1.1.1.1.1.1.1.1.1.1.1.1.2.1.3.1	0.0.0.0.0.0.0.0.0.0.0.0.0.0.0.1.0.0.0.1.0.0	000110	000H0	0.0	#006633		
KU573081.1	1.1.1.1.1.1.1.1.1.1.1.1.1.1.1.2.1.3.2	0.0.0.0.0.0.0.0.0.0.0.0.0.0.0.1.0.0.0.1.0.1	000114	000H8	0.0	#006633		
n677	1.1.1.1.1.1.1.1.1.1.1.1.1.1.1.2.1.4	0.0.0.0.0.0.0.0.0.0.0.0.0.0.0.1.0.0.0.1.1	000118	000HG	2.0	#006633		
KF647248.1	1.1.1.1.1.1.1.1.1.1.1.1.1.1.1.2.1.4.1	0.0.0.0.0.0.0.0.0.0.0.0.0.0.0.1.0.0.0.1.1.0	000118	000HG	2.0	#006633		
KF647252.1	1.1.1.1.1.1.1.1.1.1.1.1.1.1.1.2.1.4.2	0.0.0.0.0.0.0.0.0.0.0.0.0.0.0.1.0.0.0.1.1.1	00011C	000HO	0.0	#006633		
n680	1.1.1.1.1.1.1.1.1.1.1.1.1.1.1.2.1.5	0.0.0.0.0.0.0.0.0.0.0.0.0.0.0.1.0.0.1.0.0	000120	000I0	1.0	#006633		
KF647251.1	1.1.1.1.1.1.1.1.1.1.1.1.1.1.1.2.1.5.1	0.0.0.0.0.0.0.0.0.0.0.0.0.0.0.1.0.0.1.0.0.0	000120	000I0	5.0	#006633		
PX632968.1	1.1.1.1.1.1.1.1.1.1.1.1.1.1.1.2.1.5.2	0.0.0.0.0.0.0.0.0.0.0.0.0.0.0.1.0.0.1.0.0.1	000124	000I8	10.0	#006633		
KF823805.1	1.1.1.1.1.1.1.1.1.1.1.1.1.1.1.2.1.6	0.0.0.0.0.0.0.0.0.0.0.0.0.0.0.1.0.0.1.0.1	000128	000IG	3.0	#006633		
KF647249.1	1.1.1.1.1.1.1.1.1.1.1.1.1.1.1.2.1.7	0.0.0.0.0.0.0.0.0.0.0.0.0.0.0.1.0.0.1.1.0	000130	000J0	1.0	#006633		
PX632966.1	1.1.1.1.1.1.1.1.1.1.1.1.1.1.1.2.1.8	0.0.0.0.0.0.0.0.0.0.0.0.0.0.0.1.0.0.1.1.1	000138	000JG	1.0	#006633		
KF588365.1	1.1.1.1.1.1.1.1.1.1.1.1.1.1.1.2.1.9	0.0.0.0.0.0.0.0.0.0.0.0.0.0.0.1.0.1.0.0.0	000140	000K0	4.0	#006633		
KP789960.1	1.1.1.1.1.1.1.1.1.1.1.1.1.1.1.2.1.10	0.0.0.0.0.0.0.0.0.0.0.0.0.0.0.1.0.1.0.0.1	000148	000KG	2.0	#006633		
PX632973.1	1.1.1.1.1.1.1.1.1.1.1.1.1.1.1.2.1.11	0.0.0.0.0.0.0.0.0.0.0.0.0.0.0.1.0.1.0.1.0	000150	000L0	6.0	#006633		
MW862073.1	1.1.1.1.1.1.1.1.1.1.1.1.1.1.1.2.2	0.0.0.0.0.0.0.0.0.0.0.0.0.0.0.1.1	00018	000O	11.0			
MW862074.1	1.1.1.1.1.1.1.1.1.1.1.1.1.1.1.2.3	0.0.0.0.0.0.0.0.0.0.0.0.0.0.0.1.0.0.1.0	00012	000I	12.0			
n691	1.1.1.1.1.1.1.1.1.1.1.1.1.1.2	0.0.0.0.0.0.0.0.0.0.0.0.0.0.1	0002	001	0.0			
n692	1.1.1.1.1.1.1.1.1.1.1.1.1.1.2.1	0.0.0.0.0.0.0.0.0.0.0.0.0.0.1.0	0002	0010	11.0			
n693	1.1.1.1.1.1.1.1.1.1.1.1.1.1.2.1.1	0.0.0.0.0.0.0.0.0.0.0.0.0.0.1.0.0	00020	0010	3.0			
n694	1.1.1.1.1.1.1.1.1.1.1.1.1.1.2.1.1.1	0.0.0.0.0.0.0.0.0.0.0.0.0.0.1.0.0.0	00020	0010	1.0			
n695	1.1.1.1.1.1.1.1.1.1.1.1.1.1.2.1.1.1.1	0.0.0.0.0.0.0.0.0.0.0.0.0.0.1.0.0.0.0	00020	0010	1.0			
n696	1.1.1.1.1.1.1.1.1.1.1.1.1.1.2.1.1.1.1.1	0.0.0.0.0.0.0.0.0.0.0.0.0.0.1.0.0.0.0.0	00020	0010	3.0	#ff9900	{180,0.0,#ff9900}	
n697	1.1.1.1.1.1.1.1.1.1.1.1.1.1.2.1.1.1.1.1.1	0.0.0.0.0.0.0.0.0.0.0.0.0.0.1.0.0.0.0.0.0	000200	00100	5.0	#ff9900		
n698	1.1.1.1.1.1.1.1.1.1.1.1.1.1.2.1.1.1.1.1.1.1	0.0.0.0.0.0.0.0.0.0.0.0.0.0.1.0.0.0.0.0.0.0	000200	00100	1.0	#ff9900		
n699	1.1.1.1.1.1.1.1.1.1.1.1.1.1.2.1.1.1.1.1.1.1.1	0.0.0.0.0.0.0.0.0.0.0.0.0.0.1.0.0.0.0.0.0.0.0	000200	00100	1.0	#ff9900		
n700	1.1.1.1.1.1.1.1.1.1.1.1.1.1.2.1.1.1.1.1.1.1.1.1	0.0.0.0.0.0.0.0.0.0.0.0.0.0.1.0.0.0.0.0.0.0.0.0	000200	00100	4.0	#ff9900		
n701	1.1.1.1.1.1.1.1.1.1.1.1.1.1.2.1.1.1.1.1.1.1.1.1.1	0.0.0.0.0.0.0.0.0.0.0.0.0.0.1.0.0.0.0.0.0.0.0.0.0	0002000	00100	2.0	#ff9900		
n702	1.1.1.1.1.1.1.1.1.1.1.1.1.1.2.1.1.1.1.1.1.1.1.1.1.1	0.0.0.0.0.0.0.0.0.0.0.0.0.0.1.0.0.0.0.0.0.0.0.0.0.0	0002000	001000	2.0	#ff9900		
n703	1.1.1.1.1.1.1.1.1.1.1.1.1.1.2.1.1.1.1.1.1.1.1.1.1.1.1	0.0.0.0.0.0.0.0.0.0.0.0.0.0.1.0.0.0.0.0.0.0.0.0.0.0.0	0002000	001000	3.0	#ff9900		
n704	1.1.1.1.1.1.1.1.1.1.1.1.1.1.2.1.1.1.1.1.1.1.1.1.1.1.1.1	0.0.0.0.0.0.0.0.0.0.0.0.0.0.1.0.0.0.0.0.0.0.0.0.0.0.0.0	0002000	001000	1.0	#ff9900		
n705	1.1.1.1.1.1.1.1.1.1.1.1.1.1.2.1.1.1.1.1.1.1.1.1.1.1.1.1.1	0.0.0.0.0.0.0.0.0.0.0.0.0.0.1.0.0.0.0.0.0.0.0.0.0.0.0.0.0	00020000	001000	1.0	#ff9900		
n706	1.1.1.1.1.1.1.1.1.1.1.1.1.1.2.1.1.1.1.1.1.1.1.1.1.1.1.1.1.1	0.0.0.0.0.0.0.0.0.0.0.0.0.0.1.0.0.0.0.0.0.0.0.0.0.0.0.0.0.0	00020000	001000	1.0	#ff9900		
n707	1.1.1.1.1.1.1.1.1.1.1.1.1.1.2.1.1.1.1.1.1.1.1.1.1.1.1.1.1.1.1	0.0.0.0.0.0.0.0.0.0.0.0.0.0.1.0.0.0.0.0.0.0.0.0.0.0.0.0.0.0.0	00020000	0010000	1.0	#ff9900		
n708	1.1.1.1.1.1.1.1.1.1.1.1.1.1.2.1.1.1.1.1.1.1.1.1.1.1.1.1.1.1.1.1	0.0.0.0.0.0.0.0.0.0.0.0.0.0.1.0.0.0.0.0.0.0.0.0.0.0.0.0.0.0.0.0	00020000	0010000	1.0	#ff9900		
n709	1.1.1.1.1.1.1.1.1.1.1.1.1.1.2.1.1.1.1.1.1.1.1.1.1.1.1.1.1.1.1.1.1	0.0.0.0.0.0.0.0.0.0.0.0.0.0.1.0.0.0.0.0.0.0.0.0.0.0.0.0.0.0.0.0.0	000200000	0010000	0.0	#ff9900		
n710	1.1.1.1.1.1.1.1.1.1.1.1.1.1.2.1.1.1.1.1.1.1.1.1.1.1.1.1.1.1.1.1.1.1	0.0.0.0.0.0.0.0.0.0.0.0.0.0.1.0.0.0.0.0.0.0.0.0.0.0.0.0.0.0.0.0.0.0	000200000	0010000	5.0	#ff9900		
PQ119442.1	1.1.1.1.1.1.1.1.1.1.1.1.1.1.2.1.1.1.1.1.1.1.1.1.1.1.1.1.1.1.1.1.1.1.1	0.0.0.0.0.0.0.0.0.0.0.0.0.0.1.0.0.0.0.0.0.0.0.0.0.0.0.0.0.0.0.0.0.0.0	000200000	0010000	16.0	#ff9900		
PQ119474.1	1.1.1.1.1.1.1.1.1.1.1.1.1.1.2.1.1.1.1.1.1.1.1.1.1.1.1.1.1.1.1.1.1.1.2	0.0.0.0.0.0.0.0.0.0.0.0.0.0.1.0.0.0.0.0.0.0.0.0.0.0.0.0.0.0.0.0.0.0.1	000200002	0010001	17.0	#ff9900		
PQ119430.1	1.1.1.1.1.1.1.1.1.1.1.1.1.1.2.1.1.1.1.1.1.1.1.1.1.1.1.1.1.1.1.1.1.2	0.0.0.0.0.0.0.0.0.0.0.0.0.0.1.0.0.0.0.0.0.0.0.0.0.0.0.0.0.0.0.0.0.1	000200004	0010002	9.0	#ff9900		
n714	1.1.1.1.1.1.1.1.1.1.1.1.1.1.2.1.1.1.1.1.1.1.1.1.1.1.1.1.1.1.1.1.2	0.0.0.0.0.0.0.0.0.0.0.0.0.0.1.0.0.0.0.0.0.0.0.0.0.0.0.0.0.0.0.0.1	000200008	0010004	4.0	#ff9900		
n715	1.1.1.1.1.1.1.1.1.1.1.1.1.1.2.1.1.1.1.1.1.1.1.1.1.1.1.1.1.1.1.1.2.1	0.0.0.0.0.0.0.0.0.0.0.0.0.0.1.0.0.0.0.0.0.0.0.0.0.0.0.0.0.0.0.0.1.0	000200008	0010004	7.0	#ff9900		
PQ119483.1	1.1.1.1.1.1.1.1.1.1.1.1.1.1.2.1.1.1.1.1.1.1.1.1.1.1.1.1.1.1.1.1.2.1.1	0.0.0.0.0.0.0.0.0.0.0.0.0.0.1.0.0.0.0.0.0.0.0.0.0.0.0.0.0.0.0.0.1.0.0	000200008	0010004	17.0	#ff9900		
PQ119456.1	1.1.1.1.1.1.1.1.1.1.1.1.1.1.2.1.1.1.1.1.1.1.1.1.1.1.1.1.1.1.1.1.2.1.2	0.0.0.0.0.0.0.0.0.0.0.0.0.0.1.0.0.0.0.0.0.0.0.0.0.0.0.0.0.0.0.0.1.0.1	00020000A	0010005	37.0	#ff9900		
PQ119441.1	1.1.1.1.1.1.1.1.1.1.1.1.1.1.2.1.1.1.1.1.1.1.1.1.1.1.1.1.1.1.1.1.2.2	0.0.0.0.0.0.0.0.0.0.0.0.0.0.1.0.0.0.0.0.0.0.0.0.0.0.0.0.0.0.0.0.1.1	00020000C	0010006	17.0	#ff9900		
PQ119437.1	1.1.1.1.1.1.1.1.1.1.1.1.1.1.2.1.1.1.1.1.1.1.1.1.1.1.1.1.1.1.1.2	0.0.0.0.0.0.0.0.0.0.0.0.0.0.1.0.0.0.0.0.0.0.0.0.0.0.0.0.0.0.0.1	00020001	0010008	17.0	#ff9900		
PQ119471.1	1.1.1.1.1.1.1.1.1.1.1.1.1.1.2.1.1.1.1.1.1.1.1.1.1.1.1.1.1.1.2	0.0.0.0.0.0.0.0.0.0.0.0.0.0.1.0.0.0.0.0.0.0.0.0.0.0.0.0.0.0.1	00020002	001000G	7.0	#ff9900		
n721	1.1.1.1.1.1.1.1.1.1.1.1.1.1.2.1.1.1.1.1.1.1.1.1.1.1.1.1.1.2	0.0.0.0.0.0.0.0.0.0.0.0.0.0.1.0.0.0.0.0.0.0.0.0.0.0.0.0.0.1	00020004	001001	6.0	#ff9900		
n722	1.1.1.1.1.1.1.1.1.1.1.1.1.1.2.1.1.1.1.1.1.1.1.1.1.1.1.1.1.2.1	0.0.0.0.0.0.0.0.0.0.0.0.0.0.1.0.0.0.0.0.0.0.0.0.0.0.0.0.0.1.0	00020004	0010010	6.0	#ff9900		
n723	1.1.1.1.1.1.1.1.1.1.1.1.1.1.2.1.1.1.1.1.1.1.1.1.1.1.1.1.1.2.1.1	0.0.0.0.0.0.0.0.0.0.0.0.0.0.1.0.0.0.0.0.0.0.0.0.0.0.0.0.0.1.0.0	00020004	0010010	10.0	#ff9900		
n724	1.1.1.1.1.1.1.1.1.1.1.1.1.1.2.1.1.1.1.1.1.1.1.1.1.1.1.1.1.2.1.1.1	0.0.0.0.0.0.0.0.0.0.0.0.0.0.1.0.0.0.0.0.0.0.0.0.0.0.0.0.0.1.0.0.0	000200040	0010010	10.0	#ff9900		
PQ119465.1	1.1.1.1.1.1.1.1.1.1.1.1.1.1.2.1.1.1.1.1.1.1.1.1.1.1.1.1.1.2.1.1.1.1	0.0.0.0.0.0.0.0.0.0.0.0.0.0.1.0.0.0.0.0.0.0.0.0.0.0.0.0.0.1.0.0.0.0	000200040	0010010	40.0	#ff9900		
PQ119481.1	1.1.1.1.1.1.1.1.1.1.1.1.1.1.2.1.1.1.1.1.1.1.1.1.1.1.1.1.1.2.1.1.1.2	0.0.0.0.0.0.0.0.0.0.0.0.0.0.1.0.0.0.0.0.0.0.0.0.0.0.0.0.0.1.0.0.0.1	000200044	0010012	45.0	#ff9900		
PQ119463.1	1.1.1.1.1.1.1.1.1.1.1.1.1.1.2.1.1.1.1.1.1.1.1.1.1.1.1.1.1.2.1.1.2	0.0.0.0.0.0.0.0.0.0.0.0.0.0.1.0.0.0.0.0.0.0.0.0.0.0.0.0.0.1.0.0.1	000200048	0010014	97.0	#ff9900		
PQ119464.1	1.1.1.1.1.1.1.1.1.1.1.1.1.1.2.1.1.1.1.1.1.1.1.1.1.1.1.1.1.2.1.2	0.0.0.0.0.0.0.0.0.0.0.0.0.0.1.0.0.0.0.0.0.0.0.0.0.0.0.0.0.1.0.1	00020005	0010018	34.0	#ff9900		
PQ119425.1	1.1.1.1.1.1.1.1.1.1.1.1.1.1.2.1.1.1.1.1.1.1.1.1.1.1.1.1.1.2.2	0.0.0.0.0.0.0.0.0.0.0.0.0.0.1.0.0.0.0.0.0.0.0.0.0.0.0.0.0.1.1	00020006	001001G	22.0	#ff9900		
PQ119480.1	1.1.1.1.1.1.1.1.1.1.1.1.1.1.2.1.1.1.1.1.1.1.1.1.1.1.1.1.1.3	0.0.0.0.0.0.0.0.0.0.0.0.0.0.1.0.0.0.0.0.0.0.0.0.0.0.0.0.0.0.0.1.0	000200010	0010008	11.0	#ff9900		
n731	1.1.1.1.1.1.1.1.1.1.1.1.1.1.2.1.1.1.1.1.1.1.1.1.1.1.1.1.2	0.0.0.0.0.0.0.0.0.0.0.0.0.0.1.0.0.0.0.0.0.0.0.0.0.0.0.0.1	00020008	001002	1.0	#ff9900		
n732	1.1.1.1.1.1.1.1.1.1.1.1.1.1.2.1.1.1.1.1.1.1.1.1.1.1.1.1.2.1	0.0.0.0.0.0.0.0.0.0.0.0.0.0.1.0.0.0.0.0.0.0.0.0.0.0.0.0.1.0	00020008	001002	3.0	#ff9900		
n733	1.1.1.1.1.1.1.1.1.1.1.1.1.1.2.1.1.1.1.1.1.1.1.1.1.1.1.1.2.1.1	0.0.0.0.0.0.0.0.0.0.0.0.0.0.1.0.0.0.0.0.0.0.0.0.0.0.0.0.1.0.0	00020008	0010020	2.0	#ff9900		
n734	1.1.1.1.1.1.1.1.1.1.1.1.1.1.2.1.1.1.1.1.1.1.1.1.1.1.1.1.2.1.1.1	0.0.0.0.0.0.0.0.0.0.0.0.0.0.1.0.0.0.0.0.0.0.0.0.0.0.0.0.1.0.0.0	00020008	0010020	14.0	#ff9900		
PQ119435.1	1.1.1.1.1.1.1.1.1.1.1.1.1.1.2.1.1.1.1.1.1.1.1.1.1.1.1.1.2.1.1.1.1	0.0.0.0.0.0.0.0.0.0.0.0.0.0.1.0.0.0.0.0.0.0.0.0.0.0.0.0.1.0.0.0.0	000200080	0010020	0.0	#ff9900		
PQ119448.1	1.1.1.1.1.1.1.1.1.1.1.1.1.1.2.1.1.1.1.1.1.1.1.1.1.1.1.1.2.1.1.1.2	0.0.0.0.0.0.0.0.0.0.0.0.0.0.1.0.0.0.0.0.0.0.0.0.0.0.0.0.1.0.0.0.1	000200088	0010024	0.0	#ff9900		
PQ119440.1	1.1.1.1.1.1.1.1.1.1.1.1.1.1.2.1.1.1.1.1.1.1.1.1.1.1.1.1.2.1.1.2	0.0.0.0.0.0.0.0.0.0.0.0.0.0.1.0.0.0.0.0.0.0.0.0.0.0.0.0.1.0.0.1	00020009	0010028	32.0	#ff9900		
n738	1.1.1.1.1.1.1.1.1.1.1.1.1.1.2.1.1.1.1.1.1.1.1.1.1.1.1.1.2.1.2	0.0.0.0.0.0.0.0.0.0.0.0.0.0.1.0.0.0.0.0.0.0.0.0.0.0.0.0.1.0.1	0002000A	001002G	2.0	#ff9900		
PQ119477.1	1.1.1.1.1.1.1.1.1.1.1.1.1.1.2.1.1.1.1.1.1.1.1.1.1.1.1.1.2.1.2.1	0.0.0.0.0.0.0.0.0.0.0.0.0.0.1.0.0.0.0.0.0.0.0.0.0.0.0.0.1.0.1.0	0002000A	001002G	8.0	#ff9900		
PQ119468.1	1.1.1.1.1.1.1.1.1.1.1.1.1.1.2.1.1.1.1.1.1.1.1.1.1.1.1.1.2.1.2.2	0.0.0.0.0.0.0.0.0.0.0.0.0.0.1.0.0.0.0.0.0.0.0.0.0.0.0.0.1.0.1.1	0002000B	001002O	27.0	#ff9900		
n741	1.1.1.1.1.1.1.1.1.1.1.1.1.1.2.1.1.1.1.1.1.1.1.1.1.1.1.1.2.2	0.0.0.0.0.0.0.0.0.0.0.0.0.0.1.0.0.0.0.0.0.0.0.0.0.0.0.0.1.1	0002000C	001003	2.0	#ff9900		
n742	1.1.1.1.1.1.1.1.1.1.1.1.1.1.2.1.1.1.1.1.1.1.1.1.1.1.1.1.2.2.1	0.0.0.0.0.0.0.0.0.0.0.0.0.0.1.0.0.0.0.0.0.0.0.0.0.0.0.0.1.1.0	0002000C	0010030	8.0	#ff9900		
PQ119426.1	1.1.1.1.1.1.1.1.1.1.1.1.1.1.2.1.1.1.1.1.1.1.1.1.1.1.1.1.2.2.1.1	0.0.0.0.0.0.0.0.0.0.0.0.0.0.1.0.0.0.0.0.0.0.0.0.0.0.0.0.1.1.0.0	0002000C	0010030	26.0	#ff9900		
PQ119434.1	1.1.1.1.1.1.1.1.1.1.1.1.1.1.2.1.1.1.1.1.1.1.1.1.1.1.1.1.2.2.1.2	0.0.0.0.0.0.0.0.0.0.0.0.0.0.1.0.0.0.0.0.0.0.0.0.0.0.0.0.1.1.0.1	0002000D	0010038	46.0	#ff9900		
PQ119472.1	1.1.1.1.1.1.1.1.1.1.1.1.1.1.2.1.1.1.1.1.1.1.1.1.1.1.1.1.2.2.2	0.0.0.0.0.0.0.0.0.0.0.0.0.0.1.0.0.0.0.0.0.0.0.0.0.0.0.0.1.1.1	0002000E	001003G	25.0	#ff9900		
n746	1.1.1.1.1.1.1.1.1.1.1.1.1.1.2.1.1.1.1.1.1.1.1.1.1.1.1.1.2.3	0.0.0.0.0.0.0.0.0.0.0.0.0.0.1.0.0.0.0.0.0.0.0.0.0.0.0.0.1.0.0.1.0	000200090	0010028	2.0	#ff9900		
PQ119484.1	1.1.1.1.1.1.1.1.1.1.1.1.1.1.2.1.1.1.1.1.1.1.1.1.1.1.1.1.2.3.1	0.0.0.0.0.0.0.0.0.0.0.0.0.0.1.0.0.0.0.0.0.0.0.0.0.0.0.0.1.0.0.1.0.0	000200090	0010028	1.0	#ff9900		
PQ119485.1	1.1.1.1.1.1.1.1.1.1.1.1.1.1.2.1.1.1.1.1.1.1.1.1.1.1.1.1.2.3.2	0.0.0.0.0.0.0.0.0.0.0.0.0.0.1.0.0.0.0.0.0.0.0.0.0.0.0.0.1.0.0.1.0.1	000200094	001002A	20.0	#ff9900		
n749	1.1.1.1.1.1.1.1.1.1.1.1.1.1.2.1.1.1.1.1.1.1.1.1.1.1.1.2	0.0.0.0.0.0.0.0.0.0.0.0.0.0.1.0.0.0.0.0.0.0.0.0.0.0.0.1	0002001	001004	3.0	#ff9900		
n750	1.1.1.1.1.1.1.1.1.1.1.1.1.1.2.1.1.1.1.1.1.1.1.1.1.1.1.2.1	0.0.0.0.0.0.0.0.0.0.0.0.0.0.1.0.0.0.0.0.0.0.0.0.0.0.0.1.0	00020010	001004	4.0	#ff9900		
n751	1.1.1.1.1.1.1.1.1.1.1.1.1.1.2.1.1.1.1.1.1.1.1.1.1.1.1.2.1.1	0.0.0.0.0.0.0.0.0.0.0.0.0.0.1.0.0.0.0.0.0.0.0.0.0.0.0.1.0.0	00020010	001004	5.0	#ff9900		
n752	1.1.1.1.1.1.1.1.1.1.1.1.1.1.2.1.1.1.1.1.1.1.1.1.1.1.1.2.1.1.1	0.0.0.0.0.0.0.0.0.0.0.0.0.0.1.0.0.0.0.0.0.0.0.0.0.0.0.1.0.0.0	00020010	0010040	6.0	#ff9900		
PQ119438.1	1.1.1.1.1.1.1.1.1.1.1.1.1.1.2.1.1.1.1.1.1.1.1.1.1.1.1.2.1.1.1.1	0.0.0.0.0.0.0.0.0.0.0.0.0.0.1.0.0.0.0.0.0.0.0.0.0.0.0.1.0.0.0.0	00020010	0010040	50.0	#ff9900		
PQ119460.1	1.1.1.1.1.1.1.1.1.1.1.1.1.1.2.1.1.1.1.1.1.1.1.1.1.1.1.2.1.1.1.2	0.0.0.0.0.0.0.0.0.0.0.0.0.0.1.0.0.0.0.0.0.0.0.0.0.0.0.1.0.0.0.1	00020011	0010048	61.0	#ff9900		
PQ119479.1	1.1.1.1.1.1.1.1.1.1.1.1.1.1.2.1.1.1.1.1.1.1.1.1.1.1.1.2.1.1.2	0.0.0.0.0.0.0.0.0.0.0.0.0.0.1.0.0.0.0.0.0.0.0.0.0.0.0.1.0.0.1	00020012	001004G	20.0	#ff9900		
n756	1.1.1.1.1.1.1.1.1.1.1.1.1.1.2.1.1.1.1.1.1.1.1.1.1.1.1.2.1.2	0.0.0.0.0.0.0.0.0.0.0.0.0.0.1.0.0.0.0.0.0.0.0.0.0.0.0.1.0.1	00020014	001005	3.0	#ff9900		
n757	1.1.1.1.1.1.1.1.1.1.1.1.1.1.2.1.1.1.1.1.1.1.1.1.1.1.1.2.1.2.1	0.0.0.0.0.0.0.0.0.0.0.0.0.0.1.0.0.0.0.0.0.0.0.0.0.0.0.1.0.1.0	00020014	0010050	18.0	#ff9900		
PQ119467.1	1.1.1.1.1.1.1.1.1.1.1.1.1.1.2.1.1.1.1.1.1.1.1.1.1.1.1.2.1.2.1.1	0.0.0.0.0.0.0.0.0.0.0.0.0.0.1.0.0.0.0.0.0.0.0.0.0.0.0.1.0.1.0.0	00020014	0010050	25.0	#ff9900		
PQ119486.1	1.1.1.1.1.1.1.1.1.1.1.1.1.1.2.1.1.1.1.1.1.1.1.1.1.1.1.2.1.2.1.2	0.0.0.0.0.0.0.0.0.0.0.0.0.0.1.0.0.0.0.0.0.0.0.0.0.0.0.1.0.1.0.1	00020015	0010058	47.0	#ff9900		
PQ119475.1	1.1.1.1.1.1.1.1.1.1.1.1.1.1.2.1.1.1.1.1.1.1.1.1.1.1.1.2.1.2.2	0.0.0.0.0.0.0.0.0.0.0.0.0.0.1.0.0.0.0.0.0.0.0.0.0.0.0.1.0.1.1	00020016	001005G	19.0	#ff9900		
PQ119436.1	1.1.1.1.1.1.1.1.1.1.1.1.1.1.2.1.1.1.1.1.1.1.1.1.1.1.1.2.2	0.0.0.0.0.0.0.0.0.0.0.0.0.0.1.0.0.0.0.0.0.0.0.0.0.0.0.1.1	00020018	001006	32.0	#ff9900		
n762	1.1.1.1.1.1.1.1.1.1.1.1.1.1.2.1.1.1.1.1.1.1.1.1.1.1.2	0.0.0.0.0.0.0.0.0.0.0.0.0.0.1.0.0.0.0.0.0.0.0.0.0.0.1	0002002	001008	3.0	#ff9900		
n763	1.1.1.1.1.1.1.1.1.1.1.1.1.1.2.1.1.1.1.1.1.1.1.1.1.1.2.1	0.0.0.0.0.0.0.0.0.0.0.0.0.0.1.0.0.0.0.0.0.0.0.0.0.0.1.0	0002002	001008	4.0	#ff9900		
PQ119424.1	1.1.1.1.1.1.1.1.1.1.1.1.1.1.2.1.1.1.1.1.1.1.1.1.1.1.2.1.1	0.0.0.0.0.0.0.0.0.0.0.0.0.0.1.0.0.0.0.0.0.0.0.0.0.0.1.0.0	00020020	001008	40.0	#ff9900		
PQ119423.1	1.1.1.1.1.1.1.1.1.1.1.1.1.1.2.1.1.1.1.1.1.1.1.1.1.1.2.1.2	0.0.0.0.0.0.0.0.0.0.0.0.0.0.1.0.0.0.0.0.0.0.0.0.0.0.1.0.1	00020028	00100A	75.0	#ff9900		
PQ119454.1	1.1.1.1.1.1.1.1.1.1.1.1.1.1.2.1.1.1.1.1.1.1.1.1.1.1.2.2	0.0.0.0.0.0.0.0.0.0.0.0.0.0.1.0.0.0.0.0.0.0.0.0.0.0.1.1	0002003	00100C	18.0	#ff9900		
PQ119455.1	1.1.1.1.1.1.1.1.1.1.1.1.1.1.2.1.1.1.1.1.1.1.1.1.1.1.3	0.0.0.0.0.0.0.0.0.0.0.0.0.0.1.0.0.0.0.0.0.0.0.0.0.0.0.0.1.0	00020008	001002	36.0	#ff9900		
n768	1.1.1.1.1.1.1.1.1.1.1.1.1.1.2.1.1.1.1.1.1.1.1.1.1.2	0.0.0.0.0.0.0.0.0.0.0.0.0.0.1.0.0.0.0.0.0.0.0.0.0.1	0002004	00100G	2.0	#ff9900		
PQ119427.1	1.1.1.1.1.1.1.1.1.1.1.1.1.1.2.1.1.1.1.1.1.1.1.1.1.2.1	0.0.0.0.0.0.0.0.0.0.0.0.0.0.1.0.0.0.0.0.0.0.0.0.0.1.0	0002004	00100G	6.0	#ff9900		
PQ119433.1	1.1.1.1.1.1.1.1.1.1.1.1.1.1.2.1.1.1.1.1.1.1.1.1.1.2.2	0.0.0.0.0.0.0.0.0.0.0.0.0.0.1.0.0.0.0.0.0.0.0.0.0.1.1	0002006	00100O	4.0	#ff9900		
n771	1.1.1.1.1.1.1.1.1.1.1.1.1.1.2.1.1.1.1.1.1.1.1.1.2	0.0.0.0.0.0.0.0.0.0.0.0.0.0.1.0.0.0.0.0.0.0.0.0.1	0002008	00101	5.0	#ff9900		
n772	1.1.1.1.1.1.1.1.1.1.1.1.1.1.2.1.1.1.1.1.1.1.1.1.2.1	0.0.0.0.0.0.0.0.0.0.0.0.0.0.1.0.0.0.0.0.0.0.0.0.1.0	0002008	001010	2.0	#ff9900		
n773	1.1.1.1.1.1.1.1.1.1.1.1.1.1.2.1.1.1.1.1.1.1.1.1.2.1.1	0.0.0.0.0.0.0.0.0.0.0.0.0.0.1.0.0.0.0.0.0.0.0.0.1.0.0	0002008	001010	1.0	#ff9900		
n774	1.1.1.1.1.1.1.1.1.1.1.1.1.1.2.1.1.1.1.1.1.1.1.1.2.1.1.1	0.0.0.0.0.0.0.0.0.0.0.0.0.0.1.0.0.0.0.0.0.0.0.0.1.0.0.0	0002008	001010	1.0	#ff9900		
n775	1.1.1.1.1.1.1.1.1.1.1.1.1.1.2.1.1.1.1.1.1.1.1.1.2.1.1.1.1	0.0.0.0.0.0.0.0.0.0.0.0.0.0.1.0.0.0.0.0.0.0.0.0.1.0.0.0.0	00020080	001010	2.0	#ff9900		
PQ475060.1	1.1.1.1.1.1.1.1.1.1.1.1.1.1.2.1.1.1.1.1.1.1.1.1.2.1.1.1.1.1	0.0.0.0.0.0.0.0.0.0.0.0.0.0.1.0.0.0.0.0.0.0.0.0.1.0.0.0.0.0	00020080	001010	9.0	#ff9900		
OX442313.1	1.1.1.1.1.1.1.1.1.1.1.1.1.1.2.1.1.1.1.1.1.1.1.1.2.1.1.1.1.2	0.0.0.0.0.0.0.0.0.0.0.0.0.0.1.0.0.0.0.0.0.0.0.0.1.0.0.0.0.1	00020084	001011	10.0	#ff9900		
n778	1.1.1.1.1.1.1.1.1.1.1.1.1.1.2.1.1.1.1.1.1.1.1.1.2.1.1.1.2	0.0.0.0.0.0.0.0.0.0.0.0.0.0.1.0.0.0.0.0.0.0.0.0.1.0.0.0.1	00020088	001012	2.0	#ff9900		
LR743449.1	1.1.1.1.1.1.1.1.1.1.1.1.1.1.2.1.1.1.1.1.1.1.1.1.2.1.1.1.2.1	0.0.0.0.0.0.0.0.0.0.0.0.0.0.1.0.0.0.0.0.0.0.0.0.1.0.0.0.1.0	00020088	001012	2.0	#ff9900		
PQ475059.1	1.1.1.1.1.1.1.1.1.1.1.1.1.1.2.1.1.1.1.1.1.1.1.1.2.1.1.1.2.2	0.0.0.0.0.0.0.0.0.0.0.0.0.0.1.0.0.0.0.0.0.0.0.0.1.0.0.0.1.1	0002008C	001013	5.0	#ff9900		
n781	1.1.1.1.1.1.1.1.1.1.1.1.1.1.2.1.1.1.1.1.1.1.1.1.2.1.1.1.3	0.0.0.0.0.0.0.0.0.0.0.0.0.0.1.0.0.0.0.0.0.0.0.0.1.0.0.0.0.0.1.0	00020082	001010G	3.0	#ff9900		
LR743452.1	1.1.1.1.1.1.1.1.1.1.1.1.1.1.2.1.1.1.1.1.1.1.1.1.2.1.1.1.3.1	0.0.0.0.0.0.0.0.0.0.0.0.0.0.1.0.0.0.0.0.0.0.0.0.1.0.0.0.0.0.1.0.0	000200820	001010G	4.0	#ff9900		
LR743445.1	1.1.1.1.1.1.1.1.1.1.1.1.1.1.2.1.1.1.1.1.1.1.1.1.2.1.1.1.3.2	0.0.0.0.0.0.0.0.0.0.0.0.0.0.1.0.0.0.0.0.0.0.0.0.1.0.0.0.0.0.1.0.1	000200828	001010K	3.0	#ff9900		
n784	1.1.1.1.1.1.1.1.1.1.1.1.1.1.2.1.1.1.1.1.1.1.1.1.2.1.1.1.4	0.0.0.0.0.0.0.0.0.0.0.0.0.0.1.0.0.0.0.0.0.0.0.0.1.0.0.0.0.0.1.1	00020083	001010O	1.0	#ff9900		
LR743446.1	1.1.1.1.1.1.1.1.1.1.1.1.1.1.2.1.1.1.1.1.1.1.1.1.2.1.1.1.4.1	0.0.0.0.0.0.0.0.0.0.0.0.0.0.1.0.0.0.0.0.0.0.0.0.1.0.0.0.0.0.1.1.0	000200830	001010O	4.0	#ff9900		
PQ475056.1	1.1.1.1.1.1.1.1.1.1.1.1.1.1.2.1.1.1.1.1.1.1.1.1.2.1.1.1.4.2	0.0.0.0.0.0.0.0.0.0.0.0.0.0.1.0.0.0.0.0.0.0.0.0.1.0.0.0.0.0.1.1.1	000200838	001010S	3.0	#ff9900		
PQ475050.1	1.1.1.1.1.1.1.1.1.1.1.1.1.1.2.1.1.1.1.1.1.1.1.1.2.1.1.1.5	0.0.0.0.0.0.0.0.0.0.0.0.0.0.1.0.0.0.0.0.0.0.0.0.1.0.0.0.0.1.0.0	00020084	0010110	9.0	#ff9900		
MW142223.1	1.1.1.1.1.1.1.1.1.1.1.1.1.1.2.1.1.1.1.1.1.1.1.1.2.1.1.1.6	0.0.0.0.0.0.0.0.0.0.0.0.0.0.1.0.0.0.0.0.0.0.0.0.1.0.0.0.0.1.0.1	00020085	0010118	8.0	#ff9900		
PQ475054.1	1.1.1.1.1.1.1.1.1.1.1.1.1.1.2.1.1.1.1.1.1.1.1.1.2.1.1.1.7	0.0.0.0.0.0.0.0.0.0.0.0.0.0.1.0.0.0.0.0.0.0.0.0.1.0.0.0.0.1.1.0	00020086	001011G	10.0	#ff9900		
n790	1.1.1.1.1.1.1.1.1.1.1.1.1.1.2.1.1.1.1.1.1.1.1.1.2.1.1.2	0.0.0.0.0.0.0.0.0.0.0.0.0.0.1.0.0.0.0.0.0.0.0.0.1.0.0.1	0002009	001014	1.0	#ff9900		
PQ475061.1	1.1.1.1.1.1.1.1.1.1.1.1.1.1.2.1.1.1.1.1.1.1.1.1.2.1.1.2.1	0.0.0.0.0.0.0.0.0.0.0.0.0.0.1.0.0.0.0.0.0.0.0.0.1.0.0.1.0	00020090	001014	5.0	#ff9900		
PQ475063.1	1.1.1.1.1.1.1.1.1.1.1.1.1.1.2.1.1.1.1.1.1.1.1.1.2.1.1.2.2	0.0.0.0.0.0.0.0.0.0.0.0.0.0.1.0.0.0.0.0.0.0.0.0.1.0.0.1.1	00020098	001016	9.0	#ff9900		
n793	1.1.1.1.1.1.1.1.1.1.1.1.1.1.2.1.1.1.1.1.1.1.1.1.2.1.1.3	0.0.0.0.0.0.0.0.0.0.0.0.0.0.1.0.0.0.0.0.0.0.0.0.1.0.0.0.0.1.0	00020084	0010110	1.0	#ff9900		
PQ475052.1	1.1.1.1.1.1.1.1.1.1.1.1.1.1.2.1.1.1.1.1.1.1.1.1.2.1.1.3.1	0.0.0.0.0.0.0.0.0.0.0.0.0.0.1.0.0.0.0.0.0.0.0.0.1.0.0.0.0.1.0.0	00020084	0010110	11.0	#ff9900		
PV220993.1	1.1.1.1.1.1.1.1.1.1.1.1.1.1.2.1.1.1.1.1.1.1.1.1.2.1.1.3.2	0.0.0.0.0.0.0.0.0.0.0.0.0.0.1.0.0.0.0.0.0.0.0.0.1.0.0.0.0.1.0.1	00020085	0010118	11.0	#ff9900		
OX442303.1	1.1.1.1.1.1.1.1.1.1.1.1.1.1.2.1.1.1.1.1.1.1.1.1.2.1.1.4	0.0.0.0.0.0.0.0.0.0.0.0.0.0.1.0.0.0.0.0.0.0.0.0.1.0.0.0.0.1.1	00020086	001011G	4.0	#ff9900		
MW142227.1	1.1.1.1.1.1.1.1.1.1.1.1.1.1.2.1.1.1.1.1.1.1.1.1.2.1.1.5	0.0.0.0.0.0.0.0.0.0.0.0.0.0.1.0.0.0.0.0.0.0.0.0.1.0.0.0.1.0.0	00020088	0010120	1.0	#ff9900		
MW142225.1	1.1.1.1.1.1.1.1.1.1.1.1.1.1.2.1.1.1.1.1.1.1.1.1.2.1.1.6	0.0.0.0.0.0.0.0.0.0.0.0.0.0.1.0.0.0.0.0.0.0.0.0.1.0.0.0.1.0.1	0002008A	001012G	6.0	#ff9900		
LR743453.1	1.1.1.1.1.1.1.1.1.1.1.1.1.1.2.1.1.1.1.1.1.1.1.1.2.1.1.7	0.0.0.0.0.0.0.0.0.0.0.0.0.0.1.0.0.0.0.0.0.0.0.0.1.0.0.0.1.1.0	0002008C	0010130	3.0	#ff9900		
LR743456.1	1.1.1.1.1.1.1.1.1.1.1.1.1.1.2.1.1.1.1.1.1.1.1.1.2.1.1.8	0.0.0.0.0.0.0.0.0.0.0.0.0.0.1.0.0.0.0.0.0.0.0.0.1.0.0.0.1.1.1	0002008E	001013G	5.0	#ff9900		
PV221005.1	1.1.1.1.1.1.1.1.1.1.1.1.1.1.2.1.1.1.1.1.1.1.1.1.2.1.2	0.0.0.0.0.0.0.0.0.0.0.0.0.0.1.0.0.0.0.0.0.0.0.0.1.0.1	000200A	001018	14.0	#ff9900		
n802	1.1.1.1.1.1.1.1.1.1.1.1.1.1.2.1.1.1.1.1.1.1.1.1.2.2	0.0.0.0.0.0.0.0.0.0.0.0.0.0.1.0.0.0.0.0.0.0.0.0.1.1	000200C	00101G	1.0	#ff9900		
n803	1.1.1.1.1.1.1.1.1.1.1.1.1.1.2.1.1.1.1.1.1.1.1.1.2.2.1	0.0.0.0.0.0.0.0.0.0.0.0.0.0.1.0.0.0.0.0.0.0.0.0.1.1.0	000200C	00101G	1.0	#ff9900		
n804	1.1.1.1.1.1.1.1.1.1.1.1.1.1.2.1.1.1.1.1.1.1.1.1.2.2.1.1	0.0.0.0.0.0.0.0.0.0.0.0.0.0.1.0.0.0.0.0.0.0.0.0.1.1.0.0	000200C	00101G	2.0	#ff9900		
LR743457.1	1.1.1.1.1.1.1.1.1.1.1.1.1.1.2.1.1.1.1.1.1.1.1.1.2.2.1.1.1	0.0.0.0.0.0.0.0.0.0.0.0.0.0.1.0.0.0.0.0.0.0.0.0.1.1.0.0.0	000200C0	00101G	3.0	#ff9900		
PQ119443.1	1.1.1.1.1.1.1.1.1.1.1.1.1.1.2.1.1.1.1.1.1.1.1.1.2.2.1.1.2	0.0.0.0.0.0.0.0.0.0.0.0.0.0.1.0.0.0.0.0.0.0.0.0.1.1.0.0.1	000200C8	00101I	11.0	#ff9900		
OX442271.1	1.1.1.1.1.1.1.1.1.1.1.1.1.1.2.1.1.1.1.1.1.1.1.1.2.2.1.2	0.0.0.0.0.0.0.0.0.0.0.0.0.0.1.0.0.0.0.0.0.0.0.0.1.1.0.1	000200D	00101K	4.0	#ff9900		
OX442276.1	1.1.1.1.1.1.1.1.1.1.1.1.1.1.2.1.1.1.1.1.1.1.1.1.2.2.1.3	0.0.0.0.0.0.0.0.0.0.0.0.0.0.1.0.0.0.0.0.0.0.0.0.1.1.0.0.0.1.0	000200C4	00101H0	5.0	#ff9900		
n809	1.1.1.1.1.1.1.1.1.1.1.1.1.1.2.1.1.1.1.1.1.1.1.1.2.2.2	0.0.0.0.0.0.0.0.0.0.0.0.0.0.1.0.0.0.0.0.0.0.0.0.1.1.1	000200E	00101O	6.0	#ff9900		
PQ475064.1	1.1.1.1.1.1.1.1.1.1.1.1.1.1.2.1.1.1.1.1.1.1.1.1.2.2.2.1	0.0.0.0.0.0.0.0.0.0.0.0.0.0.1.0.0.0.0.0.0.0.0.0.1.1.1.0	000200E	00101O	2.0	#ff9900		
PQ475066.1	1.1.1.1.1.1.1.1.1.1.1.1.1.1.2.1.1.1.1.1.1.1.1.1.2.2.2.2	0.0.0.0.0.0.0.0.0.0.0.0.0.0.1.0.0.0.0.0.0.0.0.0.1.1.1.1	000200F	00101S	7.0	#ff9900		
n812	1.1.1.1.1.1.1.1.1.1.1.1.1.1.2.1.1.1.1.1.1.1.1.1.3	0.0.0.0.0.0.0.0.0.0.0.0.0.0.1.0.0.0.0.0.0.0.0.0.0.0.1.0	0002002	001008	1.0	#ff9900		
n813	1.1.1.1.1.1.1.1.1.1.1.1.1.1.2.1.1.1.1.1.1.1.1.1.3.1	0.0.0.0.0.0.0.0.0.0.0.0.0.0.1.0.0.0.0.0.0.0.0.0.0.0.1.0.0	00020020	001008	3.0	#ff9900		
n814	1.1.1.1.1.1.1.1.1.1.1.1.1.1.2.1.1.1.1.1.1.1.1.1.3.1.1	0.0.0.0.0.0.0.0.0.0.0.0.0.0.1.0.0.0.0.0.0.0.0.0.0.0.1.0.0.0	00020020	001008	1.0	#ff9900		
MW142226.1	1.1.1.1.1.1.1.1.1.1.1.1.1.1.2.1.1.1.1.1.1.1.1.1.3.1.1.1	0.0.0.0.0.0.0.0.0.0.0.0.0.0.1.0.0.0.0.0.0.0.0.0.0.0.1.0.0.0.0	00020020	0010080	2.0	#ff9900		
OX442279.1	1.1.1.1.1.1.1.1.1.1.1.1.1.1.2.1.1.1.1.1.1.1.1.1.3.1.1.2	0.0.0.0.0.0.0.0.0.0.0.0.0.0.1.0.0.0.0.0.0.0.0.0.0.0.1.0.0.0.1	00020022	001008G	5.0	#ff9900		
n817	1.1.1.1.1.1.1.1.1.1.1.1.1.1.2.1.1.1.1.1.1.1.1.1.3.1.2	0.0.0.0.0.0.0.0.0.0.0.0.0.0.1.0.0.0.0.0.0.0.0.0.0.0.1.0.0.1	00020024	001009	8.0	#ff9900		
PV221020.1	1.1.1.1.1.1.1.1.1.1.1.1.1.1.2.1.1.1.1.1.1.1.1.1.3.1.2.1	0.0.0.0.0.0.0.0.0.0.0.0.0.0.1.0.0.0.0.0.0.0.0.0.0.0.1.0.0.1.0	00020024	0010090	2.0	#ff9900		
OX442273.1	1.1.1.1.1.1.1.1.1.1.1.1.1.1.2.1.1.1.1.1.1.1.1.1.3.1.2.2	0.0.0.0.0.0.0.0.0.0.0.0.0.0.1.0.0.0.0.0.0.0.0.0.0.0.1.0.0.1.1	00020026	001009G	3.0	#ff9900		
MN794935.1	1.1.1.1.1.1.1.1.1.1.1.1.1.1.2.1.1.1.1.1.1.1.1.1.3.1.3	0.0.0.0.0.0.0.0.0.0.0.0.0.0.1.0.0.0.0.0.0.0.0.0.0.0.1.0.0.0.0.1.0	000200210	0010088	6.0	#ff9900		
PV221008.1	1.1.1.1.1.1.1.1.1.1.1.1.1.1.2.1.1.1.1.1.1.1.1.1.3.1.4	0.0.0.0.0.0.0.0.0.0.0.0.0.0.1.0.0.0.0.0.0.0.0.0.0.0.1.0.0.0.0.1.1	000200218	001008C	20.0	#ff9900		
MW142224.1	1.1.1.1.1.1.1.1.1.1.1.1.1.1.2.1.1.1.1.1.1.1.1.1.3.1.5	0.0.0.0.0.0.0.0.0.0.0.0.0.0.1.0.0.0.0.0.0.0.0.0.0.0.1.0.0.0.1.0.0	000200220	001008G	3.0	#ff9900		
n823	1.1.1.1.1.1.1.1.1.1.1.1.1.1.2.1.1.1.1.1.1.1.1.1.3.2	0.0.0.0.0.0.0.0.0.0.0.0.0.0.1.0.0.0.0.0.0.0.0.0.0.0.1.0.1	00020028	00100A	3.0	#ff9900		
n824	1.1.1.1.1.1.1.1.1.1.1.1.1.1.2.1.1.1.1.1.1.1.1.1.3.2.1	0.0.0.0.0.0.0.0.0.0.0.0.0.0.1.0.0.0.0.0.0.0.0.0.0.0.1.0.1.0	00020028	00100A	2.0	#ff9900		
LR743458.1	1.1.1.1.1.1.1.1.1.1.1.1.1.1.2.1.1.1.1.1.1.1.1.1.3.2.1.1	0.0.0.0.0.0.0.0.0.0.0.0.0.0.1.0.0.0.0.0.0.0.0.0.0.0.1.0.1.0.0	00020028	00100A0	0.0	#ff9900		
OX442309.1	1.1.1.1.1.1.1.1.1.1.1.1.1.1.2.1.1.1.1.1.1.1.1.1.3.2.1.2	0.0.0.0.0.0.0.0.0.0.0.0.0.0.1.0.0.0.0.0.0.0.0.0.0.0.1.0.1.0.1	0002002A	00100AG	5.0	#ff9900		
n827	1.1.1.1.1.1.1.1.1.1.1.1.1.1.2.1.1.1.1.1.1.1.1.1.3.2.2	0.0.0.0.0.0.0.0.0.0.0.0.0.0.1.0.0.0.0.0.0.0.0.0.0.0.1.0.1.1	0002002C	00100B	1.0	#ff9900		
PQ119478.1	1.1.1.1.1.1.1.1.1.1.1.1.1.1.2.1.1.1.1.1.1.1.1.1.3.2.2.1	0.0.0.0.0.0.0.0.0.0.0.0.0.0.1.0.0.0.0.0.0.0.0.0.0.0.1.0.1.1.0	0002002C	00100B0	1.0	#ff9900		
PQ119461.1	1.1.1.1.1.1.1.1.1.1.1.1.1.1.2.1.1.1.1.1.1.1.1.1.3.2.2.2	0.0.0.0.0.0.0.0.0.0.0.0.0.0.1.0.0.0.0.0.0.0.0.0.0.0.1.0.1.1.1	0002002E	00100BG	16.0	#ff9900		
n830	1.1.1.1.1.1.1.1.1.1.1.1.1.1.2.1.1.1.1.1.1.1.1.1.4	0.0.0.0.0.0.0.0.0.0.0.0.0.0.1.0.0.0.0.0.0.0.0.0.0.0.1.1	0002003	00100C	3.0	#ff9900		
n831	1.1.1.1.1.1.1.1.1.1.1.1.1.1.2.1.1.1.1.1.1.1.1.1.4.1	0.0.0.0.0.0.0.0.0.0.0.0.0.0.1.0.0.0.0.0.0.0.0.0.0.0.1.1.0	00020030	00100C	2.0	#ff9900		
MH924836.1	1.1.1.1.1.1.1.1.1.1.1.1.1.1.2.1.1.1.1.1.1.1.1.1.4.1.1	0.0.0.0.0.0.0.0.0.0.0.0.0.0.1.0.0.0.0.0.0.0.0.0.0.0.1.1.0.0	00020030	00100C	0.0	#ff9900		
OQ326499.1	1.1.1.1.1.1.1.1.1.1.1.1.1.1.2.1.1.1.1.1.1.1.1.1.4.1.2	0.0.0.0.0.0.0.0.0.0.0.0.0.0.1.0.0.0.0.0.0.0.0.0.0.0.1.1.0.1	00020034	00100D	0.0	#ff9900		
MH986056.1	1.1.1.1.1.1.1.1.1.1.1.1.1.1.2.1.1.1.1.1.1.1.1.1.4.1.3	0.0.0.0.0.0.0.0.0.0.0.0.0.0.1.0.0.0.0.0.0.0.0.0.0.0.1.1.0.0.0.1.0	000200310	00100C8	0.0	#ff9900		
n835	1.1.1.1.1.1.1.1.1.1.1.1.1.1.2.1.1.1.1.1.1.1.1.1.4.2	0.0.0.0.0.0.0.0.0.0.0.0.0.0.1.0.0.0.0.0.0.0.0.0.0.0.1.1.1	00020038	00100E	1.0	#ff9900		
n836	1.1.1.1.1.1.1.1.1.1.1.1.1.1.2.1.1.1.1.1.1.1.1.1.4.2.1	0.0.0.0.0.0.0.0.0.0.0.0.0.0.1.0.0.0.0.0.0.0.0.0.0.0.1.1.1.0	00020038	00100E	1.0	#ff9900		
PQ475051.1	1.1.1.1.1.1.1.1.1.1.1.1.1.1.2.1.1.1.1.1.1.1.1.1.4.2.1.1	0.0.0.0.0.0.0.0.0.0.0.0.0.0.1.0.0.0.0.0.0.0.0.0.0.0.1.1.1.0.0	00020038	00100E0	6.0	#ff9900		
PQ119487.1	1.1.1.1.1.1.1.1.1.1.1.1.1.1.2.1.1.1.1.1.1.1.1.1.4.2.1.2	0.0.0.0.0.0.0.0.0.0.0.0.0.0.1.0.0.0.0.0.0.0.0.0.0.0.1.1.1.0.1	0002003A	00100EG	26.0	#ff9900		
PQ475055.1	1.1.1.1.1.1.1.1.1.1.1.1.1.1.2.1.1.1.1.1.1.1.1.1.4.2.2	0.0.0.0.0.0.0.0.0.0.0.0.0.0.1.0.0.0.0.0.0.0.0.0.0.0.1.1.1.1	0002003C	00100F	6.0	#ff9900		
n840	1.1.1.1.1.1.1.1.1.1.1.1.1.1.2.1.1.1.1.1.1.1.1.1.4.3	0.0.0.0.0.0.0.0.0.0.0.0.0.0.1.0.0.0.0.0.0.0.0.0.0.0.1.1.0.0.1.0	00020032	00100CG	6.0	#ff9900		
MN794937.1	1.1.1.1.1.1.1.1.1.1.1.1.1.1.2.1.1.1.1.1.1.1.1.1.4.3.1	0.0.0.0.0.0.0.0.0.0.0.0.0.0.1.0.0.0.0.0.0.0.0.0.0.0.1.1.0.0.1.0.0	000200320	00100CG	7.0	#ff9900		
MN794938.1	1.1.1.1.1.1.1.1.1.1.1.1.1.1.2.1.1.1.1.1.1.1.1.1.4.3.2	0.0.0.0.0.0.0.0.0.0.0.0.0.0.1.0.0.0.0.0.0.0.0.0.0.0.1.1.0.0.1.0.1	000200328	00100CK	2.0	#ff9900		
n843	1.1.1.1.1.1.1.1.1.1.1.1.1.1.2.1.1.1.1.1.1.1.1.1.5	0.0.0.0.0.0.0.0.0.0.0.0.0.0.1.0.0.0.0.0.0.0.0.0.0.1.0.0	0002004	00100G	3.0	#ff9900		
n844	1.1.1.1.1.1.1.1.1.1.1.1.1.1.2.1.1.1.1.1.1.1.1.1.5.1	0.0.0.0.0.0.0.0.0.0.0.0.0.0.1.0.0.0.0.0.0.0.0.0.0.1.0.0.0	00020040	00100G	1.0	#ff9900		
n845	1.1.1.1.1.1.1.1.1.1.1.1.1.1.2.1.1.1.1.1.1.1.1.1.5.1.1	0.0.0.0.0.0.0.0.0.0.0.0.0.0.1.0.0.0.0.0.0.0.0.0.0.1.0.0.0.0	00020040	00100G	2.0	#ff9900		
PV221021.1	1.1.1.1.1.1.1.1.1.1.1.1.1.1.2.1.1.1.1.1.1.1.1.1.5.1.1.1	0.0.0.0.0.0.0.0.0.0.0.0.0.0.1.0.0.0.0.0.0.0.0.0.0.1.0.0.0.0.0	00020040	00100G0	6.0	#ff9900		
LR743421.1	1.1.1.1.1.1.1.1.1.1.1.1.1.1.2.1.1.1.1.1.1.1.1.1.5.1.1.2	0.0.0.0.0.0.0.0.0.0.0.0.0.0.1.0.0.0.0.0.0.0.0.0.0.1.0.0.0.0.1	00020042	00100GG	3.0	#ff9900		
PV221019.1	1.1.1.1.1.1.1.1.1.1.1.1.1.1.2.1.1.1.1.1.1.1.1.1.5.1.2	0.0.0.0.0.0.0.0.0.0.0.0.0.0.1.0.0.0.0.0.0.0.0.0.0.1.0.0.0.1	00020044	00100H	7.0	#ff9900		
OX442301.1	1.1.1.1.1.1.1.1.1.1.1.1.1.1.2.1.1.1.1.1.1.1.1.1.5.2	0.0.0.0.0.0.0.0.0.0.0.0.0.0.1.0.0.0.0.0.0.0.0.0.0.1.0.0.1	00020048	00100I	6.0	#ff9900		
PV221022.1	1.1.1.1.1.1.1.1.1.1.1.1.1.1.2.1.1.1.1.1.1.1.1.1.5.3	0.0.0.0.0.0.0.0.0.0.0.0.0.0.1.0.0.0.0.0.0.0.0.0.0.1.0.0.0.0.1.0	00020042	00100GG	9.0	#ff9900		
n851	1.1.1.1.1.1.1.1.1.1.1.1.1.1.2.1.1.1.1.1.1.1.1.1.6	0.0.0.0.0.0.0.0.0.0.0.0.0.0.1.0.0.0.0.0.0.0.0.0.0.1.0.1	0002005	00100K	3.0	#ff9900		
n852	1.1.1.1.1.1.1.1.1.1.1.1.1.1.2.1.1.1.1.1.1.1.1.1.6.1	0.0.0.0.0.0.0.0.0.0.0.0.0.0.1.0.0.0.0.0.0.0.0.0.0.1.0.1.0	00020050	00100K	1.0	#ff9900		
PQ475057.1	1.1.1.1.1.1.1.1.1.1.1.1.1.1.2.1.1.1.1.1.1.1.1.1.6.1.1	0.0.0.0.0.0.0.0.0.0.0.0.0.0.1.0.0.0.0.0.0.0.0.0.0.1.0.1.0.0	00020050	00100K	8.0	#ff9900		
PQ475062.1	1.1.1.1.1.1.1.1.1.1.1.1.1.1.2.1.1.1.1.1.1.1.1.1.6.1.2	0.0.0.0.0.0.0.0.0.0.0.0.0.0.1.0.0.0.0.0.0.0.0.0.0.1.0.1.0.1	00020054	00100L	7.0	#ff9900		
PV220999.1	1.1.1.1.1.1.1.1.1.1.1.1.1.1.2.1.1.1.1.1.1.1.1.1.6.1.3	0.0.0.0.0.0.0.0.0.0.0.0.0.0.1.0.0.0.0.0.0.0.0.0.0.1.0.1.0.0.0.1.0	000200510	00100K8	10.0	#ff9900		
PQ119457.1	1.1.1.1.1.1.1.1.1.1.1.1.1.1.2.1.1.1.1.1.1.1.1.1.6.2	0.0.0.0.0.0.0.0.0.0.0.0.0.0.1.0.0.0.0.0.0.0.0.0.0.1.0.1.1	00020058	00100M	6.0	#ff9900		
n857	1.1.1.1.1.1.1.1.1.1.1.1.1.1.2.1.1.1.1.1.1.1.1.2	0.0.0.0.0.0.0.0.0.0.0.0.0.0.1.0.0.0.0.0.0.0.0.1	000201	00102	1.0	#ff9900		
n858	1.1.1.1.1.1.1.1.1.1.1.1.1.1.2.1.1.1.1.1.1.1.1.2.1	0.0.0.0.0.0.0.0.0.0.0.0.0.0.1.0.0.0.0.0.0.0.0.1.0	0002010	00102	2.0	#ff9900		
n859	1.1.1.1.1.1.1.1.1.1.1.1.1.1.2.1.1.1.1.1.1.1.1.2.1.1	0.0.0.0.0.0.0.0.0.0.0.0.0.0.1.0.0.0.0.0.0.0.0.1.0.0	0002010	001020	1.0	#ff9900		
n860	1.1.1.1.1.1.1.1.1.1.1.1.1.1.2.1.1.1.1.1.1.1.1.2.1.1.1	0.0.0.0.0.0.0.0.0.0.0.0.0.0.1.0.0.0.0.0.0.0.0.1.0.0.0	0002010	001020	1.0	#ff9900		
n861	1.1.1.1.1.1.1.1.1.1.1.1.1.1.2.1.1.1.1.1.1.1.1.2.1.1.1.1	0.0.0.0.0.0.0.0.0.0.0.0.0.0.1.0.0.0.0.0.0.0.0.1.0.0.0.0	0002010	001020	1.0	#ff9900		
n862	1.1.1.1.1.1.1.1.1.1.1.1.1.1.2.1.1.1.1.1.1.1.1.2.1.1.1.1.1	0.0.0.0.0.0.0.0.0.0.0.0.0.0.1.0.0.0.0.0.0.0.0.1.0.0.0.0.0	00020100	001020	3.0	#ff9900		
n863	1.1.1.1.1.1.1.1.1.1.1.1.1.1.2.1.1.1.1.1.1.1.1.2.1.1.1.1.1.1	0.0.0.0.0.0.0.0.0.0.0.0.0.0.1.0.0.0.0.0.0.0.0.1.0.0.0.0.0.0	00020100	001020	1.0	#ff9900		
n864	1.1.1.1.1.1.1.1.1.1.1.1.1.1.2.1.1.1.1.1.1.1.1.2.1.1.1.1.1.1.1	0.0.0.0.0.0.0.0.0.0.0.0.0.0.1.0.0.0.0.0.0.0.0.1.0.0.0.0.0.0.0	00020100	0010200	1.0	#ff9900		
n865	1.1.1.1.1.1.1.1.1.1.1.1.1.1.2.1.1.1.1.1.1.1.1.2.1.1.1.1.1.1.1.1	0.0.0.0.0.0.0.0.0.0.0.0.0.0.1.0.0.0.0.0.0.0.0.1.0.0.0.0.0.0.0.0	00020100	0010200	10.0	#ff9900		
n866	1.1.1.1.1.1.1.1.1.1.1.1.1.1.2.1.1.1.1.1.1.1.1.2.1.1.1.1.1.1.1.1.1	0.0.0.0.0.0.0.0.0.0.0.0.0.0.1.0.0.0.0.0.0.0.0.1.0.0.0.0.0.0.0.0.0	000201000	0010200	1.0	#ff9900		
n867	1.1.1.1.1.1.1.1.1.1.1.1.1.1.2.1.1.1.1.1.1.1.1.2.1.1.1.1.1.1.1.1.1.1	0.0.0.0.0.0.0.0.0.0.0.0.0.0.1.0.0.0.0.0.0.0.0.1.0.0.0.0.0.0.0.0.0.0	000201000	0010200	2.0	#ff9900		
OQ725907.1	1.1.1.1.1.1.1.1.1.1.1.1.1.1.2.1.1.1.1.1.1.1.1.2.1.1.1.1.1.1.1.1.1.1.1	0.0.0.0.0.0.0.0.0.0.0.0.0.0.1.0.0.0.0.0.0.0.0.1.0.0.0.0.0.0.0.0.0.0.0	000201000	0010200	0.0	#ff9900		
OQ725908.1	1.1.1.1.1.1.1.1.1.1.1.1.1.1.2.1.1.1.1.1.1.1.1.2.1.1.1.1.1.1.1.1.1.1.2	0.0.0.0.0.0.0.0.0.0.0.0.0.0.1.0.0.0.0.0.0.0.0.1.0.0.0.0.0.0.0.0.0.0.1	000201002	0010201	0.0	#ff9900		
OQ725909.1	1.1.1.1.1.1.1.1.1.1.1.1.1.1.2.1.1.1.1.1.1.1.1.2.1.1.1.1.1.1.1.1.1.2	0.0.0.0.0.0.0.0.0.0.0.0.0.0.1.0.0.0.0.0.0.0.0.1.0.0.0.0.0.0.0.0.0.1	000201004	0010202	1.0	#ff9900		
OP810566.1	1.1.1.1.1.1.1.1.1.1.1.1.1.1.2.1.1.1.1.1.1.1.1.2.1.1.1.1.1.1.1.1.2	0.0.0.0.0.0.0.0.0.0.0.0.0.0.1.0.0.0.0.0.0.0.0.1.0.0.0.0.0.0.0.0.1	000201008	0010204	1.0	#ff9900		
OP810567.1	1.1.1.1.1.1.1.1.1.1.1.1.1.1.2.1.1.1.1.1.1.1.1.2.1.1.1.1.1.1.1.1.3	0.0.0.0.0.0.0.0.0.0.0.0.0.0.1.0.0.0.0.0.0.0.0.1.0.0.0.0.0.0.0.0.0.0.1.0	000201002	00102010	0.0	#ff9900		
OX442311.1	1.1.1.1.1.1.1.1.1.1.1.1.1.1.2.1.1.1.1.1.1.1.1.2.1.1.1.1.1.1.1.2	0.0.0.0.0.0.0.0.0.0.0.0.0.0.1.0.0.0.0.0.0.0.0.1.0.0.0.0.0.0.0.1	00020101	0010208	2.0	#ff9900		
PQ119462.1	1.1.1.1.1.1.1.1.1.1.1.1.1.1.2.1.1.1.1.1.1.1.1.2.1.1.1.1.1.1.1.3	0.0.0.0.0.0.0.0.0.0.0.0.0.0.1.0.0.0.0.0.0.0.0.1.0.0.0.0.0.0.0.0.0.1.0	000201004	0010202	3.0	#ff9900		
OP810565.1	1.1.1.1.1.1.1.1.1.1.1.1.1.1.2.1.1.1.1.1.1.1.1.2.1.1.1.1.1.1.2	0.0.0.0.0.0.0.0.0.0.0.0.0.0.1.0.0.0.0.0.0.0.0.1.0.0.0.0.0.0.1	00020102	001020G	7.0	#ff9900		
n876	1.1.1.1.1.1.1.1.1.1.1.1.1.1.2.1.1.1.1.1.1.1.1.2.1.1.1.1.1.2	0.0.0.0.0.0.0.0.0.0.0.0.0.0.1.0.0.0.0.0.0.0.0.1.0.0.0.0.0.1	00020104	001021	3.0	#ff9900		
n877	1.1.1.1.1.1.1.1.1.1.1.1.1.1.2.1.1.1.1.1.1.1.1.2.1.1.1.1.1.2.1	0.0.0.0.0.0.0.0.0.0.0.0.0.0.1.0.0.0.0.0.0.0.0.1.0.0.0.0.0.1.0	00020104	0010210	1.0	#ff9900		
n878	1.1.1.1.1.1.1.1.1.1.1.1.1.1.2.1.1.1.1.1.1.1.1.2.1.1.1.1.1.2.1.1	0.0.0.0.0.0.0.0.0.0.0.0.0.0.1.0.0.0.0.0.0.0.0.1.0.0.0.0.0.1.0.0	00020104	0010210	1.0	#ff9900		
OX442282.1	1.1.1.1.1.1.1.1.1.1.1.1.1.1.2.1.1.1.1.1.1.1.1.2.1.1.1.1.1.2.1.1.1	0.0.0.0.0.0.0.0.0.0.0.0.0.0.1.0.0.0.0.0.0.0.0.1.0.0.0.0.0.1.0.0.0	000201040	0010210	2.0	#ff9900		
OX442293.1	1.1.1.1.1.1.1.1.1.1.1.1.1.1.2.1.1.1.1.1.1.1.1.2.1.1.1.1.1.2.1.1.2	0.0.0.0.0.0.0.0.0.0.0.0.0.0.1.0.0.0.0.0.0.0.0.1.0.0.0.0.0.1.0.0.1	000201048	0010214	2.0	#ff9900		
LR989885.1	1.1.1.1.1.1.1.1.1.1.1.1.1.1.2.1.1.1.1.1.1.1.1.2.1.1.1.1.1.2.1.2	0.0.0.0.0.0.0.0.0.0.0.0.0.0.1.0.0.0.0.0.0.0.0.1.0.0.0.0.0.1.0.1	00020105	0010218	0.0	#ff9900		
OX442297.1	1.1.1.1.1.1.1.1.1.1.1.1.1.1.2.1.1.1.1.1.1.1.1.2.1.1.1.1.1.2.1.3	0.0.0.0.0.0.0.0.0.0.0.0.0.0.1.0.0.0.0.0.0.0.0.1.0.0.0.0.0.1.0.0.0.1.0	000201044	0010212	0.0	#ff9900		
n883	1.1.1.1.1.1.1.1.1.1.1.1.1.1.2.1.1.1.1.1.1.1.1.2.1.1.1.1.1.2.2	0.0.0.0.0.0.0.0.0.0.0.0.0.0.1.0.0.0.0.0.0.0.0.1.0.0.0.0.0.1.1	00020106	001021G	4.0	#ff9900		
OX442289.1	1.1.1.1.1.1.1.1.1.1.1.1.1.1.2.1.1.1.1.1.1.1.1.2.1.1.1.1.1.2.2.1	0.0.0.0.0.0.0.0.0.0.0.0.0.0.1.0.0.0.0.0.0.0.0.1.0.0.0.0.0.1.1.0	00020106	001021G	6.0	#ff9900		
OX442292.1	1.1.1.1.1.1.1.1.1.1.1.1.1.1.2.1.1.1.1.1.1.1.1.2.1.1.1.1.1.2.2.2	0.0.0.0.0.0.0.0.0.0.0.0.0.0.1.0.0.0.0.0.0.0.0.1.0.0.0.0.0.1.1.1	00020107	001021O	3.0	#ff9900		
LR989888.1	1.1.1.1.1.1.1.1.1.1.1.1.1.1.2.1.1.1.1.1.1.1.1.2.1.1.1.1.1.2.3	0.0.0.0.0.0.0.0.0.0.0.0.0.0.1.0.0.0.0.0.0.0.0.1.0.0.0.0.0.1.0.0.1.0	000201048	0010214	2.0	#ff9900		
n887	1.1.1.1.1.1.1.1.1.1.1.1.1.1.2.1.1.1.1.1.1.1.1.2.1.1.1.1.1.3	0.0.0.0.0.0.0.0.0.0.0.0.0.0.1.0.0.0.0.0.0.0.0.1.0.0.0.0.0.0.0.1.0	000201010	0010208	1.0	#ff9900		
PQ119428.1	1.1.1.1.1.1.1.1.1.1.1.1.1.1.2.1.1.1.1.1.1.1.1.2.1.1.1.1.1.3.1	0.0.0.0.0.0.0.0.0.0.0.0.0.0.1.0.0.0.0.0.0.0.0.1.0.0.0.0.0.0.0.1.0.0	000201010	0010208	3.0	#ff9900		
PQ119432.1	1.1.1.1.1.1.1.1.1.1.1.1.1.1.2.1.1.1.1.1.1.1.1.2.1.1.1.1.1.3.2	0.0.0.0.0.0.0.0.0.0.0.0.0.0.1.0.0.0.0.0.0.0.0.1.0.0.0.0.0.0.0.1.0.1	000201014	001020A	6.0	#ff9900		
n890	1.1.1.1.1.1.1.1.1.1.1.1.1.1.2.1.1.1.1.1.1.1.1.2.1.1.1.1.1.4	0.0.0.0.0.0.0.0.0.0.0.0.0.0.1.0.0.0.0.0.0.0.0.1.0.0.0.0.0.0.0.1.1	000201018	001020C	1.0	#ff9900		
OX442312.1	1.1.1.1.1.1.1.1.1.1.1.1.1.1.2.1.1.1.1.1.1.1.1.2.1.1.1.1.1.4.1	0.0.0.0.0.0.0.0.0.0.0.0.0.0.1.0.0.0.0.0.0.0.0.1.0.0.0.0.0.0.0.1.1.0	000201018	001020C	3.0	#ff9900		
PQ119429.1	1.1.1.1.1.1.1.1.1.1.1.1.1.1.2.1.1.1.1.1.1.1.1.2.1.1.1.1.1.4.2	0.0.0.0.0.0.0.0.0.0.0.0.0.0.1.0.0.0.0.0.0.0.0.1.0.0.0.0.0.0.0.1.1.1	00020101C	001020E	9.0	#ff9900		
n893	1.1.1.1.1.1.1.1.1.1.1.1.1.1.2.1.1.1.1.1.1.1.1.2.1.1.1.1.1.5	0.0.0.0.0.0.0.0.0.0.0.0.0.0.1.0.0.0.0.0.0.0.0.1.0.0.0.0.0.0.1.0.0	000201020	001020G	2.0	#ff9900		
MH986055.1	1.1.1.1.1.1.1.1.1.1.1.1.1.1.2.1.1.1.1.1.1.1.1.2.1.1.1.1.1.5.1	0.0.0.0.0.0.0.0.0.0.0.0.0.0.1.0.0.0.0.0.0.0.0.1.0.0.0.0.0.0.1.0.0.0	000201020	001020G	4.0	#ff9900		
PQ119452.1	1.1.1.1.1.1.1.1.1.1.1.1.1.1.2.1.1.1.1.1.1.1.1.2.1.1.1.1.1.5.2	0.0.0.0.0.0.0.0.0.0.0.0.0.0.1.0.0.0.0.0.0.0.0.1.0.0.0.0.0.0.1.0.0.1	000201024	001020I	210.0	#ff9900		
OX442283.1	1.1.1.1.1.1.1.1.1.1.1.1.1.1.2.1.1.1.1.1.1.1.1.2.1.1.1.1.1.6	0.0.0.0.0.0.0.0.0.0.0.0.0.0.1.0.0.0.0.0.0.0.0.1.0.0.0.0.0.0.1.0.1	000201028	001020K	8.0	#ff9900		
LR743423.1	1.1.1.1.1.1.1.1.1.1.1.1.1.1.2.1.1.1.1.1.1.1.1.2.1.1.1.1.1.7	0.0.0.0.0.0.0.0.0.0.0.0.0.0.1.0.0.0.0.0.0.0.0.1.0.0.0.0.0.0.1.1.0	000201030	001020O	1.0	#ff9900		
OX442347.1	1.1.1.1.1.1.1.1.1.1.1.1.1.1.2.1.1.1.1.1.1.1.1.2.1.1.1.1.1.8	0.0.0.0.0.0.0.0.0.0.0.0.0.0.1.0.0.0.0.0.0.0.0.1.0.0.0.0.0.0.1.1.1	000201038	001020S	4.0	#ff9900		
MN794939.1	1.1.1.1.1.1.1.1.1.1.1.1.1.1.2.1.1.1.1.1.1.1.1.2.1.1.1.1.1.9	0.0.0.0.0.0.0.0.0.0.0.0.0.0.1.0.0.0.0.0.0.0.0.1.0.0.0.0.0.1.0.0.0	000201040	0010210	2.0	#ff9900		
LR743443.1	1.1.1.1.1.1.1.1.1.1.1.1.1.1.2.1.1.1.1.1.1.1.1.2.1.1.1.1.2	0.0.0.0.0.0.0.0.0.0.0.0.0.0.1.0.0.0.0.0.0.0.0.1.0.0.0.0.1	00020108	001022	3.0	#ff9900		
n901	1.1.1.1.1.1.1.1.1.1.1.1.1.1.2.1.1.1.1.1.1.1.1.2.1.1.1.2	0.0.0.0.0.0.0.0.0.0.0.0.0.0.1.0.0.0.0.0.0.0.0.1.0.0.0.1	0002011	001024	1.0	#ff9900		
OX442300.1	1.1.1.1.1.1.1.1.1.1.1.1.1.1.2.1.1.1.1.1.1.1.1.2.1.1.1.2.1	0.0.0.0.0.0.0.0.0.0.0.0.0.0.1.0.0.0.0.0.0.0.0.1.0.0.0.1.0	00020110	001024	9.0	#ff9900		
PQ119444.1	1.1.1.1.1.1.1.1.1.1.1.1.1.1.2.1.1.1.1.1.1.1.1.2.1.1.1.2.2	0.0.0.0.0.0.0.0.0.0.0.0.0.0.1.0.0.0.0.0.0.0.0.1.0.0.0.1.1	00020118	001026	9.0	#ff9900		
OX442294.1	1.1.1.1.1.1.1.1.1.1.1.1.1.1.2.1.1.1.1.1.1.1.1.2.1.1.1.3	0.0.0.0.0.0.0.0.0.0.0.0.0.0.1.0.0.0.0.0.0.0.0.1.0.0.0.0.0.1.0	00020104	0010210	2.0	#ff9900		
PQ119482.1	1.1.1.1.1.1.1.1.1.1.1.1.1.1.2.1.1.1.1.1.1.1.1.2.1.1.1.4	0.0.0.0.0.0.0.0.0.0.0.0.0.0.1.0.0.0.0.0.0.0.0.1.0.0.0.0.0.1.1	00020106	001021G	8.0	#ff9900		
MZ964752.1	1.1.1.1.1.1.1.1.1.1.1.1.1.1.2.1.1.1.1.1.1.1.1.2.1.1.1.5	0.0.0.0.0.0.0.0.0.0.0.0.0.0.1.0.0.0.0.0.0.0.0.1.0.0.0.0.1.0.0	00020108	0010220	3.0	#ff9900		
n907	1.1.1.1.1.1.1.1.1.1.1.1.1.1.2.1.1.1.1.1.1.1.1.2.1.1.2	0.0.0.0.0.0.0.0.0.0.0.0.0.0.1.0.0.0.0.0.0.0.0.1.0.0.1	0002012	001028	1.0	#ff9900		
n908	1.1.1.1.1.1.1.1.1.1.1.1.1.1.2.1.1.1.1.1.1.1.1.2.1.1.2.1	0.0.0.0.0.0.0.0.0.0.0.0.0.0.1.0.0.0.0.0.0.0.0.1.0.0.1.0	0002012	001028	7.0	#ff9900		
OX442296.1	1.1.1.1.1.1.1.1.1.1.1.1.1.1.2.1.1.1.1.1.1.1.1.2.1.1.2.1.1	0.0.0.0.0.0.0.0.0.0.0.0.0.0.1.0.0.0.0.0.0.0.0.1.0.0.1.0.0	00020120	001028	1.0	#ff9900		
OQ725906.1	1.1.1.1.1.1.1.1.1.1.1.1.1.1.2.1.1.1.1.1.1.1.1.2.1.1.2.1.2	0.0.0.0.0.0.0.0.0.0.0.0.0.0.1.0.0.0.0.0.0.0.0.1.0.0.1.0.1	00020128	00102A	5.0	#ff9900		
PQ119473.1	1.1.1.1.1.1.1.1.1.1.1.1.1.1.2.1.1.1.1.1.1.1.1.2.1.1.2.2	0.0.0.0.0.0.0.0.0.0.0.0.0.0.1.0.0.0.0.0.0.0.0.1.0.0.1.1	0002013	00102C	2.0	#ff9900		
MZ964753.1	1.1.1.1.1.1.1.1.1.1.1.1.1.1.2.1.1.1.1.1.1.1.1.2.1.1.2.3	0.0.0.0.0.0.0.0.0.0.0.0.0.0.1.0.0.0.0.0.0.0.0.1.0.0.1.0.0.1.0	00020124	0010290	4.0	#ff9900		
n913	1.1.1.1.1.1.1.1.1.1.1.1.1.1.2.1.1.1.1.1.1.1.1.2.1.1.3	0.0.0.0.0.0.0.0.0.0.0.0.0.0.1.0.0.0.0.0.0.0.0.1.0.0.0.0.1.0	00020108	001022	2.0	#ff9900		
n914	1.1.1.1.1.1.1.1.1.1.1.1.1.1.2.1.1.1.1.1.1.1.1.2.1.1.3.1	0.0.0.0.0.0.0.0.0.0.0.0.0.0.1.0.0.0.0.0.0.0.0.1.0.0.0.0.1.0.0	00020108	0010220	1.0	#ff9900		
OX442280.1	1.1.1.1.1.1.1.1.1.1.1.1.1.1.2.1.1.1.1.1.1.1.1.2.1.1.3.1.1	0.0.0.0.0.0.0.0.0.0.0.0.0.0.1.0.0.0.0.0.0.0.0.1.0.0.0.0.1.0.0.0	00020108	0010220	0.0	#ff9900		
OX442298.1	1.1.1.1.1.1.1.1.1.1.1.1.1.1.2.1.1.1.1.1.1.1.1.2.1.1.3.1.2	0.0.0.0.0.0.0.0.0.0.0.0.0.0.1.0.0.0.0.0.0.0.0.1.0.0.0.0.1.0.0.1	00020109	0010228	3.0	#ff9900		
PQ119446.1	1.1.1.1.1.1.1.1.1.1.1.1.1.1.2.1.1.1.1.1.1.1.1.2.1.1.3.2	0.0.0.0.0.0.0.0.0.0.0.0.0.0.1.0.0.0.0.0.0.0.0.1.0.0.0.0.1.0.1	0002010A	001022G	4.0	#ff9900		
LR743426.1	1.1.1.1.1.1.1.1.1.1.1.1.1.1.2.1.1.1.1.1.1.1.1.2.1.2	0.0.0.0.0.0.0.0.0.0.0.0.0.0.1.0.0.0.0.0.0.0.0.1.0.1	0002014	00102G	0.0	#ff9900		
LR743432.1	1.1.1.1.1.1.1.1.1.1.1.1.1.1.2.1.1.1.1.1.1.1.1.2.1.3	0.0.0.0.0.0.0.0.0.0.0.0.0.0.1.0.0.0.0.0.0.0.0.1.0.0.0.1.0	00020110	001024	0.0	#ff9900		
LR743427.1	1.1.1.1.1.1.1.1.1.1.1.1.1.1.2.1.1.1.1.1.1.1.1.2.1.4	0.0.0.0.0.0.0.0.0.0.0.0.0.0.1.0.0.0.0.0.0.0.0.1.0.0.0.1.1	00020118	001026	3.0	#ff9900		
LR743435.1	1.1.1.1.1.1.1.1.1.1.1.1.1.1.2.1.1.1.1.1.1.1.1.2.1.5	0.0.0.0.0.0.0.0.0.0.0.0.0.0.1.0.0.0.0.0.0.0.0.1.0.0.1.0.0	00020120	001028	1.0	#ff9900		
OX442302.1	1.1.1.1.1.1.1.1.1.1.1.1.1.1.2.1.1.1.1.1.1.1.1.2.1.6	0.0.0.0.0.0.0.0.0.0.0.0.0.0.1.0.0.0.0.0.0.0.0.1.0.0.1.0.1	00020128	00102A	4.0	#ff9900		
OX442307.1	1.1.1.1.1.1.1.1.1.1.1.1.1.1.2.1.1.1.1.1.1.1.1.2.1.7	0.0.0.0.0.0.0.0.0.0.0.0.0.0.1.0.0.0.0.0.0.0.0.1.0.0.1.1.0	00020130	00102C	4.0	#ff9900		
n924	1.1.1.1.1.1.1.1.1.1.1.1.1.1.2.1.1.1.1.1.1.1.1.2.2	0.0.0.0.0.0.0.0.0.0.0.0.0.0.1.0.0.0.0.0.0.0.0.1.1	0002018	00103	2.0	#ff9900		
n925	1.1.1.1.1.1.1.1.1.1.1.1.1.1.2.1.1.1.1.1.1.1.1.2.2.1	0.0.0.0.0.0.0.0.0.0.0.0.0.0.1.0.0.0.0.0.0.0.0.1.1.0	0002018	001030	1.0	#ff9900		
n926	1.1.1.1.1.1.1.1.1.1.1.1.1.1.2.1.1.1.1.1.1.1.1.2.2.1.1	0.0.0.0.0.0.0.0.0.0.0.0.0.0.1.0.0.0.0.0.0.0.0.1.1.0.0	0002018	001030	1.0	#ff9900		
OX442278.1	1.1.1.1.1.1.1.1.1.1.1.1.1.1.2.1.1.1.1.1.1.1.1.2.2.1.1.1	0.0.0.0.0.0.0.0.0.0.0.0.0.0.1.0.0.0.0.0.0.0.0.1.1.0.0.0	0002018	001030	1.0	#ff9900		
OX442281.1	1.1.1.1.1.1.1.1.1.1.1.1.1.1.2.1.1.1.1.1.1.1.1.2.2.1.1.2	0.0.0.0.0.0.0.0.0.0.0.0.0.0.1.0.0.0.0.0.0.0.0.1.1.0.0.1	0002019	001034	2.0	#ff9900		
n929	1.1.1.1.1.1.1.1.1.1.1.1.1.1.2.1.1.1.1.1.1.1.1.2.2.1.2	0.0.0.0.0.0.0.0.0.0.0.0.0.0.1.0.0.0.0.0.0.0.0.1.1.0.1	000201A	001038	2.0	#ff9900		
PQ475053.1	1.1.1.1.1.1.1.1.1.1.1.1.1.1.2.1.1.1.1.1.1.1.1.2.2.1.2.1	0.0.0.0.0.0.0.0.0.0.0.0.0.0.1.0.0.0.0.0.0.0.0.1.1.0.1.0	000201A	001038	1.0	#ff9900		
LR743451.1	1.1.1.1.1.1.1.1.1.1.1.1.1.1.2.1.1.1.1.1.1.1.1.2.2.1.2.2	0.0.0.0.0.0.0.0.0.0.0.0.0.0.1.0.0.0.0.0.0.0.0.1.1.0.1.1	000201B	00103C	3.0	#ff9900		
PV220998.1	1.1.1.1.1.1.1.1.1.1.1.1.1.1.2.1.1.1.1.1.1.1.1.2.2.2	0.0.0.0.0.0.0.0.0.0.0.0.0.0.1.0.0.0.0.0.0.0.0.1.1.1	000201C	00103G	24.0	#ff9900		
n933	1.1.1.1.1.1.1.1.1.1.1.1.1.1.2.1.1.1.1.1.1.1.1.3	0.0.0.0.0.0.0.0.0.0.0.0.0.0.1.0.0.0.0.0.0.0.0.0.0.1.0	0002004	00100G	2.0	#ff9900		
n934	1.1.1.1.1.1.1.1.1.1.1.1.1.1.2.1.1.1.1.1.1.1.1.3.1	0.0.0.0.0.0.0.0.0.0.0.0.0.0.1.0.0.0.0.0.0.0.0.0.0.1.0.0	0002004	00100G	2.0	#ff9900		
n935	1.1.1.1.1.1.1.1.1.1.1.1.1.1.2.1.1.1.1.1.1.1.1.3.1.1	0.0.0.0.0.0.0.0.0.0.0.0.0.0.1.0.0.0.0.0.0.0.0.0.0.1.0.0.0	00020040	00100G	1.0	#ff9900		
n936	1.1.1.1.1.1.1.1.1.1.1.1.1.1.2.1.1.1.1.1.1.1.1.3.1.1.1	0.0.0.0.0.0.0.0.0.0.0.0.0.0.1.0.0.0.0.0.0.0.0.0.0.1.0.0.0.0	00020040	00100G	1.0	#ff9900		
n937	1.1.1.1.1.1.1.1.1.1.1.1.1.1.2.1.1.1.1.1.1.1.1.3.1.1.1.1	0.0.0.0.0.0.0.0.0.0.0.0.0.0.1.0.0.0.0.0.0.0.0.0.0.1.0.0.0.0.0	00020040	00100G0	4.0	#ff9900		
OX442288.1	1.1.1.1.1.1.1.1.1.1.1.1.1.1.2.1.1.1.1.1.1.1.1.3.1.1.1.1.1	0.0.0.0.0.0.0.0.0.0.0.0.0.0.1.0.0.0.0.0.0.0.0.0.0.1.0.0.0.0.0.0	00020040	00100G0	5.0	#ff9900		
PV221001.1	1.1.1.1.1.1.1.1.1.1.1.1.1.1.2.1.1.1.1.1.1.1.1.3.1.1.1.1.2	0.0.0.0.0.0.0.0.0.0.0.0.0.0.1.0.0.0.0.0.0.0.0.0.0.1.0.0.0.0.0.1	00020041	00100G8	2.0	#ff9900		
PV221016.1	1.1.1.1.1.1.1.1.1.1.1.1.1.1.2.1.1.1.1.1.1.1.1.3.1.1.1.1.3	0.0.0.0.0.0.0.0.0.0.0.0.0.0.1.0.0.0.0.0.0.0.0.0.0.1.0.0.0.0.0.0.0.1.0	000200404	00100G2	12.0	#ff9900		
n941	1.1.1.1.1.1.1.1.1.1.1.1.1.1.2.1.1.1.1.1.1.1.1.3.1.1.1.2	0.0.0.0.0.0.0.0.0.0.0.0.0.0.1.0.0.0.0.0.0.0.0.0.0.1.0.0.0.0.1	00020042	00100GG	5.0	#ff9900		
OX442287.1	1.1.1.1.1.1.1.1.1.1.1.1.1.1.2.1.1.1.1.1.1.1.1.3.1.1.1.2.1	0.0.0.0.0.0.0.0.0.0.0.0.0.0.1.0.0.0.0.0.0.0.0.0.0.1.0.0.0.0.1.0	00020042	00100GG	1.0	#ff9900		
OX451204.1	1.1.1.1.1.1.1.1.1.1.1.1.1.1.2.1.1.1.1.1.1.1.1.3.1.1.1.2.2	0.0.0.0.0.0.0.0.0.0.0.0.0.0.1.0.0.0.0.0.0.0.0.0.0.1.0.0.0.0.1.1	00020043	00100GO	3.0	#ff9900		
LR743429.1	1.1.1.1.1.1.1.1.1.1.1.1.1.1.2.1.1.1.1.1.1.1.1.3.1.1.2	0.0.0.0.0.0.0.0.0.0.0.0.0.0.1.0.0.0.0.0.0.0.0.0.0.1.0.0.0.1	00020044	00100H	0.0	#ff9900		
OX442275.1	1.1.1.1.1.1.1.1.1.1.1.1.1.1.2.1.1.1.1.1.1.1.1.3.1.1.3	0.0.0.0.0.0.0.0.0.0.0.0.0.0.1.0.0.0.0.0.0.0.0.0.0.1.0.0.0.0.0.1.0	000200410	00100G8	4.0	#ff9900		
n946	1.1.1.1.1.1.1.1.1.1.1.1.1.1.2.1.1.1.1.1.1.1.1.3.1.2	0.0.0.0.0.0.0.0.0.0.0.0.0.0.1.0.0.0.0.0.0.0.0.0.0.1.0.0.1	00020048	00100I	1.0	#ff9900		
LR743436.1	1.1.1.1.1.1.1.1.1.1.1.1.1.1.2.1.1.1.1.1.1.1.1.3.1.2.1	0.0.0.0.0.0.0.0.0.0.0.0.0.0.1.0.0.0.0.0.0.0.0.0.0.1.0.0.1.0	00020048	00100I	2.0	#ff9900		
LR743450.1	1.1.1.1.1.1.1.1.1.1.1.1.1.1.2.1.1.1.1.1.1.1.1.3.1.2.2	0.0.0.0.0.0.0.0.0.0.0.0.0.0.1.0.0.0.0.0.0.0.0.0.0.1.0.0.1.1	0002004C	00100J	3.0	#ff9900		
OX442274.1	1.1.1.1.1.1.1.1.1.1.1.1.1.1.2.1.1.1.1.1.1.1.1.3.1.2.3	0.0.0.0.0.0.0.0.0.0.0.0.0.0.1.0.0.0.0.0.0.0.0.0.0.1.0.0.1.0.0.1.0	000200490	00100I8	4.0	#ff9900		
LR743442.1	1.1.1.1.1.1.1.1.1.1.1.1.1.1.2.1.1.1.1.1.1.1.1.3.1.2.4	0.0.0.0.0.0.0.0.0.0.0.0.0.0.1.0.0.0.0.0.0.0.0.0.0.1.0.0.1.0.0.1.1	000200498	00100IC	9.0	#ff9900		
PQ475065.1	1.1.1.1.1.1.1.1.1.1.1.1.1.1.2.1.1.1.1.1.1.1.1.3.1.3	0.0.0.0.0.0.0.0.0.0.0.0.0.0.1.0.0.0.0.0.0.0.0.0.0.1.0.0.0.0.1.0	00020042	00100GG	14.0	#ff9900		
LR743430.1	1.1.1.1.1.1.1.1.1.1.1.1.1.1.2.1.1.1.1.1.1.1.1.3.2	0.0.0.0.0.0.0.0.0.0.0.0.0.0.1.0.0.0.0.0.0.0.0.0.0.1.0.1	0002005	00100K	6.0	#ff9900		
n953	1.1.1.1.1.1.1.1.1.1.1.1.1.1.2.1.1.1.1.1.1.1.1.4	0.0.0.0.0.0.0.0.0.0.0.0.0.0.1.0.0.0.0.0.0.0.0.0.0.1.1	0002006	00100O	3.0	#ff9900		
n954	1.1.1.1.1.1.1.1.1.1.1.1.1.1.2.1.1.1.1.1.1.1.1.4.1	0.0.0.0.0.0.0.0.0.0.0.0.0.0.1.0.0.0.0.0.0.0.0.0.0.1.1.0	0002006	00100O	1.0	#ff9900		
LR743428.1	1.1.1.1.1.1.1.1.1.1.1.1.1.1.2.1.1.1.1.1.1.1.1.4.1.1	0.0.0.0.0.0.0.0.0.0.0.0.0.0.1.0.0.0.0.0.0.0.0.0.0.1.1.0.0	00020060	00100O	4.0	#ff9900		
OX442285.1	1.1.1.1.1.1.1.1.1.1.1.1.1.1.2.1.1.1.1.1.1.1.1.4.1.2	0.0.0.0.0.0.0.0.0.0.0.0.0.0.1.0.0.0.0.0.0.0.0.0.0.1.1.0.1	00020068	00100Q	6.0	#ff9900		
LR743424.1	1.1.1.1.1.1.1.1.1.1.1.1.1.1.2.1.1.1.1.1.1.1.1.4.2	0.0.0.0.0.0.0.0.0.0.0.0.0.0.1.0.0.0.0.0.0.0.0.0.0.1.1.1	0002007	00100S	5.0	#ff9900		
LR743455.1	1.1.1.1.1.1.1.1.1.1.1.1.1.1.2.1.1.1.1.1.1.1.1.4.3	0.0.0.0.0.0.0.0.0.0.0.0.0.0.1.0.0.0.0.0.0.0.0.0.0.1.1.0.0.1.0	00020064	00100P0	3.0	#ff9900		
LR743447.1	1.1.1.1.1.1.1.1.1.1.1.1.1.1.2.1.1.1.1.1.1.1.1.4.4	0.0.0.0.0.0.0.0.0.0.0.0.0.0.1.0.0.0.0.0.0.0.0.0.0.1.1.0.0.1.1	00020066	00100PG	3.0	#ff9900		
n960	1.1.1.1.1.1.1.1.1.1.1.1.1.1.2.1.1.1.1.1.1.1.1.5	0.0.0.0.0.0.0.0.0.0.0.0.0.0.1.0.0.0.0.0.0.0.0.0.1.0.0	0002008	001010	3.0	#ff9900		
n961	1.1.1.1.1.1.1.1.1.1.1.1.1.1.2.1.1.1.1.1.1.1.1.5.1	0.0.0.0.0.0.0.0.0.0.0.0.0.0.1.0.0.0.0.0.0.0.0.0.1.0.0.0	0002008	001010	1.0	#ff9900		
n962	1.1.1.1.1.1.1.1.1.1.1.1.1.1.2.1.1.1.1.1.1.1.1.5.1.1	0.0.0.0.0.0.0.0.0.0.0.0.0.0.1.0.0.0.0.0.0.0.0.0.1.0.0.0.0	00020080	001010	2.0	#ff9900		
OX442277.1	1.1.1.1.1.1.1.1.1.1.1.1.1.1.2.1.1.1.1.1.1.1.1.5.1.1.1	0.0.0.0.0.0.0.0.0.0.0.0.0.0.1.0.0.0.0.0.0.0.0.0.1.0.0.0.0.0	00020080	001010	0.0	#ff9900		
OX442291.1	1.1.1.1.1.1.1.1.1.1.1.1.1.1.2.1.1.1.1.1.1.1.1.5.1.1.2	0.0.0.0.0.0.0.0.0.0.0.0.0.0.1.0.0.0.0.0.0.0.0.0.1.0.0.0.0.1	00020084	001011	0.0	#ff9900		
LR743433.1	1.1.1.1.1.1.1.1.1.1.1.1.1.1.2.1.1.1.1.1.1.1.1.5.1.2	0.0.0.0.0.0.0.0.0.0.0.0.0.0.1.0.0.0.0.0.0.0.0.0.1.0.0.0.1	00020088	001012	0.0	#ff9900		
OX442295.1	1.1.1.1.1.1.1.1.1.1.1.1.1.1.2.1.1.1.1.1.1.1.1.5.2	0.0.0.0.0.0.0.0.0.0.0.0.0.0.1.0.0.0.0.0.0.0.0.0.1.0.0.1	0002009	001014	6.0	#ff9900		
n967	1.1.1.1.1.1.1.1.1.1.1.1.1.1.2.1.1.1.1.1.1.1.1.6	0.0.0.0.0.0.0.0.0.0.0.0.0.0.1.0.0.0.0.0.0.0.0.0.1.0.1	000200A	001018	5.0	#ff9900		
n968	1.1.1.1.1.1.1.1.1.1.1.1.1.1.2.1.1.1.1.1.1.1.1.6.1	0.0.0.0.0.0.0.0.0.0.0.0.0.0.1.0.0.0.0.0.0.0.0.0.1.0.1.0	000200A	001018	2.0	#ff9900		
OX442284.1	1.1.1.1.1.1.1.1.1.1.1.1.1.1.2.1.1.1.1.1.1.1.1.6.1.1	0.0.0.0.0.0.0.0.0.0.0.0.0.0.1.0.0.0.0.0.0.0.0.0.1.0.1.0.0	000200A0	001018	0.0	#ff9900		
OX442308.1	1.1.1.1.1.1.1.1.1.1.1.1.1.1.2.1.1.1.1.1.1.1.1.6.1.2	0.0.0.0.0.0.0.0.0.0.0.0.0.0.1.0.0.0.0.0.0.0.0.0.1.0.1.0.1	000200A8	00101A	1.0	#ff9900		
OX442304.1	1.1.1.1.1.1.1.1.1.1.1.1.1.1.2.1.1.1.1.1.1.1.1.6.2	0.0.0.0.0.0.0.0.0.0.0.0.0.0.1.0.0.0.0.0.0.0.0.0.1.0.1.1	000200B	00101C	3.0	#ff9900		
n972	1.1.1.1.1.1.1.1.1.1.1.1.1.1.2.1.1.1.1.1.1.1.2	0.0.0.0.0.0.0.0.0.0.0.0.0.0.1.0.0.0.0.0.0.0.1	000202	00104	4.0	#ff9900		
n973	1.1.1.1.1.1.1.1.1.1.1.1.1.1.2.1.1.1.1.1.1.1.2.1	0.0.0.0.0.0.0.0.0.0.0.0.0.0.1.0.0.0.0.0.0.0.1.0	000202	00104	2.0	#ff9900		
n974	1.1.1.1.1.1.1.1.1.1.1.1.1.1.2.1.1.1.1.1.1.1.2.1.1	0.0.0.0.0.0.0.0.0.0.0.0.0.0.1.0.0.0.0.0.0.0.1.0.0	0002020	00104	3.0	#ff9900		
2025.EXT.0218.1613.0061	1.1.1.1.1.1.1.1.1.1.1.1.1.1.2.1.1.1.1.1.1.1.2.1.1.1	0.0.0.0.0.0.0.0.0.0.0.0.0.0.1.0.0.0.0.0.0.0.1.0.0.0	0002020	001040	0.0	#ff9900		
OK239667.1	1.1.1.1.1.1.1.1.1.1.1.1.1.1.2.1.1.1.1.1.1.1.2.1.1.2	0.0.0.0.0.0.0.0.0.0.0.0.0.0.1.0.0.0.0.0.0.0.1.0.0.1	0002024	00104G	26.0	#ff9900		
OK239671.1	1.1.1.1.1.1.1.1.1.1.1.1.1.1.2.1.1.1.1.1.1.1.2.1.2	0.0.0.0.0.0.0.0.0.0.0.0.0.0.1.0.0.0.0.0.0.0.1.0.1	0002028	00105	6.0	#ff9900		
OK239660.1	1.1.1.1.1.1.1.1.1.1.1.1.1.1.2.1.1.1.1.1.1.1.2.1.3	0.0.0.0.0.0.0.0.0.0.0.0.0.0.1.0.0.0.0.0.0.0.1.0.0.0.1.0	0002022	001048	10.0	#ff9900		
n979	1.1.1.1.1.1.1.1.1.1.1.1.1.1.2.1.1.1.1.1.1.1.2.2	0.0.0.0.0.0.0.0.0.0.0.0.0.0.1.0.0.0.0.0.0.0.1.1	000203	00106	1.0	#ff9900		
n980	1.1.1.1.1.1.1.1.1.1.1.1.1.1.2.1.1.1.1.1.1.1.2.2.1	0.0.0.0.0.0.0.0.0.0.0.0.0.0.1.0.0.0.0.0.0.0.1.1.0	0002030	00106	1.0	#ff9900		
OK239668.1	1.1.1.1.1.1.1.1.1.1.1.1.1.1.2.1.1.1.1.1.1.1.2.2.1.1	0.0.0.0.0.0.0.0.0.0.0.0.0.0.1.0.0.0.0.0.0.0.1.1.0.0	0002030	001060	8.0	#ff9900		
OK239664.1	1.1.1.1.1.1.1.1.1.1.1.1.1.1.2.1.1.1.1.1.1.1.2.2.1.2	0.0.0.0.0.0.0.0.0.0.0.0.0.0.1.0.0.0.0.0.0.0.1.1.0.1	0002034	00106G	10.0	#ff9900		
OK129336.1	1.1.1.1.1.1.1.1.1.1.1.1.1.1.2.1.1.1.1.1.1.1.2.2.2	0.0.0.0.0.0.0.0.0.0.0.0.0.0.1.0.0.0.0.0.0.0.1.1.1	0002038	00107	1.0	#ff9900		
OK129334.1	1.1.1.1.1.1.1.1.1.1.1.1.1.1.2.1.1.1.1.1.1.1.2.3	0.0.0.0.0.0.0.0.0.0.0.0.0.0.1.0.0.0.0.0.0.0.1.0.0.1.0	0002024	00104G	11.0	#ff9900		
2025.EXT.0218.1613.0039	1.1.1.1.1.1.1.1.1.1.1.1.1.1.2.1.1.1.1.1.1.1.3	0.0.0.0.0.0.0.0.0.0.0.0.0.0.1.0.0.0.0.0.0.0.0.0.1.0	0002008	001010	6.0	#ff9900		
OK129335.1	1.1.1.1.1.1.1.1.1.1.1.1.1.1.2.1.1.1.1.1.1.2	0.0.0.0.0.0.0.0.0.0.0.0.0.0.1.0.0.0.0.0.0.1	000204	00108	10.0	#ff9900		
n987	1.1.1.1.1.1.1.1.1.1.1.1.1.1.2.1.1.1.1.1.2	0.0.0.0.0.0.0.0.0.0.0.0.0.0.1.0.0.0.0.0.1	000208	0010G	5.0	#ff9900		
n988	1.1.1.1.1.1.1.1.1.1.1.1.1.1.2.1.1.1.1.1.2.1	0.0.0.0.0.0.0.0.0.0.0.0.0.0.1.0.0.0.0.0.1.0	000208	0010G	1.0	#ff9900		
n989	1.1.1.1.1.1.1.1.1.1.1.1.1.1.2.1.1.1.1.1.2.1.1	0.0.0.0.0.0.0.0.0.0.0.0.0.0.1.0.0.0.0.0.1.0.0	000208	0010G	2.0	#ff9900		
PQ119466.1	1.1.1.1.1.1.1.1.1.1.1.1.1.1.2.1.1.1.1.1.2.1.1.1	0.0.0.0.0.0.0.0.0.0.0.0.0.0.1.0.0.0.0.0.1.0.0.0	000208	0010G	0.0	#ff9900		
PQ119449.1	1.1.1.1.1.1.1.1.1.1.1.1.1.1.2.1.1.1.1.1.2.1.1.2	0.0.0.0.0.0.0.0.0.0.0.0.0.0.1.0.0.0.0.0.1.0.0.1	000209	0010I	5.0	#ff9900		
PQ119451.1	1.1.1.1.1.1.1.1.1.1.1.1.1.1.2.1.1.1.1.1.2.1.2	0.0.0.0.0.0.0.0.0.0.0.0.0.0.1.0.0.0.0.0.1.0.1	00020A	0010K	2.0	#ff9900		
PQ119431.1	1.1.1.1.1.1.1.1.1.1.1.1.1.1.2.1.1.1.1.1.2.2	0.0.0.0.0.0.0.0.0.0.0.0.0.0.1.0.0.0.0.0.1.1	00020C	0010O	2.0	#ff9900		
OX442299.1	1.1.1.1.1.1.1.1.1.1.1.1.1.1.2.1.1.1.1.2	0.0.0.0.0.0.0.0.0.0.0.0.0.0.1.0.0.0.0.1	00021	0011	8.0			
n995	1.1.1.1.1.1.1.1.1.1.1.1.1.1.2.1.1.1.2	0.0.0.0.0.0.0.0.0.0.0.0.0.0.1.0.0.0.1	00022	0012	4.0			
n996	1.1.1.1.1.1.1.1.1.1.1.1.1.1.2.1.1.1.2.1	0.0.0.0.0.0.0.0.0.0.0.0.0.0.1.0.0.0.1.0	00022	0012	6.0			
n997	1.1.1.1.1.1.1.1.1.1.1.1.1.1.2.1.1.1.2.1.1	0.0.0.0.0.0.0.0.0.0.0.0.0.0.1.0.0.0.1.0.0	000220	00120	6.0			
n998	1.1.1.1.1.1.1.1.1.1.1.1.1.1.2.1.1.1.2.1.1.1	0.0.0.0.0.0.0.0.0.0.0.0.0.0.1.0.0.0.1.0.0.0	000220	00120	1.0			
LR743444.1	1.1.1.1.1.1.1.1.1.1.1.1.1.1.2.1.1.1.2.1.1.1.1	0.0.0.0.0.0.0.0.0.0.0.0.0.0.1.0.0.0.1.0.0.0.0	000220	00120	3.0			
PV221014.1	1.1.1.1.1.1.1.1.1.1.1.1.1.1.2.1.1.1.2.1.1.1.2	0.0.0.0.0.0.0.0.0.0.0.0.0.0.1.0.0.0.1.0.0.0.1	000222	00124	19.0			
PV221013.1	1.1.1.1.1.1.1.1.1.1.1.1.1.1.2.1.1.1.2.1.1.1.3	0.0.0.0.0.0.0.0.0.0.0.0.0.0.1.0.0.0.1.0.0.0.0.0.1.0	0002208	001210	10.0			
LR743425.1	1.1.1.1.1.1.1.1.1.1.1.1.1.1.2.1.1.1.2.1.1.1.4	0.0.0.0.0.0.0.0.0.0.0.0.0.0.1.0.0.0.1.0.0.0.0.0.1.1	000220C	00121G	1.0			
n1003	1.1.1.1.1.1.1.1.1.1.1.1.1.1.2.1.1.1.2.1.1.2	0.0.0.0.0.0.0.0.0.0.0.0.0.0.1.0.0.0.1.0.0.1	000224	00128	11.0			
PQ119450.1	1.1.1.1.1.1.1.1.1.1.1.1.1.1.2.1.1.1.2.1.1.2.1	0.0.0.0.0.0.0.0.0.0.0.0.0.0.1.0.0.0.1.0.0.1.0	000224	00128	33.0			
PQ119469.1	1.1.1.1.1.1.1.1.1.1.1.1.1.1.2.1.1.1.2.1.1.2.2	0.0.0.0.0.0.0.0.0.0.0.0.0.0.1.0.0.0.1.0.0.1.1	000226	0012C	53.0			
MZ964751.1	1.1.1.1.1.1.1.1.1.1.1.1.1.1.2.1.1.1.2.1.2	0.0.0.0.0.0.0.0.0.0.0.0.0.0.1.0.0.0.1.0.1	000228	0012G	9.0			
n1007	1.1.1.1.1.1.1.1.1.1.1.1.1.1.2.1.1.1.2.2	0.0.0.0.0.0.0.0.0.0.0.0.0.0.1.0.0.0.1.1	00023	0013	20.0			
n1008	1.1.1.1.1.1.1.1.1.1.1.1.1.1.2.1.1.1.2.2.1	0.0.0.0.0.0.0.0.0.0.0.0.0.0.1.0.0.0.1.1.0	000230	00130	1.0			
PQ475049.1	1.1.1.1.1.1.1.1.1.1.1.1.1.1.2.1.1.1.2.2.1.1	0.0.0.0.0.0.0.0.0.0.0.0.0.0.1.0.0.0.1.1.0.0	000230	00130	2.0			
PQ475058.1	1.1.1.1.1.1.1.1.1.1.1.1.1.1.2.1.1.1.2.2.1.2	0.0.0.0.0.0.0.0.0.0.0.0.0.0.1.0.0.0.1.1.0.1	000234	00138	1.0			
PV220994.1	1.1.1.1.1.1.1.1.1.1.1.1.1.1.2.1.1.1.2.2.2	0.0.0.0.0.0.0.0.0.0.0.0.0.0.1.0.0.0.1.1.1	000238	0013G	4.0			
KM203862.1	1.1.1.1.1.1.1.1.1.1.1.1.1.1.2.1.1.1.3	0.0.0.0.0.0.0.0.0.0.0.0.0.0.1.0.0.0.0.0.1.0	000208	0010G	5.0			
n1013	1.1.1.1.1.1.1.1.1.1.1.1.1.1.2.1.1.2	0.0.0.0.0.0.0.0.0.0.0.0.0.0.1.0.0.1	00024	0014	4.0			
n1014	1.1.1.1.1.1.1.1.1.1.1.1.1.1.2.1.1.2.1	0.0.0.0.0.0.0.0.0.0.0.0.0.0.1.0.0.1.0	00024	0014	13.0			
LR743434.1	1.1.1.1.1.1.1.1.1.1.1.1.1.1.2.1.1.2.1.1	0.0.0.0.0.0.0.0.0.0.0.0.0.0.1.0.0.1.0.0	00024	0014	0.0			
LR743437.1	1.1.1.1.1.1.1.1.1.1.1.1.1.1.2.1.1.2.1.2	0.0.0.0.0.0.0.0.0.0.0.0.0.0.1.0.0.1.0.1	00025	0015	0.0			
MF984341.1	1.1.1.1.1.1.1.1.1.1.1.1.1.1.2.1.1.2.2	0.0.0.0.0.0.0.0.0.0.0.0.0.0.1.0.0.1.1	00026	0016	7.0			
n1018	1.1.1.1.1.1.1.1.1.1.1.1.1.1.2.1.1.3	0.0.0.0.0.0.0.0.0.0.0.0.0.0.1.0.0.0.0.1.0	000210	00110	21.0			
PV596757.1	1.1.1.1.1.1.1.1.1.1.1.1.1.1.2.1.1.3.1	0.0.0.0.0.0.0.0.0.0.0.0.0.0.1.0.0.0.0.1.0.0	000210	00110	0.0			
PP212879.1	1.1.1.1.1.1.1.1.1.1.1.1.1.1.2.1.1.3.2	0.0.0.0.0.0.0.0.0.0.0.0.0.0.1.0.0.0.0.1.0.1	000214	00118	3.0			
n1021	1.1.1.1.1.1.1.1.1.1.1.1.1.1.2.1.2	0.0.0.0.0.0.0.0.0.0.0.0.0.0.1.0.1	00028	0018	1.0	#ff9966	{72,129.0,#ff9966}	#ff9966
n1022	1.1.1.1.1.1.1.1.1.1.1.1.1.1.2.1.2.1	0.0.0.0.0.0.0.0.0.0.0.0.0.0.1.0.1.0	00028	0018	1.0	#ff9966		
n1023	1.1.1.1.1.1.1.1.1.1.1.1.1.1.2.1.2.1.1	0.0.0.0.0.0.0.0.0.0.0.0.0.0.1.0.1.0.0	00028	0018	2.0	#ff9966		
n1024	1.1.1.1.1.1.1.1.1.1.1.1.1.1.2.1.2.1.1.1	0.0.0.0.0.0.0.0.0.0.0.0.0.0.1.0.1.0.0.0	00028	0018	6.0	#ff9966		
n1025	1.1.1.1.1.1.1.1.1.1.1.1.1.1.2.1.2.1.1.1.1	0.0.0.0.0.0.0.0.0.0.0.0.0.0.1.0.1.0.0.0.0	000280	00180	3.0	#ff9966		
n1026	1.1.1.1.1.1.1.1.1.1.1.1.1.1.2.1.2.1.1.1.1.1	0.0.0.0.0.0.0.0.0.0.0.0.0.0.1.0.1.0.0.0.0.0	000280	00180	1.0	#ff9966		
n1027	1.1.1.1.1.1.1.1.1.1.1.1.1.1.2.1.2.1.1.1.1.1.1	0.0.0.0.0.0.0.0.0.0.0.0.0.0.1.0.1.0.0.0.0.0.0	000280	00180	2.0	#ff9966		
n1028	1.1.1.1.1.1.1.1.1.1.1.1.1.1.2.1.2.1.1.1.1.1.1.1	0.0.0.0.0.0.0.0.0.0.0.0.0.0.1.0.1.0.0.0.0.0.0.0	000280	00180	3.0	#ff9966		
n1029	1.1.1.1.1.1.1.1.1.1.1.1.1.1.2.1.2.1.1.1.1.1.1.1.1	0.0.0.0.0.0.0.0.0.0.0.0.0.0.1.0.1.0.0.0.0.0.0.0.0	0002800	00180	2.0	#ff9966		
n1030	1.1.1.1.1.1.1.1.1.1.1.1.1.1.2.1.2.1.1.1.1.1.1.1.1.1	0.0.0.0.0.0.0.0.0.0.0.0.0.0.1.0.1.0.0.0.0.0.0.0.0.0	0002800	001800	2.0	#ff9966		
n1031	1.1.1.1.1.1.1.1.1.1.1.1.1.1.2.1.2.1.1.1.1.1.1.1.1.1.1	0.0.0.0.0.0.0.0.0.0.0.0.0.0.1.0.1.0.0.0.0.0.0.0.0.0.0	0002800	001800	3.0	#ff9966		
OZ261146.1	1.1.1.1.1.1.1.1.1.1.1.1.1.1.2.1.2.1.1.1.1.1.1.1.1.1.1.1	0.0.0.0.0.0.0.0.0.0.0.0.0.0.1.0.1.0.0.0.0.0.0.0.0.0.0.0	0002800	001800	1.0	#ff9966		
OZ263596.1	1.1.1.1.1.1.1.1.1.1.1.1.1.1.2.1.2.1.1.1.1.1.1.1.1.1.1.2	0.0.0.0.0.0.0.0.0.0.0.0.0.0.1.0.1.0.0.0.0.0.0.0.0.0.0.1	0002801	001804	0.0	#ff9966		
OZ263595.1	1.1.1.1.1.1.1.1.1.1.1.1.1.1.2.1.2.1.1.1.1.1.1.1.1.1.1.3	0.0.0.0.0.0.0.0.0.0.0.0.0.0.1.0.1.0.0.0.0.0.0.0.0.0.0.0.0.1.0	00028004	0018010	1.0	#ff9966		
OZ263594.1	1.1.1.1.1.1.1.1.1.1.1.1.1.1.2.1.2.1.1.1.1.1.1.1.1.1.1.4	0.0.0.0.0.0.0.0.0.0.0.0.0.0.1.0.1.0.0.0.0.0.0.0.0.0.0.0.0.1.1	00028006	001801G	5.0	#ff9966		
OZ412496.1	1.1.1.1.1.1.1.1.1.1.1.1.1.1.2.1.2.1.1.1.1.1.1.1.1.1.1.5	0.0.0.0.0.0.0.0.0.0.0.0.0.0.1.0.1.0.0.0.0.0.0.0.0.0.0.0.1.0.0	00028008	0018020	11.0	#ff9966		
n1037	1.1.1.1.1.1.1.1.1.1.1.1.1.1.2.1.2.1.1.1.1.1.1.1.1.1.2	0.0.0.0.0.0.0.0.0.0.0.0.0.0.1.0.1.0.0.0.0.0.0.0.0.0.1	0002802	001808	6.0	#ff9966		
n1038	1.1.1.1.1.1.1.1.1.1.1.1.1.1.2.1.2.1.1.1.1.1.1.1.1.1.2.1	0.0.0.0.0.0.0.0.0.0.0.0.0.0.1.0.1.0.0.0.0.0.0.0.0.0.1.0	0002802	001808	1.0	#ff9966		
n1039	1.1.1.1.1.1.1.1.1.1.1.1.1.1.2.1.2.1.1.1.1.1.1.1.1.1.2.1.1	0.0.0.0.0.0.0.0.0.0.0.0.0.0.1.0.1.0.0.0.0.0.0.0.0.0.1.0.0	00028020	001808	4.0	#ff9966		
OZ261142.1	1.1.1.1.1.1.1.1.1.1.1.1.1.1.2.1.2.1.1.1.1.1.1.1.1.1.2.1.1.1	0.0.0.0.0.0.0.0.0.0.0.0.0.0.1.0.1.0.0.0.0.0.0.0.0.0.1.0.0.0	00028020	001808	0.0	#ff9966		
OZ261145.1	1.1.1.1.1.1.1.1.1.1.1.1.1.1.2.1.2.1.1.1.1.1.1.1.1.1.2.1.1.2	0.0.0.0.0.0.0.0.0.0.0.0.0.0.1.0.1.0.0.0.0.0.0.0.0.0.1.0.0.1	00028024	001809	0.0	#ff9966		
PV054420.1	1.1.1.1.1.1.1.1.1.1.1.1.1.1.2.1.2.1.1.1.1.1.1.1.1.1.2.1.2	0.0.0.0.0.0.0.0.0.0.0.0.0.0.1.0.1.0.0.0.0.0.0.0.0.0.1.0.1	00028028	00180A	5.0	#ff9966		
OZ263593.1	1.1.1.1.1.1.1.1.1.1.1.1.1.1.2.1.2.1.1.1.1.1.1.1.1.1.2.2	0.0.0.0.0.0.0.0.0.0.0.0.0.0.1.0.1.0.0.0.0.0.0.0.0.0.1.1	0002803	00180C	4.0	#ff9966		
n1044	1.1.1.1.1.1.1.1.1.1.1.1.1.1.2.1.2.1.1.1.1.1.1.1.1.1.3	0.0.0.0.0.0.0.0.0.0.0.0.0.0.1.0.1.0.0.0.0.0.0.0.0.0.0.0.1.0	00028008	001802	2.0	#ff9966		
OZ261141.1	1.1.1.1.1.1.1.1.1.1.1.1.1.1.2.1.2.1.1.1.1.1.1.1.1.1.3.1	0.0.0.0.0.0.0.0.0.0.0.0.0.0.1.0.1.0.0.0.0.0.0.0.0.0.0.0.1.0.0	00028008	0018020	3.0	#ff9966		
OZ261149.1	1.1.1.1.1.1.1.1.1.1.1.1.1.1.2.1.2.1.1.1.1.1.1.1.1.1.3.2	0.0.0.0.0.0.0.0.0.0.0.0.0.0.1.0.1.0.0.0.0.0.0.0.0.0.0.0.1.0.1	0002800A	001802G	4.0	#ff9966		
n1047	1.1.1.1.1.1.1.1.1.1.1.1.1.1.2.1.2.1.1.1.1.1.1.1.1.2	0.0.0.0.0.0.0.0.0.0.0.0.0.0.1.0.1.0.0.0.0.0.0.0.0.1	0002804	00180G	3.0	#ff9966		
n1048	1.1.1.1.1.1.1.1.1.1.1.1.1.1.2.1.2.1.1.1.1.1.1.1.1.2.1	0.0.0.0.0.0.0.0.0.0.0.0.0.0.1.0.1.0.0.0.0.0.0.0.0.1.0	0002804	00180G	1.0	#ff9966		
n1049	1.1.1.1.1.1.1.1.1.1.1.1.1.1.2.1.2.1.1.1.1.1.1.1.1.2.1.1	0.0.0.0.0.0.0.0.0.0.0.0.0.0.1.0.1.0.0.0.0.0.0.0.0.1.0.0	0002804	00180G	4.0	#ff9966		
OZ372085.1	1.1.1.1.1.1.1.1.1.1.1.1.1.1.2.1.2.1.1.1.1.1.1.1.1.2.1.1.1	0.0.0.0.0.0.0.0.0.0.0.0.0.0.1.0.1.0.0.0.0.0.0.0.0.1.0.0.0	00028040	00180G	2.0	#ff9966		
OZ372089.1	1.1.1.1.1.1.1.1.1.1.1.1.1.1.2.1.2.1.1.1.1.1.1.1.1.2.1.1.2	0.0.0.0.0.0.0.0.0.0.0.0.0.0.1.0.1.0.0.0.0.0.0.0.0.1.0.0.1	00028048	00180I	0.0	#ff9966		
n1052	1.1.1.1.1.1.1.1.1.1.1.1.1.1.2.1.2.1.1.1.1.1.1.1.1.2.1.2	0.0.0.0.0.0.0.0.0.0.0.0.0.0.1.0.1.0.0.0.0.0.0.0.0.1.0.1	0002805	00180K	1.0	#ff9966		
OZ372083.1	1.1.1.1.1.1.1.1.1.1.1.1.1.1.2.1.2.1.1.1.1.1.1.1.1.2.1.2.1	0.0.0.0.0.0.0.0.0.0.0.0.0.0.1.0.1.0.0.0.0.0.0.0.0.1.0.1.0	00028050	00180K	0.0	#ff9966		
OZ372084.1	1.1.1.1.1.1.1.1.1.1.1.1.1.1.2.1.2.1.1.1.1.1.1.1.1.2.1.2.2	0.0.0.0.0.0.0.0.0.0.0.0.0.0.1.0.1.0.0.0.0.0.0.0.0.1.0.1.1	00028058	00180M	0.0	#ff9966		
n1055	1.1.1.1.1.1.1.1.1.1.1.1.1.1.2.1.2.1.1.1.1.1.1.1.1.2.1.3	0.0.0.0.0.0.0.0.0.0.0.0.0.0.1.0.1.0.0.0.0.0.0.0.0.1.0.0.0.1.0	00028044	00180H0	5.0	#ff9966		
OZ313212.1	1.1.1.1.1.1.1.1.1.1.1.1.1.1.2.1.2.1.1.1.1.1.1.1.1.2.1.3.1	0.0.0.0.0.0.0.0.0.0.0.0.0.0.1.0.1.0.0.0.0.0.0.0.0.1.0.0.0.1.0.0	00028044	00180H0	3.0	#ff9966		
OZ313271.1	1.1.1.1.1.1.1.1.1.1.1.1.1.1.2.1.2.1.1.1.1.1.1.1.1.2.1.3.2	0.0.0.0.0.0.0.0.0.0.0.0.0.0.1.0.1.0.0.0.0.0.0.0.0.1.0.0.0.1.0.1	00028045	00180H8	4.0	#ff9966		
n1058	1.1.1.1.1.1.1.1.1.1.1.1.1.1.2.1.2.1.1.1.1.1.1.1.1.2.2	0.0.0.0.0.0.0.0.0.0.0.0.0.0.1.0.1.0.0.0.0.0.0.0.0.1.1	0002806	00180O	3.0	#ff9966		
n1059	1.1.1.1.1.1.1.1.1.1.1.1.1.1.2.1.2.1.1.1.1.1.1.1.1.2.2.1	0.0.0.0.0.0.0.0.0.0.0.0.0.0.1.0.1.0.0.0.0.0.0.0.0.1.1.0	0002806	00180O	1.0	#ff9966		
OZ372086.1	1.1.1.1.1.1.1.1.1.1.1.1.1.1.2.1.2.1.1.1.1.1.1.1.1.2.2.1.1	0.0.0.0.0.0.0.0.0.0.0.0.0.0.1.0.1.0.0.0.0.0.0.0.0.1.1.0.0	00028060	00180O	2.0	#ff9966		
OZ372082.1	1.1.1.1.1.1.1.1.1.1.1.1.1.1.2.1.2.1.1.1.1.1.1.1.1.2.2.1.2	0.0.0.0.0.0.0.0.0.0.0.0.0.0.1.0.1.0.0.0.0.0.0.0.0.1.1.0.1	00028068	00180Q	1.0	#ff9966		
OZ372088.1	1.1.1.1.1.1.1.1.1.1.1.1.1.1.2.1.2.1.1.1.1.1.1.1.1.2.2.1.3	0.0.0.0.0.0.0.0.0.0.0.0.0.0.1.0.1.0.0.0.0.0.0.0.0.1.1.0.0.0.1.0	00028062	00180OG	0.0	#ff9966		
OZ372087.1	1.1.1.1.1.1.1.1.1.1.1.1.1.1.2.1.2.1.1.1.1.1.1.1.1.2.2.2	0.0.0.0.0.0.0.0.0.0.0.0.0.0.1.0.1.0.0.0.0.0.0.0.0.1.1.1	0002807	00180S	0.0	#ff9966		
n1064	1.1.1.1.1.1.1.1.1.1.1.1.1.1.2.1.2.1.1.1.1.1.1.1.1.3	0.0.0.0.0.0.0.0.0.0.0.0.0.0.1.0.1.0.0.0.0.0.0.0.0.0.0.1.0	00028010	001804	1.0	#ff9966		
n1065	1.1.1.1.1.1.1.1.1.1.1.1.1.1.2.1.2.1.1.1.1.1.1.1.1.3.1	0.0.0.0.0.0.0.0.0.0.0.0.0.0.1.0.1.0.0.0.0.0.0.0.0.0.0.1.0.0	00028010	001804	1.0	#ff9966		
PV054414.1	1.1.1.1.1.1.1.1.1.1.1.1.1.1.2.1.2.1.1.1.1.1.1.1.1.3.1.1	0.0.0.0.0.0.0.0.0.0.0.0.0.0.1.0.1.0.0.0.0.0.0.0.0.0.0.1.0.0.0	00028010	0018040	3.0	#ff9966		
PV054410.1	1.1.1.1.1.1.1.1.1.1.1.1.1.1.2.1.2.1.1.1.1.1.1.1.1.3.1.2	0.0.0.0.0.0.0.0.0.0.0.0.0.0.1.0.1.0.0.0.0.0.0.0.0.0.0.1.0.0.1	00028012	001804G	0.0	#ff9966		
PV054412.1	1.1.1.1.1.1.1.1.1.1.1.1.1.1.2.1.2.1.1.1.1.1.1.1.1.3.1.3	0.0.0.0.0.0.0.0.0.0.0.0.0.0.1.0.1.0.0.0.0.0.0.0.0.0.0.1.0.0.0.0.1.0	000280108	0018044	0.0	#ff9966		
PV054413.1	1.1.1.1.1.1.1.1.1.1.1.1.1.1.2.1.2.1.1.1.1.1.1.1.1.3.1.4	0.0.0.0.0.0.0.0.0.0.0.0.0.0.1.0.1.0.0.0.0.0.0.0.0.0.0.1.0.0.0.0.1.1	00028010C	0018046	0.0	#ff9966		
PV054411.1	1.1.1.1.1.1.1.1.1.1.1.1.1.1.2.1.2.1.1.1.1.1.1.1.1.3.1.5	0.0.0.0.0.0.0.0.0.0.0.0.0.0.1.0.1.0.0.0.0.0.0.0.0.0.0.1.0.0.0.1.0.0	000280110	0018048	0.0	#ff9966		
PV246187.1	1.1.1.1.1.1.1.1.1.1.1.1.1.1.2.1.2.1.1.1.1.1.1.1.1.3.2	0.0.0.0.0.0.0.0.0.0.0.0.0.0.1.0.1.0.0.0.0.0.0.0.0.0.0.1.0.1	00028014	001805	3.0	#ff9966		
n1072	1.1.1.1.1.1.1.1.1.1.1.1.1.1.2.1.2.1.1.1.1.1.1.1.1.4	0.0.0.0.0.0.0.0.0.0.0.0.0.0.1.0.1.0.0.0.0.0.0.0.0.0.0.1.1	00028018	001806	3.0	#ff9966		
n1073	1.1.1.1.1.1.1.1.1.1.1.1.1.1.2.1.2.1.1.1.1.1.1.1.1.4.1	0.0.0.0.0.0.0.0.0.0.0.0.0.0.1.0.1.0.0.0.0.0.0.0.0.0.0.1.1.0	00028018	001806	3.0	#ff9966		
PP482823.1	1.1.1.1.1.1.1.1.1.1.1.1.1.1.2.1.2.1.1.1.1.1.1.1.1.4.1.1	0.0.0.0.0.0.0.0.0.0.0.0.0.0.1.0.1.0.0.0.0.0.0.0.0.0.0.1.1.0.0	00028018	0018060	1.0	#ff9966		
PP482824.1	1.1.1.1.1.1.1.1.1.1.1.1.1.1.2.1.2.1.1.1.1.1.1.1.1.4.1.2	0.0.0.0.0.0.0.0.0.0.0.0.0.0.1.0.1.0.0.0.0.0.0.0.0.0.0.1.1.0.1	0002801A	001806G	7.0	#ff9966		
n1076	1.1.1.1.1.1.1.1.1.1.1.1.1.1.2.1.2.1.1.1.1.1.1.1.1.4.2	0.0.0.0.0.0.0.0.0.0.0.0.0.0.1.0.1.0.0.0.0.0.0.0.0.0.0.1.1.1	0002801C	001807	2.0	#ff9966		
PP482821.1	1.1.1.1.1.1.1.1.1.1.1.1.1.1.2.1.2.1.1.1.1.1.1.1.1.4.2.1	0.0.0.0.0.0.0.0.0.0.0.0.0.0.1.0.1.0.0.0.0.0.0.0.0.0.0.1.1.1.0	0002801C	0018070	0.0	#ff9966		
PP482822.1	1.1.1.1.1.1.1.1.1.1.1.1.1.1.2.1.2.1.1.1.1.1.1.1.1.4.2.2	0.0.0.0.0.0.0.0.0.0.0.0.0.0.1.0.1.0.0.0.0.0.0.0.0.0.0.1.1.1.1	0002801E	001807G	1.0	#ff9966		
n1079	1.1.1.1.1.1.1.1.1.1.1.1.1.1.2.1.2.1.1.1.1.1.1.1.1.4.3	0.0.0.0.0.0.0.0.0.0.0.0.0.0.1.0.1.0.0.0.0.0.0.0.0.0.0.1.1.0.0.1.0	000280190	0018068	7.0	#ff9966		
PP482825.1	1.1.1.1.1.1.1.1.1.1.1.1.1.1.2.1.2.1.1.1.1.1.1.1.1.4.3.1	0.0.0.0.0.0.0.0.0.0.0.0.0.0.1.0.1.0.0.0.0.0.0.0.0.0.0.1.1.0.0.1.0.0	000280190	0018068	0.0	#ff9966		
PP482826.1	1.1.1.1.1.1.1.1.1.1.1.1.1.1.2.1.2.1.1.1.1.1.1.1.1.4.3.2	0.0.0.0.0.0.0.0.0.0.0.0.0.0.1.0.1.0.0.0.0.0.0.0.0.0.0.1.1.0.0.1.0.1	000280194	001806A	1.0	#ff9966		
n1082	1.1.1.1.1.1.1.1.1.1.1.1.1.1.2.1.2.1.1.1.1.1.1.1.1.5	0.0.0.0.0.0.0.0.0.0.0.0.0.0.1.0.1.0.0.0.0.0.0.0.0.0.1.0.0	00028020	001808	6.0	#ff9966		
n1083	1.1.1.1.1.1.1.1.1.1.1.1.1.1.2.1.2.1.1.1.1.1.1.1.1.5.1	0.0.0.0.0.0.0.0.0.0.0.0.0.0.1.0.1.0.0.0.0.0.0.0.0.0.1.0.0.0	00028020	001808	2.0	#ff9966		
PV054416.1	1.1.1.1.1.1.1.1.1.1.1.1.1.1.2.1.2.1.1.1.1.1.1.1.1.5.1.1	0.0.0.0.0.0.0.0.0.0.0.0.0.0.1.0.1.0.0.0.0.0.0.0.0.0.1.0.0.0.0	00028020	0018080	1.0	#ff9966		
PV054417.1	1.1.1.1.1.1.1.1.1.1.1.1.1.1.2.1.2.1.1.1.1.1.1.1.1.5.1.2	0.0.0.0.0.0.0.0.0.0.0.0.0.0.1.0.1.0.0.0.0.0.0.0.0.0.1.0.0.0.1	00028022	001808G	1.0	#ff9966		
PV054419.1	1.1.1.1.1.1.1.1.1.1.1.1.1.1.2.1.2.1.1.1.1.1.1.1.1.5.2	0.0.0.0.0.0.0.0.0.0.0.0.0.0.1.0.1.0.0.0.0.0.0.0.0.0.1.0.0.1	00028024	001809	4.0	#ff9966		
n1087	1.1.1.1.1.1.1.1.1.1.1.1.1.1.2.1.2.1.1.1.1.1.1.1.1.6	0.0.0.0.0.0.0.0.0.0.0.0.0.0.1.0.1.0.0.0.0.0.0.0.0.0.1.0.1	00028028	00180A	7.0	#ff9966		
PP482819.1	1.1.1.1.1.1.1.1.1.1.1.1.1.1.2.1.2.1.1.1.1.1.1.1.1.6.1	0.0.0.0.0.0.0.0.0.0.0.0.0.0.1.0.1.0.0.0.0.0.0.0.0.0.1.0.1.0	00028028	00180A	0.0	#ff9966		
PP482818.1	1.1.1.1.1.1.1.1.1.1.1.1.1.1.2.1.2.1.1.1.1.1.1.1.1.6.2	0.0.0.0.0.0.0.0.0.0.0.0.0.0.1.0.1.0.0.0.0.0.0.0.0.0.1.0.1.1	0002802C	00180B	0.0	#ff9966		
PP482820.1	1.1.1.1.1.1.1.1.1.1.1.1.1.1.2.1.2.1.1.1.1.1.1.1.1.6.3	0.0.0.0.0.0.0.0.0.0.0.0.0.0.1.0.1.0.0.0.0.0.0.0.0.0.1.0.1.0.0.1.0	000280290	00180A8	5.0	#ff9966		
n1091	1.1.1.1.1.1.1.1.1.1.1.1.1.1.2.1.2.1.1.1.1.1.1.1.1.7	0.0.0.0.0.0.0.0.0.0.0.0.0.0.1.0.1.0.0.0.0.0.0.0.0.0.1.1.0	00028030	00180C	5.0	#ff9966		
PV246183.1	1.1.1.1.1.1.1.1.1.1.1.1.1.1.2.1.2.1.1.1.1.1.1.1.1.7.1	0.0.0.0.0.0.0.0.0.0.0.0.0.0.1.0.1.0.0.0.0.0.0.0.0.0.1.1.0.0	00028030	00180C	0.0	#ff9966		
PV246184.1	1.1.1.1.1.1.1.1.1.1.1.1.1.1.2.1.2.1.1.1.1.1.1.1.1.7.2	0.0.0.0.0.0.0.0.0.0.0.0.0.0.1.0.1.0.0.0.0.0.0.0.0.0.1.1.0.1	00028034	00180D	0.0	#ff9966		
PV246180.1	1.1.1.1.1.1.1.1.1.1.1.1.1.1.2.1.2.1.1.1.1.1.1.1.1.8	0.0.0.0.0.0.0.0.0.0.0.0.0.0.1.0.1.0.0.0.0.0.0.0.0.0.1.1.1	00028038	00180E	10.0	#ff9966		
OZ313202.1	1.1.1.1.1.1.1.1.1.1.1.1.1.1.2.1.2.1.1.1.1.1.1.1.1.9	0.0.0.0.0.0.0.0.0.0.0.0.0.0.1.0.1.0.0.0.0.0.0.0.0.1.0.0.0	00028040	00180G	10.0	#ff9966		
PV246181.1	1.1.1.1.1.1.1.1.1.1.1.1.1.1.2.1.2.1.1.1.1.1.1.1.1.10	0.0.0.0.0.0.0.0.0.0.0.0.0.0.1.0.1.0.0.0.0.0.0.0.0.1.0.0.1	00028048	00180I	8.0	#ff9966		
PV246185.1	1.1.1.1.1.1.1.1.1.1.1.1.1.1.2.1.2.1.1.1.1.1.1.1.1.11	0.0.0.0.0.0.0.0.0.0.0.0.0.0.1.0.1.0.0.0.0.0.0.0.0.1.0.1.0	00028050	00180K	4.0	#ff9966		
OZ221437.1	1.1.1.1.1.1.1.1.1.1.1.1.1.1.2.1.2.1.1.1.1.1.1.1.1.12	0.0.0.0.0.0.0.0.0.0.0.0.0.0.1.0.1.0.0.0.0.0.0.0.0.1.0.1.1	00028058	00180M	12.0	#ff9966		
PV054415.1	1.1.1.1.1.1.1.1.1.1.1.1.1.1.2.1.2.1.1.1.1.1.1.1.1.13	0.0.0.0.0.0.0.0.0.0.0.0.0.0.1.0.1.0.0.0.0.0.0.0.0.1.1.0.0	00028060	00180O	6.0	#ff9966		
PV246186.1	1.1.1.1.1.1.1.1.1.1.1.1.1.1.2.1.2.1.1.1.1.1.1.1.2	0.0.0.0.0.0.0.0.0.0.0.0.0.0.1.0.1.0.0.0.0.0.0.0.1	0002808	00181	9.0	#ff9966		
PV246182.1	1.1.1.1.1.1.1.1.1.1.1.1.1.1.2.1.2.1.1.1.1.1.1.2	0.0.0.0.0.0.0.0.0.0.0.0.0.0.1.0.1.0.0.0.0.0.0.1	000281	00182	4.0	#ff9966		
n1102	1.1.1.1.1.1.1.1.1.1.1.1.1.1.2.1.2.1.1.1.1.1.2	0.0.0.0.0.0.0.0.0.0.0.0.0.0.1.0.1.0.0.0.0.0.1	000282	00184	7.0	#ff9966		
n1103	1.1.1.1.1.1.1.1.1.1.1.1.1.1.2.1.2.1.1.1.1.1.2.1	0.0.0.0.0.0.0.0.0.0.0.0.0.0.1.0.1.0.0.0.0.0.1.0	000282	00184	9.0	#ff9966		
n1104	1.1.1.1.1.1.1.1.1.1.1.1.1.1.2.1.2.1.1.1.1.1.2.1.1	0.0.0.0.0.0.0.0.0.0.0.0.0.0.1.0.1.0.0.0.0.0.1.0.0	0002820	00184	5.0	#ff9966		
PQ119476.1	1.1.1.1.1.1.1.1.1.1.1.1.1.1.2.1.2.1.1.1.1.1.2.1.1.1	0.0.0.0.0.0.0.0.0.0.0.0.0.0.1.0.1.0.0.0.0.0.1.0.0.0	0002820	001840	34.0	#ff9966		
PQ119458.1	1.1.1.1.1.1.1.1.1.1.1.1.1.1.2.1.2.1.1.1.1.1.2.1.1.2	0.0.0.0.0.0.0.0.0.0.0.0.0.0.1.0.1.0.0.0.0.0.1.0.0.1	0002824	00184G	72.0	#ff9966		
PQ119439.1	1.1.1.1.1.1.1.1.1.1.1.1.1.1.2.1.2.1.1.1.1.1.2.1.2	0.0.0.0.0.0.0.0.0.0.0.0.0.0.1.0.1.0.0.0.0.0.1.0.1	0002828	00185	30.0	#ff9966		
PQ119447.1	1.1.1.1.1.1.1.1.1.1.1.1.1.1.2.1.2.1.1.1.1.1.2.2	0.0.0.0.0.0.0.0.0.0.0.0.0.0.1.0.1.0.0.0.0.0.1.1	000283	00186	10.0	#ff9966		
PV221468.1	1.1.1.1.1.1.1.1.1.1.1.1.1.1.2.1.2.1.1.1.1.1.3	0.0.0.0.0.0.0.0.0.0.0.0.0.0.1.0.1.0.0.0.0.0.0.0.1.0	0002808	001810	7.0	#ff9966		
n1110	1.1.1.1.1.1.1.1.1.1.1.1.1.1.2.1.2.1.1.1.1.2	0.0.0.0.0.0.0.0.0.0.0.0.0.0.1.0.1.0.0.0.0.1	000284	00188	4.0	#ff9966		
PQ119445.1	1.1.1.1.1.1.1.1.1.1.1.1.1.1.2.1.2.1.1.1.1.2.1	0.0.0.0.0.0.0.0.0.0.0.0.0.0.1.0.1.0.0.0.0.1.0	000284	00188	11.0	#ff9966		
OX442290.1	1.1.1.1.1.1.1.1.1.1.1.1.1.1.2.1.2.1.1.1.1.2.2	0.0.0.0.0.0.0.0.0.0.0.0.0.0.1.0.1.0.0.0.0.1.1	000286	0018C	1.0	#ff9966		
n1113	1.1.1.1.1.1.1.1.1.1.1.1.1.1.2.1.2.1.1.1.2	0.0.0.0.0.0.0.0.0.0.0.0.0.0.1.0.1.0.0.0.1	000288	0018G	8.0	#ff9966		
n1114	1.1.1.1.1.1.1.1.1.1.1.1.1.1.2.1.2.1.1.1.2.1	0.0.0.0.0.0.0.0.0.0.0.0.0.0.1.0.1.0.0.0.1.0	000288	0018G	1.0	#ff9966		
n1115	1.1.1.1.1.1.1.1.1.1.1.1.1.1.2.1.2.1.1.1.2.1.1	0.0.0.0.0.0.0.0.0.0.0.0.0.0.1.0.1.0.0.0.1.0.0	000288	0018G	9.0	#ff9966		
PV221010.1	1.1.1.1.1.1.1.1.1.1.1.1.1.1.2.1.2.1.1.1.2.1.1.1	0.0.0.0.0.0.0.0.0.0.0.0.0.0.1.0.1.0.0.0.1.0.0.0	000288	0018G	0.0	#ff9966		
PV221015.1	1.1.1.1.1.1.1.1.1.1.1.1.1.1.2.1.2.1.1.1.2.1.1.2	0.0.0.0.0.0.0.0.0.0.0.0.0.0.1.0.1.0.0.0.1.0.0.1	000289	0018I	0.0	#ff9966		
PV221017.1	1.1.1.1.1.1.1.1.1.1.1.1.1.1.2.1.2.1.1.1.2.1.1.3	0.0.0.0.0.0.0.0.0.0.0.0.0.0.1.0.1.0.0.0.1.0.0.0.0.1.0	0002884	0018GG	0.0	#ff9966		
PV221018.1	1.1.1.1.1.1.1.1.1.1.1.1.1.1.2.1.2.1.1.1.2.1.1.4	0.0.0.0.0.0.0.0.0.0.0.0.0.0.1.0.1.0.0.0.1.0.0.0.0.1.1	0002886	0018GO	1.0	#ff9966		
OX442286.1	1.1.1.1.1.1.1.1.1.1.1.1.1.1.2.1.2.1.1.1.2.1.2	0.0.0.0.0.0.0.0.0.0.0.0.0.0.1.0.1.0.0.0.1.0.1	00028A	0018K	2.0	#ff9966		
PV221009.1	1.1.1.1.1.1.1.1.1.1.1.1.1.1.2.1.2.1.1.1.2.2	0.0.0.0.0.0.0.0.0.0.0.0.0.0.1.0.1.0.0.0.1.1	00028C	0018O	9.0	#ff9966		
MF984348.1	1.1.1.1.1.1.1.1.1.1.1.1.1.1.2.1.2.1.1.2	0.0.0.0.0.0.0.0.0.0.0.0.0.0.1.0.1.0.0.1	00029	0019	17.0	#ff9966		
KM203861.1	1.1.1.1.1.1.1.1.1.1.1.1.1.1.2.1.2.1.2	0.0.0.0.0.0.0.0.0.0.0.0.0.0.1.0.1.0.1	0002A	001A	11.0	#ff9966		
n1124	1.1.1.1.1.1.1.1.1.1.1.1.1.1.2.1.2.2	0.0.0.0.0.0.0.0.0.0.0.0.0.0.1.0.1.1	0002C	001C	8.0	#ff9966		
n1125	1.1.1.1.1.1.1.1.1.1.1.1.1.1.2.1.2.2.1	0.0.0.0.0.0.0.0.0.0.0.0.0.0.1.0.1.1.0	0002C	001C	2.0	#ff9966		
n1126	1.1.1.1.1.1.1.1.1.1.1.1.1.1.2.1.2.2.1.1	0.0.0.0.0.0.0.0.0.0.0.0.0.0.1.0.1.1.0.0	0002C	001C	12.0	#ff9966		
OX442306.1	1.1.1.1.1.1.1.1.1.1.1.1.1.1.2.1.2.2.1.1.1	0.0.0.0.0.0.0.0.0.0.0.0.0.0.1.0.1.1.0.0.0	0002C0	001C0	4.0	#ff9966		
OX442348.1	1.1.1.1.1.1.1.1.1.1.1.1.1.1.2.1.2.2.1.1.2	0.0.0.0.0.0.0.0.0.0.0.0.0.0.1.0.1.1.0.0.1	0002C8	001CG	9.0	#ff9966		
MH244510.1	1.1.1.1.1.1.1.1.1.1.1.1.1.1.2.1.2.2.1.2	0.0.0.0.0.0.0.0.0.0.0.0.0.0.1.0.1.1.0.1	0002D	001D	3.0	#ff9966		
MH244511.1	1.1.1.1.1.1.1.1.1.1.1.1.1.1.2.1.2.2.2	0.0.0.0.0.0.0.0.0.0.0.0.0.0.1.0.1.1.1	0002E	001E	5.0	#ff9966		
n1131	1.1.1.1.1.1.1.1.1.1.1.1.1.1.2.1.2.3	0.0.0.0.0.0.0.0.0.0.0.0.0.0.1.0.1.0.0.1.0	000290	00190	5.0	#ff9966		
n1132	1.1.1.1.1.1.1.1.1.1.1.1.1.1.2.1.2.3.1	0.0.0.0.0.0.0.0.0.0.0.0.0.0.1.0.1.0.0.1.0.0	000290	00190	3.0	#ff9966		
KM659876.1	1.1.1.1.1.1.1.1.1.1.1.1.1.1.2.1.2.3.1.1	0.0.0.0.0.0.0.0.0.0.0.0.0.0.1.0.1.0.0.1.0.0.0	000290	00190	0.0	#ff9966		
KP109691.1	1.1.1.1.1.1.1.1.1.1.1.1.1.1.2.1.2.3.1.2	0.0.0.0.0.0.0.0.0.0.0.0.0.0.1.0.1.0.0.1.0.0.1	000292	00194	1.0	#ff9966		
MF984347.1	1.1.1.1.1.1.1.1.1.1.1.1.1.1.2.1.2.3.2	0.0.0.0.0.0.0.0.0.0.0.0.0.0.1.0.1.0.0.1.0.1	000294	00198	10.0	#ff9966		
LR743422.1	1.1.1.1.1.1.1.1.1.1.1.1.1.1.2.1.2.4	0.0.0.0.0.0.0.0.0.0.0.0.0.0.1.0.1.0.0.1.1	000298	0019G	18.0	#ff9966		
n1137	1.1.1.1.1.1.1.1.1.1.1.1.1.1.2.2	0.0.0.0.0.0.0.0.0.0.0.0.0.0.1.1	0003	001G	2.0			
n1138	1.1.1.1.1.1.1.1.1.1.1.1.1.1.2.2.1	0.0.0.0.0.0.0.0.0.0.0.0.0.0.1.1.0	00030	001G	2.0			
KP780837.1	1.1.1.1.1.1.1.1.1.1.1.1.1.1.2.2.1.1	0.0.0.0.0.0.0.0.0.0.0.0.0.0.1.1.0.0	00030	001G	9.0			
KP780838.1	1.1.1.1.1.1.1.1.1.1.1.1.1.1.2.2.1.2	0.0.0.0.0.0.0.0.0.0.0.0.0.0.1.1.0.1	00034	001K	16.0			
KP780839.1	1.1.1.1.1.1.1.1.1.1.1.1.1.1.2.2.2	0.0.0.0.0.0.0.0.0.0.0.0.0.0.1.1.1	00038	001O	32.0			
n1142	1.1.1.1.1.1.1.1.1.1.1.1.1.1.3	0.0.0.0.0.0.0.0.0.0.0.0.0.0.0.0.1.0	00008	0008	6.0			
n1143	1.1.1.1.1.1.1.1.1.1.1.1.1.1.3.1	0.0.0.0.0.0.0.0.0.0.0.0.0.0.0.0.1.0.0	00008	0008	7.0			
KP109692.1	1.1.1.1.1.1.1.1.1.1.1.1.1.1.3.1.1	0.0.0.0.0.0.0.0.0.0.0.0.0.0.0.0.1.0.0.0	00008	0008	3.0			
MF984340.1	1.1.1.1.1.1.1.1.1.1.1.1.1.1.3.1.2	0.0.0.0.0.0.0.0.0.0.0.0.0.0.0.0.1.0.0.1	00009	0009	5.0			
n1146	1.1.1.1.1.1.1.1.1.1.1.1.1.1.3.2	0.0.0.0.0.0.0.0.0.0.0.0.0.0.0.0.1.0.1	0000A	000A	3.0			
MF984337.1	1.1.1.1.1.1.1.1.1.1.1.1.1.1.3.2.1	0.0.0.0.0.0.0.0.0.0.0.0.0.0.0.0.1.0.1.0	0000A	000A	5.0			
MF984342.1	1.1.1.1.1.1.1.1.1.1.1.1.1.1.3.2.2	0.0.0.0.0.0.0.0.0.0.0.0.0.0.0.0.1.0.1.1	0000B	000B	5.0			
MF984344.1	1.1.1.1.1.1.1.1.1.1.1.1.1.1.3.3	0.0.0.0.0.0.0.0.0.0.0.0.0.0.0.0.1.0.0.0.1.0	000088	0008G	6.0			
MF984346.1	1.1.1.1.1.1.1.1.1.1.1.1.1.1.3.4	0.0.0.0.0.0.0.0.0.0.0.0.0.0.0.0.1.0.0.0.1.1	00008C	0008O	19.0			
MH244512.1	1.1.1.1.1.1.1.1.1.1.1.1.1.1.4	0.0.0.0.0.0.0.0.0.0.0.0.0.0.0.0.1.1	0000C	000C	16.0			
JN858070.1	1.1.1.1.1.1.1.1.1.1.1.1.1.1.5	0.0.0.0.0.0.0.0.0.0.0.0.0.0.0.1.0.0	00010	000G	21.0			
n1153	1.1.1.1.1.1.1.1.1.1.1.1.1.2	0.0.0.0.0.0.0.0.0.0.0.0.0.1	0004	002	1.0			
n1154	1.1.1.1.1.1.1.1.1.1.1.1.1.2.1	0.0.0.0.0.0.0.0.0.0.0.0.0.1.0	0004	002	16.0	#ff9999	{15,210.0,#ff9999}	
n1155	1.1.1.1.1.1.1.1.1.1.1.1.1.2.1.1	0.0.0.0.0.0.0.0.0.0.0.0.0.1.0.0	0004	0020	2.0	#ff9999		
n1156	1.1.1.1.1.1.1.1.1.1.1.1.1.2.1.1.1	0.0.0.0.0.0.0.0.0.0.0.0.0.1.0.0.0	00040	0020	3.0	#ff9999		
n1157	1.1.1.1.1.1.1.1.1.1.1.1.1.2.1.1.1.1	0.0.0.0.0.0.0.0.0.0.0.0.0.1.0.0.0.0	00040	0020	6.0	#ff9999		
2025.EXT.0218.1613.0036	1.1.1.1.1.1.1.1.1.1.1.1.1.2.1.1.1.1.1	0.0.0.0.0.0.0.0.0.0.0.0.0.1.0.0.0.0.0	00040	0020	0.0	#ff9999		
MW751842.1	1.1.1.1.1.1.1.1.1.1.1.1.1.2.1.1.1.1.2	0.0.0.0.0.0.0.0.0.0.0.0.0.1.0.0.0.0.1	00042	0022	0.0	#ff9999		
n1160	1.1.1.1.1.1.1.1.1.1.1.1.1.2.1.1.1.2	0.0.0.0.0.0.0.0.0.0.0.0.0.1.0.0.0.1	00044	0024	7.0	#ff9999		
OK239659.1	1.1.1.1.1.1.1.1.1.1.1.1.1.2.1.1.1.2.1	0.0.0.0.0.0.0.0.0.0.0.0.0.1.0.0.0.1.0	00044	0024	9.0	#ff9999		
OK239662.1	1.1.1.1.1.1.1.1.1.1.1.1.1.2.1.1.1.2.2	0.0.0.0.0.0.0.0.0.0.0.0.0.1.0.0.0.1.1	00046	0026	10.0	#ff9999		
OK129331.1	1.1.1.1.1.1.1.1.1.1.1.1.1.2.1.1.1.3	0.0.0.0.0.0.0.0.0.0.0.0.0.1.0.0.0.0.0.1.0	000410	00210	2.0	#ff9999		
OK129332.1	1.1.1.1.1.1.1.1.1.1.1.1.1.2.1.1.1.4	0.0.0.0.0.0.0.0.0.0.0.0.0.1.0.0.0.0.0.1.1	000418	0021G	4.0	#ff9999		
n1165	1.1.1.1.1.1.1.1.1.1.1.1.1.2.1.1.2	0.0.0.0.0.0.0.0.0.0.0.0.0.1.0.0.1	00048	0028	2.0	#ff9999		
n1166	1.1.1.1.1.1.1.1.1.1.1.1.1.2.1.1.2.1	0.0.0.0.0.0.0.0.0.0.0.0.0.1.0.0.1.0	00048	0028	1.0	#ff9999		
n1167	1.1.1.1.1.1.1.1.1.1.1.1.1.2.1.1.2.1.1	0.0.0.0.0.0.0.0.0.0.0.0.0.1.0.0.1.0.0	00048	0028	16.0	#ff9999		
PV596726.1	1.1.1.1.1.1.1.1.1.1.1.1.1.2.1.1.2.1.1.1	0.0.0.0.0.0.0.0.0.0.0.0.0.1.0.0.1.0.0.0	00048	0028	0.0	#ff9999		
PV605547.1	1.1.1.1.1.1.1.1.1.1.1.1.1.2.1.1.2.1.1.2	0.0.0.0.0.0.0.0.0.0.0.0.0.1.0.0.1.0.0.1	00049	0029	0.0	#ff9999		
OK129330.1	1.1.1.1.1.1.1.1.1.1.1.1.1.2.1.1.2.1.2	0.0.0.0.0.0.0.0.0.0.0.0.0.1.0.0.1.0.1	0004A	002A	0.0	#ff9999		
2025.EXT.0218.1613.0056	1.1.1.1.1.1.1.1.1.1.1.1.1.2.1.1.2.2	0.0.0.0.0.0.0.0.0.0.0.0.0.1.0.0.1.1	0004C	002C	4.0	#ff9999		
n1172	1.1.1.1.1.1.1.1.1.1.1.1.1.2.1.1.3	0.0.0.0.0.0.0.0.0.0.0.0.0.1.0.0.0.0.1.0	00042	0022	7.0	#ff9999		
2025.EXT.0218.1613.0052	1.1.1.1.1.1.1.1.1.1.1.1.1.2.1.1.3.1	0.0.0.0.0.0.0.0.0.0.0.0.0.1.0.0.0.0.1.0.0	000420	00220	0.0	#ff9999		
MW751846.1	1.1.1.1.1.1.1.1.1.1.1.1.1.2.1.1.3.2	0.0.0.0.0.0.0.0.0.0.0.0.0.1.0.0.0.0.1.0.1	000428	0022G	0.0	#ff9999		
OK129329.1	1.1.1.1.1.1.1.1.1.1.1.1.1.2.1.1.4	0.0.0.0.0.0.0.0.0.0.0.0.0.1.0.0.0.0.1.1	00043	0023	5.0	#ff9999		
n1176	1.1.1.1.1.1.1.1.1.1.1.1.1.2.1.2	0.0.0.0.0.0.0.0.0.0.0.0.0.1.0.1	0005	002G	11.0	#ff9999		
2025.EXT.0218.1613.00122	1.1.1.1.1.1.1.1.1.1.1.1.1.2.1.2.1	0.0.0.0.0.0.0.0.0.0.0.0.0.1.0.1.0	00050	002G	2.0	#ff9999		
2025.EXT.0218.1613.00119	1.1.1.1.1.1.1.1.1.1.1.1.1.2.1.2.2	0.0.0.0.0.0.0.0.0.0.0.0.0.1.0.1.1	00058	002O	0.0	#ff9999		
MF984339.1	1.1.1.1.1.1.1.1.1.1.1.1.1.2.2	0.0.0.0.0.0.0.0.0.0.0.0.0.1.1	0006	003	22.0			
KP780840.1	1.1.1.1.1.1.1.1.1.1.1.1.1.2.3	0.0.0.0.0.0.0.0.0.0.0.0.0.1.0.0.1.0	00048	0028	71.0			
n1181	1.1.1.1.1.1.1.1.1.1.1.1.2	0.0.0.0.0.0.0.0.0.0.0.0.1	0008	004	5.0	#ff9900	{24,198.0,#ff9900}	#ff9900
n1182	1.1.1.1.1.1.1.1.1.1.1.1.2.1	0.0.0.0.0.0.0.0.0.0.0.0.1.0	0008	004	4.0	#ff9900		
n1183	1.1.1.1.1.1.1.1.1.1.1.1.2.1.1	0.0.0.0.0.0.0.0.0.0.0.0.1.0.0	0008	004	3.0	#ff9900		
n1184	1.1.1.1.1.1.1.1.1.1.1.1.2.1.1.1	0.0.0.0.0.0.0.0.0.0.0.0.1.0.0.0	0008	0040	13.0	#ff9900		
n1185	1.1.1.1.1.1.1.1.1.1.1.1.2.1.1.1.1	0.0.0.0.0.0.0.0.0.0.0.0.1.0.0.0.0	00080	0040	1.0	#ff9900		
n1186	1.1.1.1.1.1.1.1.1.1.1.1.2.1.1.1.1.1	0.0.0.0.0.0.0.0.0.0.0.0.1.0.0.0.0.0	00080	0040	1.0	#ff9900		
OP762592.1	1.1.1.1.1.1.1.1.1.1.1.1.2.1.1.1.1.1.1	0.0.0.0.0.0.0.0.0.0.0.0.1.0.0.0.0.0.0	00080	0040	1.0	#ff9900		
OP762593.1	1.1.1.1.1.1.1.1.1.1.1.1.2.1.1.1.1.1.2	0.0.0.0.0.0.0.0.0.0.0.0.1.0.0.0.0.0.1	00082	0042	2.0	#ff9900		
OP762595.1	1.1.1.1.1.1.1.1.1.1.1.1.2.1.1.1.1.2	0.0.0.0.0.0.0.0.0.0.0.0.1.0.0.0.0.1	00084	0044	2.0	#ff9900		
OP762594.1	1.1.1.1.1.1.1.1.1.1.1.1.2.1.1.1.1.3	0.0.0.0.0.0.0.0.0.0.0.0.1.0.0.0.0.0.0.1.0	000810	00410	2.0	#ff9900		
n1191	1.1.1.1.1.1.1.1.1.1.1.1.2.1.1.1.2	0.0.0.0.0.0.0.0.0.0.0.0.1.0.0.0.1	00088	0048	3.0	#ff9900		
MW036633.1	1.1.1.1.1.1.1.1.1.1.1.1.2.1.1.1.2.1	0.0.0.0.0.0.0.0.0.0.0.0.1.0.0.0.1.0	00088	0048	1.0	#ff9900		
MW036634.1	1.1.1.1.1.1.1.1.1.1.1.1.2.1.1.1.2.2	0.0.0.0.0.0.0.0.0.0.0.0.1.0.0.0.1.1	0008C	004C	2.0	#ff9900		
n1194	1.1.1.1.1.1.1.1.1.1.1.1.2.1.1.1.3	0.0.0.0.0.0.0.0.0.0.0.0.1.0.0.0.0.0.1.0	00082	0042	7.0	#ff9900		
ON755223.1	1.1.1.1.1.1.1.1.1.1.1.1.2.1.1.1.3.1	0.0.0.0.0.0.0.0.0.0.0.0.1.0.0.0.0.0.1.0.0	000820	00420	1.0	#ff9900		
OP762597.1	1.1.1.1.1.1.1.1.1.1.1.1.2.1.1.1.3.2	0.0.0.0.0.0.0.0.0.0.0.0.1.0.0.0.0.0.1.0.1	000828	0042G	0.0	#ff9900		
MZ268007.1	1.1.1.1.1.1.1.1.1.1.1.1.2.1.1.1.4	0.0.0.0.0.0.0.0.0.0.0.0.1.0.0.0.0.0.1.1	00083	0043	0.0	#ff9900		
n1198	1.1.1.1.1.1.1.1.1.1.1.1.2.1.1.2	0.0.0.0.0.0.0.0.0.0.0.0.1.0.0.1	0009	004G	1.0	#ff9900		
n1199	1.1.1.1.1.1.1.1.1.1.1.1.2.1.1.2.1	0.0.0.0.0.0.0.0.0.0.0.0.1.0.0.1.0	00090	004G	3.0	#ff9900		
n1200	1.1.1.1.1.1.1.1.1.1.1.1.2.1.1.2.1.1	0.0.0.0.0.0.0.0.0.0.0.0.1.0.0.1.0.0	00090	004G	4.0	#ff9900		
n1201	1.1.1.1.1.1.1.1.1.1.1.1.2.1.1.2.1.1.1	0.0.0.0.0.0.0.0.0.0.0.0.1.0.0.1.0.0.0	00090	004G	3.0	#ff9900		
MF984349.1	1.1.1.1.1.1.1.1.1.1.1.1.2.1.1.2.1.1.1.1	0.0.0.0.0.0.0.0.0.0.0.0.1.0.0.1.0.0.0.0	00090	004G	3.0	#ff9900		
MF984352.1	1.1.1.1.1.1.1.1.1.1.1.1.2.1.1.2.1.1.1.2	0.0.0.0.0.0.0.0.0.0.0.0.1.0.0.1.0.0.0.1	00091	004H	5.0	#ff9900		
MF984338.1	1.1.1.1.1.1.1.1.1.1.1.1.2.1.1.2.1.1.2	0.0.0.0.0.0.0.0.0.0.0.0.1.0.0.1.0.0.1	00092	004I	0.0	#ff9900		
MF984343.1	1.1.1.1.1.1.1.1.1.1.1.1.2.1.1.2.1.2	0.0.0.0.0.0.0.0.0.0.0.0.1.0.0.1.0.1	00094	004K	2.0	#ff9900		
MF984350.1	1.1.1.1.1.1.1.1.1.1.1.1.2.1.1.2.1.3	0.0.0.0.0.0.0.0.0.0.0.0.1.0.0.1.0.0.0.1.0	000910	004H0	3.0	#ff9900		
MF984351.1	1.1.1.1.1.1.1.1.1.1.1.1.2.1.1.2.2	0.0.0.0.0.0.0.0.0.0.0.0.1.0.0.1.1	00098	004O	16.0	#ff9900		
n1208	1.1.1.1.1.1.1.1.1.1.1.1.2.1.1.3	0.0.0.0.0.0.0.0.0.0.0.0.1.0.0.0.0.1.0	00084	0044	17.0	#ff9900		
LR743448.1	1.1.1.1.1.1.1.1.1.1.1.1.2.1.1.3.1	0.0.0.0.0.0.0.0.0.0.0.0.1.0.0.0.0.1.0.0	00084	0044	3.0	#ff9900		
PQ119459.1	1.1.1.1.1.1.1.1.1.1.1.1.2.1.1.3.2	0.0.0.0.0.0.0.0.0.0.0.0.1.0.0.0.0.1.0.1	00085	0045	24.0	#ff9900		
KM203863.1	1.1.1.1.1.1.1.1.1.1.1.1.2.1.1.4	0.0.0.0.0.0.0.0.0.0.0.0.1.0.0.0.0.1.1	00086	0046	9.0	#ff9900		
n1212	1.1.1.1.1.1.1.1.1.1.1.1.2.1.2	0.0.0.0.0.0.0.0.0.0.0.0.1.0.1	000A	005	1.0	#ff9900		
n1213	1.1.1.1.1.1.1.1.1.1.1.1.2.1.2.1	0.0.0.0.0.0.0.0.0.0.0.0.1.0.1.0	000A	0050	6.0	#ff9900		
n1214	1.1.1.1.1.1.1.1.1.1.1.1.2.1.2.1.1	0.0.0.0.0.0.0.0.0.0.0.0.1.0.1.0.0	000A0	0050	8.0	#ff9900		
LR743431.1	1.1.1.1.1.1.1.1.1.1.1.1.2.1.2.1.1.1	0.0.0.0.0.0.0.0.0.0.0.0.1.0.1.0.0.0	000A0	0050	1.0	#ff9900		
OX442310.1	1.1.1.1.1.1.1.1.1.1.1.1.2.1.2.1.1.2	0.0.0.0.0.0.0.0.0.0.0.0.1.0.1.0.0.1	000A4	0054	4.0	#ff9900		
MF984345.1	1.1.1.1.1.1.1.1.1.1.1.1.2.1.2.1.2	0.0.0.0.0.0.0.0.0.0.0.0.1.0.1.0.1	000A8	0058	2.0	#ff9900		
KM203860.1	1.1.1.1.1.1.1.1.1.1.1.1.2.1.2.2	0.0.0.0.0.0.0.0.0.0.0.0.1.0.1.1	000B	005G	3.0	#ff9900		
n1219	1.1.1.1.1.1.1.1.1.1.1.1.2.2	0.0.0.0.0.0.0.0.0.0.0.0.1.1	000C	006	11.0	#ff9900		
PQ738244.1	1.1.1.1.1.1.1.1.1.1.1.1.2.2.1	0.0.0.0.0.0.0.0.0.0.0.0.1.1.0	000C	006	11.0	#ff9900		
MK947396.1	1.1.1.1.1.1.1.1.1.1.1.1.2.2.2	0.0.0.0.0.0.0.0.0.0.0.0.1.1.1	000E	007	10.0	#ff9900		
n1222	1.1.1.1.1.1.1.1.1.1.1.1.3	0.0.0.0.0.0.0.0.0.0.0.0.0.0.1.0	0002	0010	14.0	#ff9900	{2,221.0,#ff9900}	
MH244513.1	1.1.1.1.1.1.1.1.1.1.1.1.3.1	0.0.0.0.0.0.0.0.0.0.0.0.0.0.1.0.0	00020	0010	5.0	#ff9900		
OK129333.1	1.1.1.1.1.1.1.1.1.1.1.1.3.2	0.0.0.0.0.0.0.0.0.0.0.0.0.0.1.0.1	00028	0018	16.0	#ff9900		
n1225	1.1.1.1.1.1.1.1.1.1.1.2	0.0.0.0.0.0.0.0.0.0.0.1	001	008	3.0			
n1226	1.1.1.1.1.1.1.1.1.1.1.2.1	0.0.0.0.0.0.0.0.0.0.0.1.0	0010	008	17.0		{13,169.0,#00cc33}	
n1227	1.1.1.1.1.1.1.1.1.1.1.2.1.1	0.0.0.0.0.0.0.0.0.0.0.1.0.0	0010	008	13.0			
n1228	1.1.1.1.1.1.1.1.1.1.1.2.1.1.1	0.0.0.0.0.0.0.0.0.0.0.1.0.0.0	0010	008	4.0			
n1229	1.1.1.1.1.1.1.1.1.1.1.2.1.1.1.1	0.0.0.0.0.0.0.0.0.0.0.1.0.0.0.0	0010	0080	2.0			
PQ328936.1	1.1.1.1.1.1.1.1.1.1.1.2.1.1.1.1.1	0.0.0.0.0.0.0.0.0.0.0.1.0.0.0.0.0	00100	0080	9.0			
PV221007.1	1.1.1.1.1.1.1.1.1.1.1.2.1.1.1.1.2	0.0.0.0.0.0.0.0.0.0.0.1.0.0.0.0.1	00108	0088	5.0			
PV220996.1	1.1.1.1.1.1.1.1.1.1.1.2.1.1.1.1.3	0.0.0.0.0.0.0.0.0.0.0.1.0.0.0.0.0.0.1.0	00102	0082	11.0			
PV221006.1	1.1.1.1.1.1.1.1.1.1.1.2.1.1.1.1.4	0.0.0.0.0.0.0.0.0.0.0.1.0.0.0.0.0.0.1.1	00103	0083	3.0			
PV221004.1	1.1.1.1.1.1.1.1.1.1.1.2.1.1.1.2	0.0.0.0.0.0.0.0.0.0.0.1.0.0.0.1	0011	008G	17.0			
OX442305.1	1.1.1.1.1.1.1.1.1.1.1.2.1.1.1.3	0.0.0.0.0.0.0.0.0.0.0.1.0.0.0.0.0.1.0	00104	0084	14.0			
OX442272.1	1.1.1.1.1.1.1.1.1.1.1.2.1.1.1.4	0.0.0.0.0.0.0.0.0.0.0.1.0.0.0.0.0.1.1	00106	0086	6.0			
LR743454.1	1.1.1.1.1.1.1.1.1.1.1.2.1.1.1.5	0.0.0.0.0.0.0.0.0.0.0.1.0.0.0.0.1.0.0	00108	0088	1.0			
n1238	1.1.1.1.1.1.1.1.1.1.1.2.1.1.2	0.0.0.0.0.0.0.0.0.0.0.1.0.0.1	0012	009	10.0			
PQ119470.1	1.1.1.1.1.1.1.1.1.1.1.2.1.1.2.1	0.0.0.0.0.0.0.0.0.0.0.1.0.0.1.0	0012	0090	16.0			
PQ119453.1	1.1.1.1.1.1.1.1.1.1.1.2.1.1.2.2	0.0.0.0.0.0.0.0.0.0.0.1.0.0.1.1	0013	009G	41.0			
n1241	1.1.1.1.1.1.1.1.1.1.1.2.1.2	0.0.0.0.0.0.0.0.0.0.0.1.0.1	0014	00A	13.0			
n1242	1.1.1.1.1.1.1.1.1.1.1.2.1.2.1	0.0.0.0.0.0.0.0.0.0.0.1.0.1.0	0014	00A	6.0			
PQ679039.1	1.1.1.1.1.1.1.1.1.1.1.2.1.2.1.1	0.0.0.0.0.0.0.0.0.0.0.1.0.1.0.0	0014	00A0	0.0			
PP580188.1	1.1.1.1.1.1.1.1.1.1.1.2.1.2.1.2	0.0.0.0.0.0.0.0.0.0.0.1.0.1.0.1	0015	00AG	0.0			
OP179288.1	1.1.1.1.1.1.1.1.1.1.1.2.1.2.2	0.0.0.0.0.0.0.0.0.0.0.1.0.1.1	0016	00B	10.0			
KF179640.1	1.1.1.1.1.1.1.1.1.1.1.2.2	0.0.0.0.0.0.0.0.0.0.0.1.1	0018	00C	5.0			
n1247	1.1.1.1.1.1.1.1.1.1.1.3	0.0.0.0.0.0.0.0.0.0.0.0.0.1.0	0004	002	28.0	#009966	{8,222.0,#ccffcc}	#009966
KC407673.1	1.1.1.1.1.1.1.1.1.1.1.3.1	0.0.0.0.0.0.0.0.0.0.0.0.0.1.0.0	0004	0020	3.0	#009966		
2025.EXT.0218.1613.0015	1.1.1.1.1.1.1.1.1.1.1.3.2	0.0.0.0.0.0.0.0.0.0.0.0.0.1.0.1	0005	002G	0.0	#009966		
2025.EXT.0218.1613.0024	1.1.1.1.1.1.1.1.1.1.1.3.3	0.0.0.0.0.0.0.0.0.0.0.0.0.1.0.0.0.1.0	00044	0024	0.0	#009966		
2025.EXT.0218.1613.0028	1.1.1.1.1.1.1.1.1.1.1.3.4	0.0.0.0.0.0.0.0.0.0.0.0.0.1.0.0.0.1.1	00046	0026	0.0	#009966		
2025.EXT.0218.1613.0060	1.1.1.1.1.1.1.1.1.1.1.3.5	0.0.0.0.0.0.0.0.0.0.0.0.0.1.0.0.1.0.0	00048	0028	0.0	#009966		
2025.EXT.0218.1613.00114	1.1.1.1.1.1.1.1.1.1.1.3.6	0.0.0.0.0.0.0.0.0.0.0.0.0.1.0.0.1.0.1	0004A	002A	0.0	#009966		
2025.EXT.0218.1613.0012	1.1.1.1.1.1.1.1.1.1.1.3.7	0.0.0.0.0.0.0.0.0.0.0.0.0.1.0.0.1.1.0	0004C	002C	0.0	#009966		
MW751837.1	1.1.1.1.1.1.1.1.1.1.1.3.8	0.0.0.0.0.0.0.0.0.0.0.0.0.1.0.0.1.1.1	0004E	002E	0.0	#009966		
n1256	1.1.1.1.1.1.1.1.1.1.2	0.0.0.0.0.0.0.0.0.0.1	002	00G	15.0			
n1257	1.1.1.1.1.1.1.1.1.1.2.1	0.0.0.0.0.0.0.0.0.0.1.0	002	00G	6.0			
n1258	1.1.1.1.1.1.1.1.1.1.2.1.1	0.0.0.0.0.0.0.0.0.0.1.0.0	0020	00G	3.0			
n1259	1.1.1.1.1.1.1.1.1.1.2.1.1.1	0.0.0.0.0.0.0.0.0.0.1.0.0.0	0020	00G	10.0			
n1260	1.1.1.1.1.1.1.1.1.1.2.1.1.1.1	0.0.0.0.0.0.0.0.0.0.1.0.0.0.0	0020	00G	11.0			
n1261	1.1.1.1.1.1.1.1.1.1.2.1.1.1.1.1	0.0.0.0.0.0.0.0.0.0.1.0.0.0.0.0	0020	00G0	7.0	#ff0099	{144,137.0,#ff66cc}	#ff0099
n1262	1.1.1.1.1.1.1.1.1.1.2.1.1.1.1.1.1	0.0.0.0.0.0.0.0.0.0.1.0.0.0.0.0.0	00200	00G0	2.0	#ff0099	{94,173.0,#3333ff}	
n1263	1.1.1.1.1.1.1.1.1.1.2.1.1.1.1.1.1.1	0.0.0.0.0.0.0.0.0.0.1.0.0.0.0.0.0.0	00200	00G0	2.0	#ff0099		
n1264	1.1.1.1.1.1.1.1.1.1.2.1.1.1.1.1.1.1.1	0.0.0.0.0.0.0.0.0.0.1.0.0.0.0.0.0.0.0	00200	00G0	1.0	#ff0099		
n1265	1.1.1.1.1.1.1.1.1.1.2.1.1.1.1.1.1.1.1.1	0.0.0.0.0.0.0.0.0.0.1.0.0.0.0.0.0.0.0.0	00200	00G0	7.0	#ff0099		
n1266	1.1.1.1.1.1.1.1.1.1.2.1.1.1.1.1.1.1.1.1.1	0.0.0.0.0.0.0.0.0.0.1.0.0.0.0.0.0.0.0.0.0	002000	00G00	1.0	#ff0099		
n1267	1.1.1.1.1.1.1.1.1.1.2.1.1.1.1.1.1.1.1.1.1.1	0.0.0.0.0.0.0.0.0.0.1.0.0.0.0.0.0.0.0.0.0.0	002000	00G00	1.0	#ff0099		
n1268	1.1.1.1.1.1.1.1.1.1.2.1.1.1.1.1.1.1.1.1.1.1.1	0.0.0.0.0.0.0.0.0.0.1.0.0.0.0.0.0.0.0.0.0.0.0	002000	00G00	1.0	#ff0099		
n1269	1.1.1.1.1.1.1.1.1.1.2.1.1.1.1.1.1.1.1.1.1.1.1.1	0.0.0.0.0.0.0.0.0.0.1.0.0.0.0.0.0.0.0.0.0.0.0.0	002000	00G00	1.0	#ff0099		
2026.TE.3559.1.1	1.1.1.1.1.1.1.1.1.1.2.1.1.1.1.1.1.1.1.1.1.1.1.1.1	0.0.0.0.0.0.0.0.0.0.1.0.0.0.0.0.0.0.0.0.0.0.0.0.0	0020000	00G00	8.0	#ff0099		
2025.TE.19490.1.1	1.1.1.1.1.1.1.1.1.1.2.1.1.1.1.1.1.1.1.1.1.1.1.1.2	0.0.0.0.0.0.0.0.0.0.1.0.0.0.0.0.0.0.0.0.0.0.0.0.1	0020008	00G01	6.0	#ff0099		
n1272	1.1.1.1.1.1.1.1.1.1.2.1.1.1.1.1.1.1.1.1.1.1.1.2	0.0.0.0.0.0.0.0.0.0.1.0.0.0.0.0.0.0.0.0.0.0.0.1	002001	00G02	2.0	#ff0099		
PQ654047.1	1.1.1.1.1.1.1.1.1.1.2.1.1.1.1.1.1.1.1.1.1.1.1.2.1	0.0.0.0.0.0.0.0.0.0.1.0.0.0.0.0.0.0.0.0.0.0.0.1.0	0020010	00G02	0.0	#ff0099		
PQ654048.1	1.1.1.1.1.1.1.1.1.1.2.1.1.1.1.1.1.1.1.1.1.1.1.2.2	0.0.0.0.0.0.0.0.0.0.1.0.0.0.0.0.0.0.0.0.0.0.0.1.1	0020018	00G03	0.0	#ff0099		
2026.TE.3586.1.1	1.1.1.1.1.1.1.1.1.1.2.1.1.1.1.1.1.1.1.1.1.1.1.3	0.0.0.0.0.0.0.0.0.0.1.0.0.0.0.0.0.0.0.0.0.0.0.0.0.1.0	0020004	00G00G	2.0	#ff0099		
2026.TE.3558.1.1	1.1.1.1.1.1.1.1.1.1.2.1.1.1.1.1.1.1.1.1.1.1.1.4	0.0.0.0.0.0.0.0.0.0.1.0.0.0.0.0.0.0.0.0.0.0.0.0.0.1.1	0020006	00G00O	8.0	#ff0099		
2025.TE.19489.1.1	1.1.1.1.1.1.1.1.1.1.2.1.1.1.1.1.1.1.1.1.1.1.1.5	0.0.0.0.0.0.0.0.0.0.1.0.0.0.0.0.0.0.0.0.0.0.0.0.1.0.0	0020008	00G010	11.0	#ff0099		
n1278	1.1.1.1.1.1.1.1.1.1.2.1.1.1.1.1.1.1.1.1.1.1.2	0.0.0.0.0.0.0.0.0.0.1.0.0.0.0.0.0.0.0.0.0.0.1	002002	00G04	3.0	#ff0099		
2025.TE.19491.1.1	1.1.1.1.1.1.1.1.1.1.2.1.1.1.1.1.1.1.1.1.1.1.2.1	0.0.0.0.0.0.0.0.0.0.1.0.0.0.0.0.0.0.0.0.0.0.1.0	002002	00G04	3.0	#ff0099		
2025.TE.19488.1.1	1.1.1.1.1.1.1.1.1.1.2.1.1.1.1.1.1.1.1.1.1.1.2.2	0.0.0.0.0.0.0.0.0.0.1.0.0.0.0.0.0.0.0.0.0.0.1.1	002003	00G06	14.0	#ff0099		
2025.TE.11521.1.1	1.1.1.1.1.1.1.1.1.1.2.1.1.1.1.1.1.1.1.1.1.1.3	0.0.0.0.0.0.0.0.0.0.1.0.0.0.0.0.0.0.0.0.0.0.0.0.1.0	0020008	00G010	6.0	#ff0099		
PQ654049.1	1.1.1.1.1.1.1.1.1.1.2.1.1.1.1.1.1.1.1.1.1.1.4	0.0.0.0.0.0.0.0.0.0.1.0.0.0.0.0.0.0.0.0.0.0.0.0.1.1	002000C	00G01G	7.0	#ff0099		
PQ435201.1	1.1.1.1.1.1.1.1.1.1.2.1.1.1.1.1.1.1.1.1.1.2	0.0.0.0.0.0.0.0.0.0.1.0.0.0.0.0.0.0.0.0.0.1	002004	00G08	4.0	#ff0099		
n1284	1.1.1.1.1.1.1.1.1.1.2.1.1.1.1.1.1.1.1.1.2	0.0.0.0.0.0.0.0.0.0.1.0.0.0.0.0.0.0.0.0.1	002008	00G0G	5.0	#ff0099		
n1285	1.1.1.1.1.1.1.1.1.1.2.1.1.1.1.1.1.1.1.1.2.1	0.0.0.0.0.0.0.0.0.0.1.0.0.0.0.0.0.0.0.0.1.0	002008	00G0G	1.0	#ff0099		
n1286	1.1.1.1.1.1.1.1.1.1.2.1.1.1.1.1.1.1.1.1.2.1.1	0.0.0.0.0.0.0.0.0.0.1.0.0.0.0.0.0.0.0.0.1.0.0	002008	00G0G	2.0	#ff0099		
2026.TE.3556.1.1	1.1.1.1.1.1.1.1.1.1.2.1.1.1.1.1.1.1.1.1.2.1.1.1	0.0.0.0.0.0.0.0.0.0.1.0.0.0.0.0.0.0.0.0.1.0.0.0	002008	00G0G	0.0	#ff0099		
2025.TE.16474.1.1	1.1.1.1.1.1.1.1.1.1.2.1.1.1.1.1.1.1.1.1.2.1.1.2	0.0.0.0.0.0.0.0.0.0.1.0.0.0.0.0.0.0.0.0.1.0.0.1	002009	00G0I	0.0	#ff0099		
PX024393.1	1.1.1.1.1.1.1.1.1.1.2.1.1.1.1.1.1.1.1.1.2.1.2	0.0.0.0.0.0.0.0.0.0.1.0.0.0.0.0.0.0.0.0.1.0.1	00200A	00G0K	0.0	#ff0099		
PX024392.1	1.1.1.1.1.1.1.1.1.1.2.1.1.1.1.1.1.1.1.1.2.2	0.0.0.0.0.0.0.0.0.0.1.0.0.0.0.0.0.0.0.0.1.1	00200C	00G0O	2.0	#ff0099		
2026.TE.3566.1.1	1.1.1.1.1.1.1.1.1.1.2.1.1.1.1.1.1.1.1.1.2.3	0.0.0.0.0.0.0.0.0.0.1.0.0.0.0.0.0.0.0.0.1.0.0.1.0	0020090	00G0I	9.0	#ff0099		
n1292	1.1.1.1.1.1.1.1.1.1.2.1.1.1.1.1.1.1.1.1.3	0.0.0.0.0.0.0.0.0.0.1.0.0.0.0.0.0.0.0.0.0.0.1.0	002002	00G04	2.0	#ff0099		
n1293	1.1.1.1.1.1.1.1.1.1.2.1.1.1.1.1.1.1.1.1.3.1	0.0.0.0.0.0.0.0.0.0.1.0.0.0.0.0.0.0.0.0.0.0.1.0.0	0020020	00G04	5.0	#ff0099		
PQ435202.1	1.1.1.1.1.1.1.1.1.1.2.1.1.1.1.1.1.1.1.1.3.1.1	0.0.0.0.0.0.0.0.0.0.1.0.0.0.0.0.0.0.0.0.0.0.1.0.0.0	0020020	00G040	6.0	#ff0099		
PQ435204.1	1.1.1.1.1.1.1.1.1.1.2.1.1.1.1.1.1.1.1.1.3.1.2	0.0.0.0.0.0.0.0.0.0.1.0.0.0.0.0.0.0.0.0.0.0.1.0.0.1	0020024	00G04G	3.0	#ff0099		
PQ435205.1	1.1.1.1.1.1.1.1.1.1.2.1.1.1.1.1.1.1.1.1.3.1.3	0.0.0.0.0.0.0.0.0.0.1.0.0.0.0.0.0.0.0.0.0.0.1.0.0.0.0.1.0	00200210	00G044	10.0	#ff0099		
PQ435200.1	1.1.1.1.1.1.1.1.1.1.2.1.1.1.1.1.1.1.1.1.3.2	0.0.0.0.0.0.0.0.0.0.1.0.0.0.0.0.0.0.0.0.0.0.1.0.1	0020028	00G05	4.0	#ff0099		
n1298	1.1.1.1.1.1.1.1.1.1.2.1.1.1.1.1.1.1.1.1.4	0.0.0.0.0.0.0.0.0.0.1.0.0.0.0.0.0.0.0.0.0.0.1.1	002003	00G06	3.0	#ff0099		
2024.TE.20035.1.1	1.1.1.1.1.1.1.1.1.1.2.1.1.1.1.1.1.1.1.1.4.1	0.0.0.0.0.0.0.0.0.0.1.0.0.0.0.0.0.0.0.0.0.0.1.1.0	0020030	00G06	9.0	#ff0099		
2025.TE.4552.1.1	1.1.1.1.1.1.1.1.1.1.2.1.1.1.1.1.1.1.1.1.4.2	0.0.0.0.0.0.0.0.0.0.1.0.0.0.0.0.0.0.0.0.0.0.1.1.1	0020038	00G07	2.0	#ff0099		
2025.TE.4547.1.1	1.1.1.1.1.1.1.1.1.1.2.1.1.1.1.1.1.1.1.1.4.3	0.0.0.0.0.0.0.0.0.0.1.0.0.0.0.0.0.0.0.0.0.0.1.1.0.0.1.0	0020032	00G068	2.0	#ff0099		
2025.TE.4550.1.1	1.1.1.1.1.1.1.1.1.1.2.1.1.1.1.1.1.1.1.1.4.4	0.0.0.0.0.0.0.0.0.0.1.0.0.0.0.0.0.0.0.0.0.0.1.1.0.0.1.1	0020033	00G06C	5.0	#ff0099		
2025.TE.4553.1.1	1.1.1.1.1.1.1.1.1.1.2.1.1.1.1.1.1.1.1.1.5	0.0.0.0.0.0.0.0.0.0.1.0.0.0.0.0.0.0.0.0.0.1.0.0	002004	00G08	10.0	#ff0099		
PX124569.1	1.1.1.1.1.1.1.1.1.1.2.1.1.1.1.1.1.1.1.1.6	0.0.0.0.0.0.0.0.0.0.1.0.0.0.0.0.0.0.0.0.0.1.0.1	002005	00G0A	9.0	#ff0099		
2026.TE.3562.1.1	1.1.1.1.1.1.1.1.1.1.2.1.1.1.1.1.1.1.1.1.7	0.0.0.0.0.0.0.0.0.0.1.0.0.0.0.0.0.0.0.0.0.1.1.0	002006	00G0C	11.0	#ff0099		
PQ435203.1	1.1.1.1.1.1.1.1.1.1.2.1.1.1.1.1.1.1.1.1.8	0.0.0.0.0.0.0.0.0.0.1.0.0.0.0.0.0.0.0.0.0.1.1.1	002007	00G0E	9.0	#ff0099		
n1307	1.1.1.1.1.1.1.1.1.1.2.1.1.1.1.1.1.1.1.2	0.0.0.0.0.0.0.0.0.0.1.0.0.0.0.0.0.0.0.1	00201	00G1	4.0	#ff0099		
n1308	1.1.1.1.1.1.1.1.1.1.2.1.1.1.1.1.1.1.1.2.1	0.0.0.0.0.0.0.0.0.0.1.0.0.0.0.0.0.0.0.1.0	002010	00G10	2.0	#ff0099		
PQ654050.1	1.1.1.1.1.1.1.1.1.1.2.1.1.1.1.1.1.1.1.2.1.1	0.0.0.0.0.0.0.0.0.0.1.0.0.0.0.0.0.0.0.1.0.0	002010	00G10	0.0	#ff0099		
OZ374057.1	1.1.1.1.1.1.1.1.1.1.2.1.1.1.1.1.1.1.1.2.1.2	0.0.0.0.0.0.0.0.0.0.1.0.0.0.0.0.0.0.0.1.0.1	002014	00G18	1.0	#ff0099		
OZ374058.1	1.1.1.1.1.1.1.1.1.1.2.1.1.1.1.1.1.1.1.2.2	0.0.0.0.0.0.0.0.0.0.1.0.0.0.0.0.0.0.0.1.1	002018	00G1G	7.0	#ff0099		
n1312	1.1.1.1.1.1.1.1.1.1.2.1.1.1.1.1.1.1.1.3	0.0.0.0.0.0.0.0.0.0.1.0.0.0.0.0.0.0.0.0.0.1.0	002004	00G08	8.0	#ff0099		
PQ435199.1	1.1.1.1.1.1.1.1.1.1.2.1.1.1.1.1.1.1.1.3.1	0.0.0.0.0.0.0.0.0.0.1.0.0.0.0.0.0.0.0.0.0.1.0.0	002004	00G08	3.0	#ff0099		
2026.TE.3589.1.1	1.1.1.1.1.1.1.1.1.1.2.1.1.1.1.1.1.1.1.3.2	0.0.0.0.0.0.0.0.0.0.1.0.0.0.0.0.0.0.0.0.0.1.0.1	002005	00G0A	4.0	#ff0099		
n1315	1.1.1.1.1.1.1.1.1.1.2.1.1.1.1.1.1.1.2	0.0.0.0.0.0.0.0.0.0.1.0.0.0.0.0.0.0.1	00202	00G2	9.0	#ff0099		
n1316	1.1.1.1.1.1.1.1.1.1.2.1.1.1.1.1.1.1.2.1	0.0.0.0.0.0.0.0.0.0.1.0.0.0.0.0.0.0.1.0	00202	00G2	7.0	#ff0099		
2026.TE.3574.1.1	1.1.1.1.1.1.1.1.1.1.2.1.1.1.1.1.1.1.2.1.1	0.0.0.0.0.0.0.0.0.0.1.0.0.0.0.0.0.0.1.0.0	002020	00G20	3.0	#ff0099		
2026.TE.3564.1.1	1.1.1.1.1.1.1.1.1.1.2.1.1.1.1.1.1.1.2.1.2	0.0.0.0.0.0.0.0.0.0.1.0.0.0.0.0.0.0.1.0.1	002028	00G2G	5.0	#ff0099		
2026.TE.3582.1.1	1.1.1.1.1.1.1.1.1.1.2.1.1.1.1.1.1.1.2.2	0.0.0.0.0.0.0.0.0.0.1.0.0.0.0.0.0.0.1.1	00203	00G3	4.0	#ff0099		
PP388974.1	1.1.1.1.1.1.1.1.1.1.2.1.1.1.1.1.1.1.3	0.0.0.0.0.0.0.0.0.0.1.0.0.0.0.0.0.0.0.0.1.0	002008	00G0G	6.0	#ff0099		
n1321	1.1.1.1.1.1.1.1.1.1.2.1.1.1.1.1.1.2	0.0.0.0.0.0.0.0.0.0.1.0.0.0.0.0.0.1	00204	00G4	2.0	#ff0099		
n1322	1.1.1.1.1.1.1.1.1.1.2.1.1.1.1.1.1.2.1	0.0.0.0.0.0.0.0.0.0.1.0.0.0.0.0.0.1.0	00204	00G4	4.0	#ff0099		
n1323	1.1.1.1.1.1.1.1.1.1.2.1.1.1.1.1.1.2.1.1	0.0.0.0.0.0.0.0.0.0.1.0.0.0.0.0.0.1.0.0	00204	00G4	1.0	#ff0099		
n1324	1.1.1.1.1.1.1.1.1.1.2.1.1.1.1.1.1.2.1.1.1	0.0.0.0.0.0.0.0.0.0.1.0.0.0.0.0.0.1.0.0.0	002040	00G40	1.0	#ff0099		
n1325	1.1.1.1.1.1.1.1.1.1.2.1.1.1.1.1.1.2.1.1.1.1	0.0.0.0.0.0.0.0.0.0.1.0.0.0.0.0.0.1.0.0.0.0	002040	00G40	1.0	#ff0099		
n1326	1.1.1.1.1.1.1.1.1.1.2.1.1.1.1.1.1.2.1.1.1.1.1	0.0.0.0.0.0.0.0.0.0.1.0.0.0.0.0.0.1.0.0.0.0.0	002040	00G40	2.0	#ff0099		
PV596719.1	1.1.1.1.1.1.1.1.1.1.2.1.1.1.1.1.1.2.1.1.1.1.1.1	0.0.0.0.0.0.0.0.0.0.1.0.0.0.0.0.0.1.0.0.0.0.0.0	002040	00G40	0.0	#ff0099		
PV596720.1	1.1.1.1.1.1.1.1.1.1.2.1.1.1.1.1.1.2.1.1.1.1.1.2	0.0.0.0.0.0.0.0.0.0.1.0.0.0.0.0.0.1.0.0.0.0.0.1	002041	00G42	0.0	#ff0099		
PV596738.1	1.1.1.1.1.1.1.1.1.1.2.1.1.1.1.1.1.2.1.1.1.1.2	0.0.0.0.0.0.0.0.0.0.1.0.0.0.0.0.0.1.0.0.0.0.1	002042	00G44	3.0	#ff0099		
2025.EXT.1210.1504.275	1.1.1.1.1.1.1.1.1.1.2.1.1.1.1.1.1.2.1.1.1.1.3	0.0.0.0.0.0.0.0.0.0.1.0.0.0.0.0.0.1.0.0.0.0.0.0.1.0	0020408	00G410	0.0	#ff0099		
2025.EXT.1210.1504.271	1.1.1.1.1.1.1.1.1.1.2.1.1.1.1.1.1.2.1.1.1.1.4	0.0.0.0.0.0.0.0.0.0.1.0.0.0.0.0.0.1.0.0.0.0.0.0.1.1	002040C	00G41G	3.0	#ff0099		
PV596721.1	1.1.1.1.1.1.1.1.1.1.2.1.1.1.1.1.1.2.1.1.1.1.5	0.0.0.0.0.0.0.0.0.0.1.0.0.0.0.0.0.1.0.0.0.0.0.1.0.0	0020410	00G420	3.0	#ff0099		
PV596730.1	1.1.1.1.1.1.1.1.1.1.2.1.1.1.1.1.1.2.1.1.1.1.6	0.0.0.0.0.0.0.0.0.0.1.0.0.0.0.0.0.1.0.0.0.0.0.1.0.1	0020414	00G42G	2.0	#ff0099		
PV596743.1	1.1.1.1.1.1.1.1.1.1.2.1.1.1.1.1.1.2.1.1.1.2	0.0.0.0.0.0.0.0.0.0.1.0.0.0.0.0.0.1.0.0.0.1	002044	00G48	1.0	#ff0099		
PV596741.1	1.1.1.1.1.1.1.1.1.1.2.1.1.1.1.1.1.2.1.1.1.3	0.0.0.0.0.0.0.0.0.0.1.0.0.0.0.0.0.1.0.0.0.0.0.1.0	0020410	00G42	0.0	#ff0099		
PV596742.1	1.1.1.1.1.1.1.1.1.1.2.1.1.1.1.1.1.2.1.1.1.4	0.0.0.0.0.0.0.0.0.0.1.0.0.0.0.0.0.1.0.0.0.0.0.1.1	0020418	00G43	0.0	#ff0099		
n1337	1.1.1.1.1.1.1.1.1.1.2.1.1.1.1.1.1.2.1.1.2	0.0.0.0.0.0.0.0.0.0.1.0.0.0.0.0.0.1.0.0.1	002048	00G4G	3.0	#ff0099		
PV596749.1	1.1.1.1.1.1.1.1.1.1.2.1.1.1.1.1.1.2.1.1.2.1	0.0.0.0.0.0.0.0.0.0.1.0.0.0.0.0.0.1.0.0.1.0	002048	00G4G	2.0	#ff0099		
PV596750.1	1.1.1.1.1.1.1.1.1.1.2.1.1.1.1.1.1.2.1.1.2.2	0.0.0.0.0.0.0.0.0.0.1.0.0.0.0.0.0.1.0.0.1.1	00204C	00G4O	1.0	#ff0099		
PV596744.1	1.1.1.1.1.1.1.1.1.1.2.1.1.1.1.1.1.2.1.1.3	0.0.0.0.0.0.0.0.0.0.1.0.0.0.0.0.0.1.0.0.0.0.1.0	002042	00G44	0.0	#ff0099		
PV596734.1	1.1.1.1.1.1.1.1.1.1.2.1.1.1.1.1.1.2.1.2	0.0.0.0.0.0.0.0.0.0.1.0.0.0.0.0.0.1.0.1	00205	00G5	3.0	#ff0099		
n1342	1.1.1.1.1.1.1.1.1.1.2.1.1.1.1.1.1.2.2	0.0.0.0.0.0.0.0.0.0.1.0.0.0.0.0.0.1.1	00206	00G6	3.0	#ff0099		
n1343	1.1.1.1.1.1.1.1.1.1.2.1.1.1.1.1.1.2.2.1	0.0.0.0.0.0.0.0.0.0.1.0.0.0.0.0.0.1.1.0	00206	00G6	1.0	#ff0099		
n1344	1.1.1.1.1.1.1.1.1.1.2.1.1.1.1.1.1.2.2.1.1	0.0.0.0.0.0.0.0.0.0.1.0.0.0.0.0.0.1.1.0.0	002060	00G60	3.0	#ff0099		
PV596760.1	1.1.1.1.1.1.1.1.1.1.2.1.1.1.1.1.1.2.2.1.1.1	0.0.0.0.0.0.0.0.0.0.1.0.0.0.0.0.0.1.1.0.0.0	002060	00G60	3.0	#ff0099		
PP212882.1	1.1.1.1.1.1.1.1.1.1.2.1.1.1.1.1.1.2.2.1.1.2	0.0.0.0.0.0.0.0.0.0.1.0.0.0.0.0.0.1.1.0.0.1	002064	00G68	0.0	#ff0099		
PV605548.1	1.1.1.1.1.1.1.1.1.1.2.1.1.1.1.1.1.2.2.1.2	0.0.0.0.0.0.0.0.0.0.1.0.0.0.0.0.0.1.1.0.1	002068	00G6G	6.0	#ff0099		
n1348	1.1.1.1.1.1.1.1.1.1.2.1.1.1.1.1.1.2.2.2	0.0.0.0.0.0.0.0.0.0.1.0.0.0.0.0.0.1.1.1	00207	00G7	8.0	#ff0099		
PQ483500.1	1.1.1.1.1.1.1.1.1.1.2.1.1.1.1.1.1.2.2.2.1	0.0.0.0.0.0.0.0.0.0.1.0.0.0.0.0.0.1.1.1.0	002070	00G70	2.0	#ff0099		
PQ462527.1	1.1.1.1.1.1.1.1.1.1.2.1.1.1.1.1.1.2.2.2.2	0.0.0.0.0.0.0.0.0.0.1.0.0.0.0.0.0.1.1.1.1	002078	00G7G	2.0	#ff0099		
PV637093.1	1.1.1.1.1.1.1.1.1.1.2.1.1.1.1.1.1.2.2.3	0.0.0.0.0.0.0.0.0.0.1.0.0.0.0.0.0.1.1.0.0.1.0	002064	00G68	9.0	#ff0099		
n1352	1.1.1.1.1.1.1.1.1.1.2.1.1.1.1.1.1.3	0.0.0.0.0.0.0.0.0.0.1.0.0.0.0.0.0.0.0.1.0	002010	00G10	4.0	#ff0099		
n1353	1.1.1.1.1.1.1.1.1.1.2.1.1.1.1.1.1.3.1	0.0.0.0.0.0.0.0.0.0.1.0.0.0.0.0.0.0.0.1.0.0	002010	00G10	0.0	#ff0099		
n1354	1.1.1.1.1.1.1.1.1.1.2.1.1.1.1.1.1.3.1.1	0.0.0.0.0.0.0.0.0.0.1.0.0.0.0.0.0.0.0.1.0.0.0	002010	00G10	1.0	#ff0099		
n1355	1.1.1.1.1.1.1.1.1.1.2.1.1.1.1.1.1.3.1.1.1	0.0.0.0.0.0.0.0.0.0.1.0.0.0.0.0.0.0.0.1.0.0.0.0	002010	00G10	6.0	#ff0099		
PV596737.1	1.1.1.1.1.1.1.1.1.1.2.1.1.1.1.1.1.3.1.1.1.1	0.0.0.0.0.0.0.0.0.0.1.0.0.0.0.0.0.0.0.1.0.0.0.0.0	0020100	00G10	4.0	#ff0099		
PV637092.1	1.1.1.1.1.1.1.1.1.1.2.1.1.1.1.1.1.3.1.1.1.2	0.0.0.0.0.0.0.0.0.0.1.0.0.0.0.0.0.0.0.1.0.0.0.0.1	0020108	00G11	0.0	#ff0099		
PV596729.1	1.1.1.1.1.1.1.1.1.1.2.1.1.1.1.1.1.3.1.1.1.3	0.0.0.0.0.0.0.0.0.0.1.0.0.0.0.0.0.0.0.1.0.0.0.0.0.0.1.0	0020102	00G108	3.0	#ff0099		
PV596728.1	1.1.1.1.1.1.1.1.1.1.2.1.1.1.1.1.1.3.1.1.1.4	0.0.0.0.0.0.0.0.0.0.1.0.0.0.0.0.0.0.0.1.0.0.0.0.0.0.1.1	0020103	00G10C	0.0	#ff0099		
PV596745.1	1.1.1.1.1.1.1.1.1.1.2.1.1.1.1.1.1.3.1.1.1.5	0.0.0.0.0.0.0.0.0.0.1.0.0.0.0.0.0.0.0.1.0.0.0.0.0.1.0.0	0020104	00G10G	1.0	#ff0099		
PV605552.1	1.1.1.1.1.1.1.1.1.1.2.1.1.1.1.1.1.3.1.1.1.6	0.0.0.0.0.0.0.0.0.0.1.0.0.0.0.0.0.0.0.1.0.0.0.0.0.1.0.1	0020105	00G10K	0.0	#ff0099		
n1362	1.1.1.1.1.1.1.1.1.1.2.1.1.1.1.1.1.3.1.1.2	0.0.0.0.0.0.0.0.0.0.1.0.0.0.0.0.0.0.0.1.0.0.0.1	002011	00G12	2.0	#ff0099		
2025.EXT.1210.1504.278	1.1.1.1.1.1.1.1.1.1.2.1.1.1.1.1.1.3.1.1.2.1	0.0.0.0.0.0.0.0.0.0.1.0.0.0.0.0.0.0.0.1.0.0.0.1.0	0020110	00G12	2.0	#ff0099		
PV596751.1	1.1.1.1.1.1.1.1.1.1.2.1.1.1.1.1.1.3.1.1.2.2	0.0.0.0.0.0.0.0.0.0.1.0.0.0.0.0.0.0.0.1.0.0.0.1.1	0020118	00G13	1.0	#ff0099		
n1365	1.1.1.1.1.1.1.1.1.1.2.1.1.1.1.1.1.3.1.1.3	0.0.0.0.0.0.0.0.0.0.1.0.0.0.0.0.0.0.0.1.0.0.0.0.0.1.0	0020104	00G10G	1.0	#ff0099		
2025.EXT.0218.1613.0079	1.1.1.1.1.1.1.1.1.1.2.1.1.1.1.1.1.3.1.1.3.1	0.0.0.0.0.0.0.0.0.0.1.0.0.0.0.0.0.0.0.1.0.0.0.0.0.1.0.0	0020104	00G10G	4.0	#ff0099		
PQ468649.1	1.1.1.1.1.1.1.1.1.1.2.1.1.1.1.1.1.3.1.1.3.2	0.0.0.0.0.0.0.0.0.0.1.0.0.0.0.0.0.0.0.1.0.0.0.0.0.1.0.1	0020105	00G10K	7.0	#ff0099		
n1368	1.1.1.1.1.1.1.1.1.1.2.1.1.1.1.1.1.3.1.1.4	0.0.0.0.0.0.0.0.0.0.1.0.0.0.0.0.0.0.0.1.0.0.0.0.0.1.1	0020106	00G10O	1.0	#ff0099		
2025.EXT.0218.1613.0082	1.1.1.1.1.1.1.1.1.1.2.1.1.1.1.1.1.3.1.1.4.1	0.0.0.0.0.0.0.0.0.0.1.0.0.0.0.0.0.0.0.1.0.0.0.0.0.1.1.0	0020106	00G10O	0.0	#ff0099		
2025.EXT.0218.1613.0095	1.1.1.1.1.1.1.1.1.1.2.1.1.1.1.1.1.3.1.1.4.2	0.0.0.0.0.0.0.0.0.0.1.0.0.0.0.0.0.0.0.1.0.0.0.0.0.1.1.1	0020107	00G10S	2.0	#ff0099		
2025.EXT.0218.1613.00103	1.1.1.1.1.1.1.1.1.1.2.1.1.1.1.1.1.3.1.1.5	0.0.0.0.0.0.0.0.0.0.1.0.0.0.0.0.0.0.0.1.0.0.0.0.1.0.0	0020108	00G110	4.0	#ff0099		
2025.EXT.0218.1613.001	1.1.1.1.1.1.1.1.1.1.2.1.1.1.1.1.1.3.1.1.6	0.0.0.0.0.0.0.0.0.0.1.0.0.0.0.0.0.0.0.1.0.0.0.0.1.0.1	002010A	00G118	0.0	#ff0099		
2025.EXT.1210.1504.2717	1.1.1.1.1.1.1.1.1.1.2.1.1.1.1.1.1.3.1.2	0.0.0.0.0.0.0.0.0.0.1.0.0.0.0.0.0.0.0.1.0.0.1	002012	00G14	18.0	#ff0099		
2025.EXT.0218.1613.0081	1.1.1.1.1.1.1.1.1.1.2.1.1.1.1.1.1.3.2	0.0.0.0.0.0.0.0.0.0.1.0.0.0.0.0.0.0.0.1.0.1	002014	00G18	1.0	#ff0099		
n1375	1.1.1.1.1.1.1.1.1.1.2.1.1.1.1.1.1.4	0.0.0.0.0.0.0.0.0.0.1.0.0.0.0.0.0.0.0.1.1	002018	00G1G	3.0	#ff0099		
n1376	1.1.1.1.1.1.1.1.1.1.2.1.1.1.1.1.1.4.1	0.0.0.0.0.0.0.0.0.0.1.0.0.0.0.0.0.0.0.1.1.0	002018	00G1G	2.0	#ff0099		
n1377	1.1.1.1.1.1.1.1.1.1.2.1.1.1.1.1.1.4.1.1	0.0.0.0.0.0.0.0.0.0.1.0.0.0.0.0.0.0.0.1.1.0.0	002018	00G1G	1.0	#ff0099		
n1378	1.1.1.1.1.1.1.1.1.1.2.1.1.1.1.1.1.4.1.1.1	0.0.0.0.0.0.0.0.0.0.1.0.0.0.0.0.0.0.0.1.1.0.0.0	002018	00G1G	3.0	#ff0099		
n1379	1.1.1.1.1.1.1.1.1.1.2.1.1.1.1.1.1.4.1.1.1.1	0.0.0.0.0.0.0.0.0.0.1.0.0.0.0.0.0.0.0.1.1.0.0.0.0	0020180	00G1G	1.0	#ff0099		
2025.EXT.1210.1504.2712	1.1.1.1.1.1.1.1.1.1.2.1.1.1.1.1.1.4.1.1.1.1.1	0.0.0.0.0.0.0.0.0.0.1.0.0.0.0.0.0.0.0.1.1.0.0.0.0.0	0020180	00G1G0	0.0	#ff0099		
2025.EXT.1210.1504.2711	1.1.1.1.1.1.1.1.1.1.2.1.1.1.1.1.1.4.1.1.1.1.2	0.0.0.0.0.0.0.0.0.0.1.0.0.0.0.0.0.0.0.1.1.0.0.0.0.1	0020184	00G1GG	1.0	#ff0099		
2025.EXT.1210.1504.279	1.1.1.1.1.1.1.1.1.1.2.1.1.1.1.1.1.4.1.1.1.1.3	0.0.0.0.0.0.0.0.0.0.1.0.0.0.0.0.0.0.0.1.1.0.0.0.0.0.0.1.0	00201810	00G1G4	2.0	#ff0099		
2025.EXT.1210.1504.276	1.1.1.1.1.1.1.1.1.1.2.1.1.1.1.1.1.4.1.1.1.2	0.0.0.0.0.0.0.0.0.0.1.0.0.0.0.0.0.0.0.1.1.0.0.0.1	0020188	00G1H	5.0	#ff0099		
2025.EXT.1210.1504.277	1.1.1.1.1.1.1.1.1.1.2.1.1.1.1.1.1.4.1.1.1.3	0.0.0.0.0.0.0.0.0.0.1.0.0.0.0.0.0.0.0.1.1.0.0.0.0.0.1.0	0020182	00G1G8	2.0	#ff0099		
PP212881.1	1.1.1.1.1.1.1.1.1.1.2.1.1.1.1.1.1.4.1.1.2	0.0.0.0.0.0.0.0.0.0.1.0.0.0.0.0.0.0.0.1.1.0.0.1	002019	00G1I	7.0	#ff0099		
2025.EXT.0218.1613.00107	1.1.1.1.1.1.1.1.1.1.2.1.1.1.1.1.1.4.1.2	0.0.0.0.0.0.0.0.0.0.1.0.0.0.0.0.0.0.0.1.1.0.1	00201A	00G1K	7.0	#ff0099		
2025.EXT.1210.1504.272	1.1.1.1.1.1.1.1.1.1.2.1.1.1.1.1.1.4.2	0.0.0.0.0.0.0.0.0.0.1.0.0.0.0.0.0.0.0.1.1.1	00201C	00G1O	13.0	#ff0099		
2025.EXT.0218.1613.0096	1.1.1.1.1.1.1.1.1.1.2.1.1.1.1.1.1.4.3	0.0.0.0.0.0.0.0.0.0.1.0.0.0.0.0.0.0.0.1.1.0.0.1.0	0020190	00G1I	8.0	#ff0099		
2025.EXT.0218.1613.00108	1.1.1.1.1.1.1.1.1.1.2.1.1.1.1.1.1.4.4	0.0.0.0.0.0.0.0.0.0.1.0.0.0.0.0.0.0.0.1.1.0.0.1.1	0020198	00G1J	5.0	#ff0099		
OZ223842.1	1.1.1.1.1.1.1.1.1.1.2.1.1.1.1.1.1.4.5	0.0.0.0.0.0.0.0.0.0.1.0.0.0.0.0.0.0.0.1.1.0.1.0.0	00201A0	00G1K	10.0	#ff0099		
n1391	1.1.1.1.1.1.1.1.1.1.2.1.1.1.1.1.1.5	0.0.0.0.0.0.0.0.0.0.1.0.0.0.0.0.0.0.1.0.0	002020	00G20	2.0	#ff0099		
n1392	1.1.1.1.1.1.1.1.1.1.2.1.1.1.1.1.1.5.1	0.0.0.0.0.0.0.0.0.0.1.0.0.0.0.0.0.0.1.0.0.0	002020	00G20	1.0	#ff0099		
n1393	1.1.1.1.1.1.1.1.1.1.2.1.1.1.1.1.1.5.1.1	0.0.0.0.0.0.0.0.0.0.1.0.0.0.0.0.0.0.1.0.0.0.0	002020	00G20	3.0	#ff0099		
PV596725.1	1.1.1.1.1.1.1.1.1.1.2.1.1.1.1.1.1.5.1.1.1	0.0.0.0.0.0.0.0.0.0.1.0.0.0.0.0.0.0.1.0.0.0.0.0	002020	00G20	4.0	#ff0099		
PV596752.1	1.1.1.1.1.1.1.1.1.1.2.1.1.1.1.1.1.5.1.1.2	0.0.0.0.0.0.0.0.0.0.1.0.0.0.0.0.0.0.1.0.0.0.0.1	002021	00G22	13.0	#ff0099		
PV596727.1	1.1.1.1.1.1.1.1.1.1.2.1.1.1.1.1.1.5.1.2	0.0.0.0.0.0.0.0.0.0.1.0.0.0.0.0.0.0.1.0.0.0.1	002022	00G24	5.0	#ff0099		
PV596756.1	1.1.1.1.1.1.1.1.1.1.2.1.1.1.1.1.1.5.1.3	0.0.0.0.0.0.0.0.0.0.1.0.0.0.0.0.0.0.1.0.0.0.0.0.1.0	0020208	00G210	6.0	#ff0099		
PV605550.1	1.1.1.1.1.1.1.1.1.1.2.1.1.1.1.1.1.5.2	0.0.0.0.0.0.0.0.0.0.1.0.0.0.0.0.0.0.1.0.0.1	002024	00G28	9.0	#ff0099		
n1399	1.1.1.1.1.1.1.1.1.1.2.1.1.1.1.1.1.6	0.0.0.0.0.0.0.0.0.0.1.0.0.0.0.0.0.0.1.0.1	002028	00G2G	5.0	#ff0099		
PQ738243.1	1.1.1.1.1.1.1.1.1.1.2.1.1.1.1.1.1.6.1	0.0.0.0.0.0.0.0.0.0.1.0.0.0.0.0.0.0.1.0.1.0	002028	00G2G	7.0	#ff0099		
PQ778820.1	1.1.1.1.1.1.1.1.1.1.2.1.1.1.1.1.1.6.2	0.0.0.0.0.0.0.0.0.0.1.0.0.0.0.0.0.0.1.0.1.1	00202C	00G2O	3.0	#ff0099		
2025.EXT.0218.1613.0070	1.1.1.1.1.1.1.1.1.1.2.1.1.1.1.1.1.7	0.0.0.0.0.0.0.0.0.0.1.0.0.0.0.0.0.0.1.1.0	002030	00G30	0.0	#ff0099		
2025.EXT.0218.1613.0069	1.1.1.1.1.1.1.1.1.1.2.1.1.1.1.1.1.8	0.0.0.0.0.0.0.0.0.0.1.0.0.0.0.0.0.0.1.1.1	002038	00G3G	0.0	#ff0099		
n1404	1.1.1.1.1.1.1.1.1.1.2.1.1.1.1.1.2	0.0.0.0.0.0.0.0.0.0.1.0.0.0.0.0.1	00208	00G8	2.0	#ff0099		
n1405	1.1.1.1.1.1.1.1.1.1.2.1.1.1.1.1.2.1	0.0.0.0.0.0.0.0.0.0.1.0.0.0.0.0.1.0	00208	00G8	2.0	#ff0099		
n1406	1.1.1.1.1.1.1.1.1.1.2.1.1.1.1.1.2.1.1	0.0.0.0.0.0.0.0.0.0.1.0.0.0.0.0.1.0.0	00208	00G8	2.0	#ff0099		
n1407	1.1.1.1.1.1.1.1.1.1.2.1.1.1.1.1.2.1.1.1	0.0.0.0.0.0.0.0.0.0.1.0.0.0.0.0.1.0.0.0	00208	00G8	2.0	#ff0099		
n1408	1.1.1.1.1.1.1.1.1.1.2.1.1.1.1.1.2.1.1.1.1	0.0.0.0.0.0.0.0.0.0.1.0.0.0.0.0.1.0.0.0.0	002080	00G80	3.0	#ff0099		
n1409	1.1.1.1.1.1.1.1.1.1.2.1.1.1.1.1.2.1.1.1.1.1	0.0.0.0.0.0.0.0.0.0.1.0.0.0.0.0.1.0.0.0.0.0	002080	00G80	6.0	#ff0099		
n1410	1.1.1.1.1.1.1.1.1.1.2.1.1.1.1.1.2.1.1.1.1.1.1	0.0.0.0.0.0.0.0.0.0.1.0.0.0.0.0.1.0.0.0.0.0.0	002080	00G80	5.0	#ff0099		
n1411	1.1.1.1.1.1.1.1.1.1.2.1.1.1.1.1.2.1.1.1.1.1.1.1	0.0.0.0.0.0.0.0.0.0.1.0.0.0.0.0.1.0.0.0.0.0.0.0	002080	00G80	10.0	#ff0099		
PQ053326.1	1.1.1.1.1.1.1.1.1.1.2.1.1.1.1.1.2.1.1.1.1.1.1.1.1	0.0.0.0.0.0.0.0.0.0.1.0.0.0.0.0.1.0.0.0.0.0.0.0.0	0020800	00G80	32.0	#ff0099		
PQ053330.1	1.1.1.1.1.1.1.1.1.1.2.1.1.1.1.1.2.1.1.1.1.1.1.1.2	0.0.0.0.0.0.0.0.0.0.1.0.0.0.0.0.1.0.0.0.0.0.0.0.1	0020808	00G81	35.0	#ff0099		
PQ053322.1	1.1.1.1.1.1.1.1.1.1.2.1.1.1.1.1.2.1.1.1.1.1.1.2	0.0.0.0.0.0.0.0.0.0.1.0.0.0.0.0.1.0.0.0.0.0.0.1	002081	00G82	34.0	#ff0099		
PQ053329.1	1.1.1.1.1.1.1.1.1.1.2.1.1.1.1.1.2.1.1.1.1.1.2	0.0.0.0.0.0.0.0.0.0.1.0.0.0.0.0.1.0.0.0.0.0.1	002082	00G84	3.0	#ff0099		
PQ053327.1	1.1.1.1.1.1.1.1.1.1.2.1.1.1.1.1.2.1.1.1.1.2	0.0.0.0.0.0.0.0.0.0.1.0.0.0.0.0.1.0.0.0.0.1	002084	00G88	13.0	#ff0099		
2025.EXT.1210.1504.2713	1.1.1.1.1.1.1.1.1.1.2.1.1.1.1.1.2.1.1.1.2	0.0.0.0.0.0.0.0.0.0.1.0.0.0.0.0.1.0.0.0.1	002088	00G8G	0.0	#ff0099		
n1418	1.1.1.1.1.1.1.1.1.1.2.1.1.1.1.1.2.1.1.2	0.0.0.0.0.0.0.0.0.0.1.0.0.0.0.0.1.0.0.1	00209	00G9	1.0	#ff0099		
n1419	1.1.1.1.1.1.1.1.1.1.2.1.1.1.1.1.2.1.1.2.1	0.0.0.0.0.0.0.0.0.0.1.0.0.0.0.0.1.0.0.1.0	002090	00G90	3.0	#ff0099		
2025.EXT.0218.1613.00131	1.1.1.1.1.1.1.1.1.1.2.1.1.1.1.1.2.1.1.2.1.1	0.0.0.0.0.0.0.0.0.0.1.0.0.0.0.0.1.0.0.1.0.0	002090	00G90	0.0	#ff0099		
2025.EXT.0218.1613.00134	1.1.1.1.1.1.1.1.1.1.2.1.1.1.1.1.2.1.1.2.1.2	0.0.0.0.0.0.0.0.0.0.1.0.0.0.0.0.1.0.0.1.0.1	002094	00G98	0.0	#ff0099		
2025.EXT.0218.1613.00132	1.1.1.1.1.1.1.1.1.1.2.1.1.1.1.1.2.1.1.2.2	0.0.0.0.0.0.0.0.0.0.1.0.0.0.0.0.1.0.0.1.1	002098	00G9G	1.0	#ff0099		
2025.EXT.0218.1613.00130	1.1.1.1.1.1.1.1.1.1.2.1.1.1.1.1.2.1.1.3	0.0.0.0.0.0.0.0.0.0.1.0.0.0.0.0.1.0.0.0.0.1.0	002084	00G88	0.0	#ff0099		
2025.EXT.0218.1613.00125	1.1.1.1.1.1.1.1.1.1.2.1.1.1.1.1.2.1.1.4	0.0.0.0.0.0.0.0.0.0.1.0.0.0.0.0.1.0.0.0.0.1.1	002086	00G8C	2.0	#ff0099		
2025.EXT.0218.1613.00101	1.1.1.1.1.1.1.1.1.1.2.1.1.1.1.1.2.1.1.5	0.0.0.0.0.0.0.0.0.0.1.0.0.0.0.0.1.0.0.0.1.0.0	002088	00G8G	0.0	#ff0099		
2025.EXT.0218.1613.006	1.1.1.1.1.1.1.1.1.1.2.1.1.1.1.1.2.1.1.6	0.0.0.0.0.0.0.0.0.0.1.0.0.0.0.0.1.0.0.0.1.0.1	00208A	00G8K	0.0	#ff0099		
2025.EXT.0218.1613.0076	1.1.1.1.1.1.1.1.1.1.2.1.1.1.1.1.2.1.1.7	0.0.0.0.0.0.0.0.0.0.1.0.0.0.0.0.1.0.0.0.1.1.0	00208C	00G8O	1.0	#ff0099		
2025.EXT.0218.1613.007	1.1.1.1.1.1.1.1.1.1.2.1.1.1.1.1.2.1.1.8	0.0.0.0.0.0.0.0.0.0.1.0.0.0.0.0.1.0.0.0.1.1.1	00208E	00G8S	0.0	#ff0099		
2025.EXT.0218.1613.00126	1.1.1.1.1.1.1.1.1.1.2.1.1.1.1.1.2.1.1.9	0.0.0.0.0.0.0.0.0.0.1.0.0.0.0.0.1.0.0.1.0.0.0	002090	00G90	2.0	#ff0099		
2025.EXT.0218.1613.0078	1.1.1.1.1.1.1.1.1.1.2.1.1.1.1.1.2.1.1.10	0.0.0.0.0.0.0.0.0.0.1.0.0.0.0.0.1.0.0.1.0.0.1	002092	00G94	3.0	#ff0099		
n1431	1.1.1.1.1.1.1.1.1.1.2.1.1.1.1.1.2.1.2	0.0.0.0.0.0.0.0.0.0.1.0.0.0.0.0.1.0.1	0020A	00GA	2.0	#ff0099		
2025.EXT.0218.1613.0071	1.1.1.1.1.1.1.1.1.1.2.1.1.1.1.1.2.1.2.1	0.0.0.0.0.0.0.0.0.0.1.0.0.0.0.0.1.0.1.0	0020A	00GA	0.0	#ff0099		
2025.EXT.0218.1613.0089	1.1.1.1.1.1.1.1.1.1.2.1.1.1.1.1.2.1.2.2	0.0.0.0.0.0.0.0.0.0.1.0.0.0.0.0.1.0.1.1	0020B	00GB	0.0	#ff0099		
2025.EXT.0218.1613.0087	1.1.1.1.1.1.1.1.1.1.2.1.1.1.1.1.2.1.3	0.0.0.0.0.0.0.0.0.0.1.0.0.0.0.0.1.0.0.0.1.0	002088	00G8G	1.0	#ff0099		
n1435	1.1.1.1.1.1.1.1.1.1.2.1.1.1.1.1.2.2	0.0.0.0.0.0.0.0.0.0.1.0.0.0.0.0.1.1	0020C	00GC	2.0	#ff0099		
n1436	1.1.1.1.1.1.1.1.1.1.2.1.1.1.1.1.2.2.1	0.0.0.0.0.0.0.0.0.0.1.0.0.0.0.0.1.1.0	0020C	00GC	4.0	#ff0099		
n1437	1.1.1.1.1.1.1.1.1.1.2.1.1.1.1.1.2.2.1.1	0.0.0.0.0.0.0.0.0.0.1.0.0.0.0.0.1.1.0.0	0020C	00GC	3.0	#ff0099		
2025.EXT.0218.1613.0085	1.1.1.1.1.1.1.1.1.1.2.1.1.1.1.1.2.2.1.1.1	0.0.0.0.0.0.0.0.0.0.1.0.0.0.0.0.1.1.0.0.0	0020C0	00GC0	0.0	#ff0099		
PQ053331.1	1.1.1.1.1.1.1.1.1.1.2.1.1.1.1.1.2.2.1.1.2	0.0.0.0.0.0.0.0.0.0.1.0.0.0.0.0.1.1.0.0.1	0020C8	00GCG	13.0	#ff0099		
PV596755.1	1.1.1.1.1.1.1.1.1.1.2.1.1.1.1.1.2.2.1.2	0.0.0.0.0.0.0.0.0.0.1.0.0.0.0.0.1.1.0.1	0020D	00GD	6.0	#ff0099		
2025.EXT.0218.1613.00100	1.1.1.1.1.1.1.1.1.1.2.1.1.1.1.1.2.2.1.3	0.0.0.0.0.0.0.0.0.0.1.0.0.0.0.0.1.1.0.0.0.1.0	0020C4	00GC8	2.0	#ff0099		
2025.EXT.1210.1504.2714	1.1.1.1.1.1.1.1.1.1.2.1.1.1.1.1.2.2.1.4	0.0.0.0.0.0.0.0.0.0.1.0.0.0.0.0.1.1.0.0.0.1.1	0020C6	00GCC	4.0	#ff0099		
2025.EXT.0218.1613.0083	1.1.1.1.1.1.1.1.1.1.2.1.1.1.1.1.2.2.1.5	0.0.0.0.0.0.0.0.0.0.1.0.0.0.0.0.1.1.0.0.1.0.0	0020C8	00GCG	2.0	#ff0099		
2025.EXT.0218.1613.0084	1.1.1.1.1.1.1.1.1.1.2.1.1.1.1.1.2.2.1.6	0.0.0.0.0.0.0.0.0.0.1.0.0.0.0.0.1.1.0.0.1.0.1	0020CA	00GCK	4.0	#ff0099		
2025.EXT.0218.1613.0077	1.1.1.1.1.1.1.1.1.1.2.1.1.1.1.1.2.2.1.7	0.0.0.0.0.0.0.0.0.0.1.0.0.0.0.0.1.1.0.0.1.1.0	0020CC	00GCO	0.0	#ff0099		
2025.EXT.0218.1613.008	1.1.1.1.1.1.1.1.1.1.2.1.1.1.1.1.2.2.1.8	0.0.0.0.0.0.0.0.0.0.1.0.0.0.0.0.1.1.0.0.1.1.1	0020CE	00GCS	1.0	#ff0099		
2025.EXT.0218.1613.00129	1.1.1.1.1.1.1.1.1.1.2.1.1.1.1.1.2.2.1.9	0.0.0.0.0.0.0.0.0.0.1.0.0.0.0.0.1.1.0.1.0.0.0	0020D0	00GD0	2.0	#ff0099		
n1448	1.1.1.1.1.1.1.1.1.1.2.1.1.1.1.1.2.2.2	0.0.0.0.0.0.0.0.0.0.1.0.0.0.0.0.1.1.1	0020E	00GE	19.0	#ff0099		
PV596762.1	1.1.1.1.1.1.1.1.1.1.2.1.1.1.1.1.2.2.2.1	0.0.0.0.0.0.0.0.0.0.1.0.0.0.0.0.1.1.1.0	0020E	00GE	0.0	#ff0099		
PP212883.1	1.1.1.1.1.1.1.1.1.1.2.1.1.1.1.1.2.2.2.2	0.0.0.0.0.0.0.0.0.0.1.0.0.0.0.0.1.1.1.1	0020F	00GF	1.0	#ff0099		
2025.EXT.0218.1613.0092	1.1.1.1.1.1.1.1.1.1.2.1.1.1.1.1.2.2.3	0.0.0.0.0.0.0.0.0.0.1.0.0.0.0.0.1.1.0.0.1.0	0020C8	00GCG	2.0	#ff0099		
2025.EXT.0218.1613.0075	1.1.1.1.1.1.1.1.1.1.2.1.1.1.1.1.2.2.4	0.0.0.0.0.0.0.0.0.0.1.0.0.0.0.0.1.1.0.0.1.1	0020CC	00GCO	0.0	#ff0099		
n1453	1.1.1.1.1.1.1.1.1.1.2.1.1.1.1.1.2.3	0.0.0.0.0.0.0.0.0.0.1.0.0.0.0.0.1.0.0.1.0	002090	00G90	1.0	#ff0099		
n1454	1.1.1.1.1.1.1.1.1.1.2.1.1.1.1.1.2.3.1	0.0.0.0.0.0.0.0.0.0.1.0.0.0.0.0.1.0.0.1.0.0	002090	00G90	4.0	#ff0099		
n1455	1.1.1.1.1.1.1.1.1.1.2.1.1.1.1.1.2.3.1.1	0.0.0.0.0.0.0.0.0.0.1.0.0.0.0.0.1.0.0.1.0.0.0	002090	00G90	3.0	#ff0099		
n1456	1.1.1.1.1.1.1.1.1.1.2.1.1.1.1.1.2.3.1.1.1	0.0.0.0.0.0.0.0.0.0.1.0.0.0.0.0.1.0.0.1.0.0.0.0	002090	00G90	1.0	#ff0099		
2025.EXT.1210.1504.270	1.1.1.1.1.1.1.1.1.1.2.1.1.1.1.1.2.3.1.1.1.1	0.0.0.0.0.0.0.0.0.0.1.0.0.0.0.0.1.0.0.1.0.0.0.0.0	0020900	00G90	0.0	#ff0099		
2025.EXT.1210.1504.274	1.1.1.1.1.1.1.1.1.1.2.1.1.1.1.1.2.3.1.1.1.2	0.0.0.0.0.0.0.0.0.0.1.0.0.0.0.0.1.0.0.1.0.0.0.0.1	0020908	00G91	2.0	#ff0099		
2025.EXT.1210.1504.273	1.1.1.1.1.1.1.1.1.1.2.1.1.1.1.1.2.3.1.1.2	0.0.0.0.0.0.0.0.0.0.1.0.0.0.0.0.1.0.0.1.0.0.0.1	002091	00G92	2.0	#ff0099		
2025.EXT.1210.2020.070	1.1.1.1.1.1.1.1.1.1.2.1.1.1.1.1.2.3.1.1.3	0.0.0.0.0.0.0.0.0.0.1.0.0.0.0.0.1.0.0.1.0.0.0.0.0.1.0	0020904	00G90G	2.0	#ff0099		
2025.EXT.1210.1504.2719	1.1.1.1.1.1.1.1.1.1.2.1.1.1.1.1.2.3.1.2	0.0.0.0.0.0.0.0.0.0.1.0.0.0.0.0.1.0.0.1.0.0.1	002092	00G94	4.0	#ff0099		
2025.EXT.1210.1504.2720	1.1.1.1.1.1.1.1.1.1.2.1.1.1.1.1.2.3.1.3	0.0.0.0.0.0.0.0.0.0.1.0.0.0.0.0.1.0.0.1.0.0.0.0.1.0	0020908	00G910	3.0	#ff0099		
2025.EXT.0218.1613.004	1.1.1.1.1.1.1.1.1.1.2.1.1.1.1.1.2.3.2	0.0.0.0.0.0.0.0.0.0.1.0.0.0.0.0.1.0.0.1.0.1	002094	00G98	0.0	#ff0099		
2025.EXT.0218.1613.003	1.1.1.1.1.1.1.1.1.1.2.1.1.1.1.1.2.3.3	0.0.0.0.0.0.0.0.0.0.1.0.0.0.0.0.1.0.0.1.0.0.0.1.0	0020910	00G92	0.0	#ff0099		
2025.EXT.0218.1613.0098	1.1.1.1.1.1.1.1.1.1.2.1.1.1.1.1.2.3.4	0.0.0.0.0.0.0.0.0.0.1.0.0.0.0.0.1.0.0.1.0.0.0.1.1	0020918	00G93	0.0	#ff0099		
2025.EXT.0218.1613.002	1.1.1.1.1.1.1.1.1.1.2.1.1.1.1.1.2.3.5	0.0.0.0.0.0.0.0.0.0.1.0.0.0.0.0.1.0.0.1.0.0.1.0.0	0020920	00G94	0.0	#ff0099		
2025.EXT.0218.1613.0074	1.1.1.1.1.1.1.1.1.1.2.1.1.1.1.1.2.4	0.0.0.0.0.0.0.0.0.0.1.0.0.0.0.0.1.0.0.1.1	002098	00G9G	3.0	#ff0099		
n1468	1.1.1.1.1.1.1.1.1.1.2.1.1.1.1.1.3	0.0.0.0.0.0.0.0.0.0.1.0.0.0.0.0.0.0.1.0	00202	00G2	2.0	#ff0099		
2025.EXT.0218.1613.0072	1.1.1.1.1.1.1.1.1.1.2.1.1.1.1.1.3.1	0.0.0.0.0.0.0.0.0.0.1.0.0.0.0.0.0.0.1.0.0	002020	00G20	1.0	#ff0099		
2025.EXT.0218.1613.0086	1.1.1.1.1.1.1.1.1.1.2.1.1.1.1.1.3.2	0.0.0.0.0.0.0.0.0.0.1.0.0.0.0.0.0.0.1.0.1	002028	00G2G	0.0	#ff0099		
n1471	1.1.1.1.1.1.1.1.1.1.2.1.1.1.1.1.4	0.0.0.0.0.0.0.0.0.0.1.0.0.0.0.0.0.0.1.1	00203	00G3	4.0	#ff0099		
2025.EXT.0218.1613.00133	1.1.1.1.1.1.1.1.1.1.2.1.1.1.1.1.4.1	0.0.0.0.0.0.0.0.0.0.1.0.0.0.0.0.0.0.1.1.0	002030	00G30	0.0	#ff0099		
2025.EXT.0218.1613.00128	1.1.1.1.1.1.1.1.1.1.2.1.1.1.1.1.4.2	0.0.0.0.0.0.0.0.0.0.1.0.0.0.0.0.0.0.1.1.1	002038	00G3G	0.0	#ff0099		
2025.EXT.0218.1613.0066	1.1.1.1.1.1.1.1.1.1.2.1.1.1.1.1.5	0.0.0.0.0.0.0.0.0.0.1.0.0.0.0.0.0.1.0.0	00204	00G4	4.0	#ff0099		
n1475	1.1.1.1.1.1.1.1.1.1.2.1.1.1.1.2	0.0.0.0.0.0.0.0.0.0.1.0.0.0.0.1	0021	00GG	9.0	#6666ff	{17,166.0,#9999ff}	#6666ff
n1476	1.1.1.1.1.1.1.1.1.1.2.1.1.1.1.2.1	0.0.0.0.0.0.0.0.0.0.1.0.0.0.0.1.0	00210	00GG	7.0	#6666ff		
n1477	1.1.1.1.1.1.1.1.1.1.2.1.1.1.1.2.1.1	0.0.0.0.0.0.0.0.0.0.1.0.0.0.0.1.0.0	00210	00GG	1.0	#6666ff		
n1478	1.1.1.1.1.1.1.1.1.1.2.1.1.1.1.2.1.1.1	0.0.0.0.0.0.0.0.0.0.1.0.0.0.0.1.0.0.0	00210	00GG	1.0	#6666ff		
n1479	1.1.1.1.1.1.1.1.1.1.2.1.1.1.1.2.1.1.1.1	0.0.0.0.0.0.0.0.0.0.1.0.0.0.0.1.0.0.0.0	00210	00GG	1.0	#6666ff		
n1480	1.1.1.1.1.1.1.1.1.1.2.1.1.1.1.2.1.1.1.1.1	0.0.0.0.0.0.0.0.0.0.1.0.0.0.0.1.0.0.0.0.0	002100	00GG0	7.0	#6666ff		
n1481	1.1.1.1.1.1.1.1.1.1.2.1.1.1.1.2.1.1.1.1.1.1	0.0.0.0.0.0.0.0.0.0.1.0.0.0.0.1.0.0.0.0.0.0	002100	00GG0	7.0	#6666ff		
PV596746.1	1.1.1.1.1.1.1.1.1.1.2.1.1.1.1.2.1.1.1.1.1.1.1	0.0.0.0.0.0.0.0.0.0.1.0.0.0.0.1.0.0.0.0.0.0.0	002100	00GG0	0.0	#6666ff		
PV596747.1	1.1.1.1.1.1.1.1.1.1.2.1.1.1.1.2.1.1.1.1.1.1.2	0.0.0.0.0.0.0.0.0.0.1.0.0.0.0.1.0.0.0.0.0.0.1	002102	00GG4	0.0	#6666ff		
PV596722.1	1.1.1.1.1.1.1.1.1.1.2.1.1.1.1.2.1.1.1.1.1.2	0.0.0.0.0.0.0.0.0.0.1.0.0.0.0.1.0.0.0.0.0.1	002104	00GG8	0.0	#6666ff		
PV596723.1	1.1.1.1.1.1.1.1.1.1.2.1.1.1.1.2.1.1.1.1.1.3	0.0.0.0.0.0.0.0.0.0.1.0.0.0.0.1.0.0.0.0.0.0.0.1.0	0021010	00GG2	0.0	#6666ff		
n1486	1.1.1.1.1.1.1.1.1.1.2.1.1.1.1.2.1.1.1.1.2	0.0.0.0.0.0.0.0.0.0.1.0.0.0.0.1.0.0.0.0.1	002108	00GGG	9.0	#6666ff		
PV596735.1	1.1.1.1.1.1.1.1.1.1.2.1.1.1.1.2.1.1.1.1.2.1	0.0.0.0.0.0.0.0.0.0.1.0.0.0.0.1.0.0.0.0.1.0	002108	00GGG	0.0	#6666ff		
PV596736.1	1.1.1.1.1.1.1.1.1.1.2.1.1.1.1.2.1.1.1.1.2.2	0.0.0.0.0.0.0.0.0.0.1.0.0.0.0.1.0.0.0.0.1.1	00210C	00GGO	1.0	#6666ff		
PP212878.1	1.1.1.1.1.1.1.1.1.1.2.1.1.1.1.2.1.1.1.2	0.0.0.0.0.0.0.0.0.0.1.0.0.0.0.1.0.0.0.1	00211	00GH	5.0	#6666ff		
PP212880.1	1.1.1.1.1.1.1.1.1.1.2.1.1.1.1.2.1.1.1.3	0.0.0.0.0.0.0.0.0.0.1.0.0.0.0.1.0.0.0.0.0.1.0	002104	00GG8	7.0	#6666ff		
n1491	1.1.1.1.1.1.1.1.1.1.2.1.1.1.1.2.1.1.2	0.0.0.0.0.0.0.0.0.0.1.0.0.0.0.1.0.0.1	00212	00GI	4.0	#6666ff		
2025.EXT.0218.1613.0080	1.1.1.1.1.1.1.1.1.1.2.1.1.1.1.2.1.1.2.1	0.0.0.0.0.0.0.0.0.0.1.0.0.0.0.1.0.0.1.0	00212	00GI	3.0	#6666ff		
2025.EXT.1210.1504.2710	1.1.1.1.1.1.1.1.1.1.2.1.1.1.1.2.1.1.2.2	0.0.0.0.0.0.0.0.0.0.1.0.0.0.0.1.0.0.1.1	00213	00GJ	9.0	#6666ff		
n1494	1.1.1.1.1.1.1.1.1.1.2.1.1.1.1.2.1.1.3	0.0.0.0.0.0.0.0.0.0.1.0.0.0.0.1.0.0.0.0.1.0	002108	00GGG	6.0	#6666ff		
2022.TE.51622.1.4	1.1.1.1.1.1.1.1.1.1.2.1.1.1.1.2.1.1.3.1	0.0.0.0.0.0.0.0.0.0.1.0.0.0.0.1.0.0.0.0.1.0.0	002108	00GGG	9.0	#6666ff		
2026.TE.3561.1.1	1.1.1.1.1.1.1.1.1.1.2.1.1.1.1.2.1.1.3.2	0.0.0.0.0.0.0.0.0.0.1.0.0.0.0.1.0.0.0.0.1.0.1	00210A	00GGK	22.0	#6666ff		
n1497	1.1.1.1.1.1.1.1.1.1.2.1.1.1.1.2.1.2	0.0.0.0.0.0.0.0.0.0.1.0.0.0.0.1.0.1	00214	00GK	8.0	#6666ff		
PV596718.1	1.1.1.1.1.1.1.1.1.1.2.1.1.1.1.2.1.2.1	0.0.0.0.0.0.0.0.0.0.1.0.0.0.0.1.0.1.0	00214	00GK	0.0	#6666ff		
PV596716.1	1.1.1.1.1.1.1.1.1.1.2.1.1.1.1.2.1.2.2	0.0.0.0.0.0.0.0.0.0.1.0.0.0.0.1.0.1.1	00216	00GM	1.0	#6666ff		
PV596717.1	1.1.1.1.1.1.1.1.1.1.2.1.1.1.1.2.1.2.3	0.0.0.0.0.0.0.0.0.0.1.0.0.0.0.1.0.1.0.0.1.0	002148	00GKG	0.0	#6666ff		
2025.EXT.0218.1613.0073	1.1.1.1.1.1.1.1.1.1.2.1.1.1.1.2.2	0.0.0.0.0.0.0.0.0.0.1.0.0.0.0.1.1	00218	00GO	6.0	#6666ff		
PQ855756.2	1.1.1.1.1.1.1.1.1.1.2.1.1.1.1.2.3	0.0.0.0.0.0.0.0.0.0.1.0.0.0.0.1.0.0.1.0	00212	00GI	4.0	#6666ff		
n1503	1.1.1.1.1.1.1.1.1.1.2.1.1.1.1.3	0.0.0.0.0.0.0.0.0.0.1.0.0.0.0.0.0.1.0	00204	00G4	11.0			
n1504	1.1.1.1.1.1.1.1.1.1.2.1.1.1.1.3.1	0.0.0.0.0.0.0.0.0.0.1.0.0.0.0.0.0.1.0.0	00204	00G4	3.0			
PV596739.1	1.1.1.1.1.1.1.1.1.1.2.1.1.1.1.3.1.1	0.0.0.0.0.0.0.0.0.0.1.0.0.0.0.0.0.1.0.0.0	002040	00G40	0.0			
PV596740.1	1.1.1.1.1.1.1.1.1.1.2.1.1.1.1.3.1.2	0.0.0.0.0.0.0.0.0.0.1.0.0.0.0.0.0.1.0.0.1	002048	00G4G	0.0			
OZ223850.1	1.1.1.1.1.1.1.1.1.1.2.1.1.1.1.3.2	0.0.0.0.0.0.0.0.0.0.1.0.0.0.0.0.0.1.0.1	00205	00G5	7.0			
n1508	1.1.1.1.1.1.1.1.1.1.2.1.1.1.1.4	0.0.0.0.0.0.0.0.0.0.1.0.0.0.0.0.0.1.1	00206	00G6	4.0			
n1509	1.1.1.1.1.1.1.1.1.1.2.1.1.1.1.4.1	0.0.0.0.0.0.0.0.0.0.1.0.0.0.0.0.0.1.1.0	00206	00G6	14.0			
PV596753.1	1.1.1.1.1.1.1.1.1.1.2.1.1.1.1.4.1.1	0.0.0.0.0.0.0.0.0.0.1.0.0.0.0.0.0.1.1.0.0	002060	00G60	0.0			
PV596754.1	1.1.1.1.1.1.1.1.1.1.2.1.1.1.1.4.1.2	0.0.0.0.0.0.0.0.0.0.1.0.0.0.0.0.0.1.1.0.1	002068	00G6G	0.0			
OP179287.1	1.1.1.1.1.1.1.1.1.1.2.1.1.1.1.4.2	0.0.0.0.0.0.0.0.0.0.1.0.0.0.0.0.0.1.1.1	00207	00G7	12.0			
n1513	1.1.1.1.1.1.1.1.1.1.2.1.1.1.2	0.0.0.0.0.0.0.0.0.0.1.0.0.0.1	0022	00H	1.0	#660099	{37,184.0,#660099}	#660099
n1514	1.1.1.1.1.1.1.1.1.1.2.1.1.1.2.1	0.0.0.0.0.0.0.0.0.0.1.0.0.0.1.0	0022	00H0	3.0	#660099		
n1515	1.1.1.1.1.1.1.1.1.1.2.1.1.1.2.1.1	0.0.0.0.0.0.0.0.0.0.1.0.0.0.1.0.0	00220	00H0	6.0	#660099		
n1516	1.1.1.1.1.1.1.1.1.1.2.1.1.1.2.1.1.1	0.0.0.0.0.0.0.0.0.0.1.0.0.0.1.0.0.0	00220	00H0	6.0	#660099		
n1517	1.1.1.1.1.1.1.1.1.1.2.1.1.1.2.1.1.1.1	0.0.0.0.0.0.0.0.0.0.1.0.0.0.1.0.0.0.0	00220	00H0	7.0	#660099		
n1518	1.1.1.1.1.1.1.1.1.1.2.1.1.1.2.1.1.1.1.1	0.0.0.0.0.0.0.0.0.0.1.0.0.0.1.0.0.0.0.0	00220	00H0	5.0	#660099		
n1519	1.1.1.1.1.1.1.1.1.1.2.1.1.1.2.1.1.1.1.1.1	0.0.0.0.0.0.0.0.0.0.1.0.0.0.1.0.0.0.0.0.0	002200	00H00	1.0	#660099		
2025.EXT.0218.1613.009	1.1.1.1.1.1.1.1.1.1.2.1.1.1.2.1.1.1.1.1.1.1	0.0.0.0.0.0.0.0.0.0.1.0.0.0.1.0.0.0.0.0.0.0	002200	00H00	0.0	#660099		
MW751835.1	1.1.1.1.1.1.1.1.1.1.2.1.1.1.2.1.1.1.1.1.1.2	0.0.0.0.0.0.0.0.0.0.1.0.0.0.1.0.0.0.0.0.0.1	002204	00H08	0.0	#660099		
n1522	1.1.1.1.1.1.1.1.1.1.2.1.1.1.2.1.1.1.1.1.2	0.0.0.0.0.0.0.0.0.0.1.0.0.0.1.0.0.0.0.0.1	002208	00H0G	1.0	#660099		
2025.EXT.0218.1613.0045	1.1.1.1.1.1.1.1.1.1.2.1.1.1.2.1.1.1.1.1.2.1	0.0.0.0.0.0.0.0.0.0.1.0.0.0.1.0.0.0.0.0.1.0	002208	00H0G	0.0	#660099		
MW751844.1	1.1.1.1.1.1.1.1.1.1.2.1.1.1.2.1.1.1.1.1.2.2	0.0.0.0.0.0.0.0.0.0.1.0.0.0.1.0.0.0.0.0.1.1	00220C	00H0O	0.0	#660099		
n1525	1.1.1.1.1.1.1.1.1.1.2.1.1.1.2.1.1.1.1.1.3	0.0.0.0.0.0.0.0.0.0.1.0.0.0.1.0.0.0.0.0.0.0.1.0	002202	00H04	4.0	#660099		
2025.EXT.0218.1613.0035	1.1.1.1.1.1.1.1.1.1.2.1.1.1.2.1.1.1.1.1.3.1	0.0.0.0.0.0.0.0.0.0.1.0.0.0.1.0.0.0.0.0.0.0.1.0.0	0022020	00H04	0.0	#660099		
MW751841.1	1.1.1.1.1.1.1.1.1.1.2.1.1.1.2.1.1.1.1.1.3.2	0.0.0.0.0.0.0.0.0.0.1.0.0.0.1.0.0.0.0.0.0.0.1.0.1	0022028	00H05	0.0	#660099		
OK239666.1	1.1.1.1.1.1.1.1.1.1.2.1.1.1.2.1.1.1.1.1.4	0.0.0.0.0.0.0.0.0.0.1.0.0.0.1.0.0.0.0.0.0.0.1.1	002203	00H06	6.0	#660099		
2025.EXT.0218.1613.0054	1.1.1.1.1.1.1.1.1.1.2.1.1.1.2.1.1.1.1.1.5	0.0.0.0.0.0.0.0.0.0.1.0.0.0.1.0.0.0.0.0.0.1.0.0	002204	00H08	0.0	#660099		
MW751834.1	1.1.1.1.1.1.1.1.1.1.2.1.1.1.2.1.1.1.1.1.6	0.0.0.0.0.0.0.0.0.0.1.0.0.0.1.0.0.0.0.0.0.1.0.1	002205	00H0A	0.0	#660099		
2025.EXT.0218.1613.0038	1.1.1.1.1.1.1.1.1.1.2.1.1.1.2.1.1.1.1.1.7	0.0.0.0.0.0.0.0.0.0.1.0.0.0.1.0.0.0.0.0.0.1.1.0	002206	00H0C	0.0	#660099		
MW751843.1	1.1.1.1.1.1.1.1.1.1.2.1.1.1.2.1.1.1.1.1.8	0.0.0.0.0.0.0.0.0.0.1.0.0.0.1.0.0.0.0.0.0.1.1.1	002207	00H0E	0.0	#660099		
2025.EXT.0218.1613.00118	1.1.1.1.1.1.1.1.1.1.2.1.1.1.2.1.1.1.1.1.9	0.0.0.0.0.0.0.0.0.0.1.0.0.0.1.0.0.0.0.0.1.0.0.0	002208	00H0G	0.0	#660099		
2025.EXT.0218.1613.00111	1.1.1.1.1.1.1.1.1.1.2.1.1.1.2.1.1.1.1.1.10	0.0.0.0.0.0.0.0.0.0.1.0.0.0.1.0.0.0.0.0.1.0.0.1	002209	00H0I	1.0	#660099		
2025.EXT.0218.1613.00117	1.1.1.1.1.1.1.1.1.1.2.1.1.1.2.1.1.1.1.1.11	0.0.0.0.0.0.0.0.0.0.1.0.0.0.1.0.0.0.0.0.1.0.1.0	00220A	00H0K	3.0	#660099		
2025.EXT.0218.1613.0051	1.1.1.1.1.1.1.1.1.1.2.1.1.1.2.1.1.1.1.1.12	0.0.0.0.0.0.0.0.0.0.1.0.0.0.1.0.0.0.0.0.1.0.1.1	00220B	00H0M	4.0	#660099		
MK947397.1	1.1.1.1.1.1.1.1.1.1.2.1.1.1.2.1.1.1.1.1.13	0.0.0.0.0.0.0.0.0.0.1.0.0.0.1.0.0.0.0.0.1.1.0.0	00220C	00H0O	10.0	#660099		
n1538	1.1.1.1.1.1.1.1.1.1.2.1.1.1.2.1.1.1.1.2	0.0.0.0.0.0.0.0.0.0.1.0.0.0.1.0.0.0.0.1	00221	00H1	1.0	#660099		
2025.EXT.0218.1613.0013	1.1.1.1.1.1.1.1.1.1.2.1.1.1.2.1.1.1.1.2.1	0.0.0.0.0.0.0.0.0.0.1.0.0.0.1.0.0.0.0.1.0	002210	00H10	1.0	#660099		
2025.EXT.0218.1613.00115	1.1.1.1.1.1.1.1.1.1.2.1.1.1.2.1.1.1.1.2.2	0.0.0.0.0.0.0.0.0.0.1.0.0.0.1.0.0.0.0.1.1	002218	00H1G	4.0	#660099		
2025.EXT.0218.1613.0040	1.1.1.1.1.1.1.1.1.1.2.1.1.1.2.1.1.1.1.3	0.0.0.0.0.0.0.0.0.0.1.0.0.0.1.0.0.0.0.0.0.1.0	002204	00H08	0.0	#660099		
2025.EXT.0218.1613.0033	1.1.1.1.1.1.1.1.1.1.2.1.1.1.2.1.1.1.1.4	0.0.0.0.0.0.0.0.0.0.1.0.0.0.1.0.0.0.0.0.0.1.1	002206	00H0C	0.0	#660099		
2025.EXT.0218.1613.0043	1.1.1.1.1.1.1.1.1.1.2.1.1.1.2.1.1.1.1.5	0.0.0.0.0.0.0.0.0.0.1.0.0.0.1.0.0.0.0.0.1.0.0	002208	00H0G	0.0	#660099		
2025.EXT.0218.1613.00121	1.1.1.1.1.1.1.1.1.1.2.1.1.1.2.1.1.1.1.6	0.0.0.0.0.0.0.0.0.0.1.0.0.0.1.0.0.0.0.0.1.0.1	00220A	00H0K	0.0	#660099		
2025.EXT.0218.1613.0034	1.1.1.1.1.1.1.1.1.1.2.1.1.1.2.1.1.1.1.7	0.0.0.0.0.0.0.0.0.0.1.0.0.0.1.0.0.0.0.0.1.1.0	00220C	00H0O	1.0	#660099		
2025.EXT.0218.1613.0041	1.1.1.1.1.1.1.1.1.1.2.1.1.1.2.1.1.1.1.8	0.0.0.0.0.0.0.0.0.0.1.0.0.0.1.0.0.0.0.0.1.1.1	00220E	00H0S	1.0	#660099		
2025.EXT.0218.1613.0026	1.1.1.1.1.1.1.1.1.1.2.1.1.1.2.1.1.1.1.9	0.0.0.0.0.0.0.0.0.0.1.0.0.0.1.0.0.0.0.1.0.0.0	002210	00H10	0.0	#660099		
2025.EXT.0218.1613.00120	1.1.1.1.1.1.1.1.1.1.2.1.1.1.2.1.1.1.1.10	0.0.0.0.0.0.0.0.0.0.1.0.0.0.1.0.0.0.0.1.0.0.1	002212	00H14	0.0	#660099		
n1549	1.1.1.1.1.1.1.1.1.1.2.1.1.1.2.1.1.1.2	0.0.0.0.0.0.0.0.0.0.1.0.0.0.1.0.0.0.1	00222	00H2	2.0	#660099		
n1550	1.1.1.1.1.1.1.1.1.1.2.1.1.1.2.1.1.1.2.1	0.0.0.0.0.0.0.0.0.0.1.0.0.0.1.0.0.0.1.0	00222	00H2	4.0	#660099		
MW561633.1	1.1.1.1.1.1.1.1.1.1.2.1.1.1.2.1.1.1.2.1.1	0.0.0.0.0.0.0.0.0.0.1.0.0.0.1.0.0.0.1.0.0	002220	00H20	4.0	#660099		
OK239658.1	1.1.1.1.1.1.1.1.1.1.2.1.1.1.2.1.1.1.2.1.2	0.0.0.0.0.0.0.0.0.0.1.0.0.0.1.0.0.0.1.0.1	002228	00H2G	0.0	#660099		
OK239670.1	1.1.1.1.1.1.1.1.1.1.2.1.1.1.2.1.1.1.2.1.3	0.0.0.0.0.0.0.0.0.0.1.0.0.0.1.0.0.0.1.0.0.0.1.0	002222	00H24	3.0	#660099		
2025.EXT.0218.1613.0059	1.1.1.1.1.1.1.1.1.1.2.1.1.1.2.1.1.1.2.2	0.0.0.0.0.0.0.0.0.0.1.0.0.0.1.0.0.0.1.1	00223	00H3	6.0	#660099		
n1555	1.1.1.1.1.1.1.1.1.1.2.1.1.1.2.1.1.2	0.0.0.0.0.0.0.0.0.0.1.0.0.0.1.0.0.1	00224	00H4	12.0	#660099		
PV596732.1	1.1.1.1.1.1.1.1.1.1.2.1.1.1.2.1.1.2.1	0.0.0.0.0.0.0.0.0.0.1.0.0.0.1.0.0.1.0	00224	00H4	10.0	#660099		
OZ223839.1	1.1.1.1.1.1.1.1.1.1.2.1.1.1.2.1.1.2.2	0.0.0.0.0.0.0.0.0.0.1.0.0.0.1.0.0.1.1	00226	00H6	12.0	#660099		
n1558	1.1.1.1.1.1.1.1.1.1.2.1.1.1.2.1.2	0.0.0.0.0.0.0.0.0.0.1.0.0.0.1.0.1	00228	00H8	10.0	#660099		
n1559	1.1.1.1.1.1.1.1.1.1.2.1.1.1.2.1.2.1	0.0.0.0.0.0.0.0.0.0.1.0.0.0.1.0.1.0	00228	00H8	2.0	#660099		
2025.EXT.0218.1613.00113	1.1.1.1.1.1.1.1.1.1.2.1.1.1.2.1.2.1.1	0.0.0.0.0.0.0.0.0.0.1.0.0.0.1.0.1.0.0	00228	00H8	1.0	#660099		
2025.EXT.1210.1504.2716	1.1.1.1.1.1.1.1.1.1.2.1.1.1.2.1.2.1.2	0.0.0.0.0.0.0.0.0.0.1.0.0.0.1.0.1.0.1	0022A	00HA	0.0	#660099		
OK239665.1	1.1.1.1.1.1.1.1.1.1.2.1.1.1.2.1.2.2	0.0.0.0.0.0.0.0.0.0.1.0.0.0.1.0.1.1	0022C	00HC	4.0	#660099		
MH021189.1	1.1.1.1.1.1.1.1.1.1.2.1.1.1.2.1.3	0.0.0.0.0.0.0.0.0.0.1.0.0.0.1.0.0.0.1.0	00222	00H2	9.0	#660099		
MN480794.1	1.1.1.1.1.1.1.1.1.1.2.1.1.1.2.2	0.0.0.0.0.0.0.0.0.0.1.0.0.0.1.1	0023	00HG	18.0	#660099		
n1565	1.1.1.1.1.1.1.1.1.1.2.1.1.2	0.0.0.0.0.0.0.0.0.0.1.0.0.1	0024	00I	14.0	#3333ff	{20,190.0,#3333ff}	#3333ff
n1566	1.1.1.1.1.1.1.1.1.1.2.1.1.2.1	0.0.0.0.0.0.0.0.0.0.1.0.0.1.0	0024	00I	6.0	#3333ff		
n1567	1.1.1.1.1.1.1.1.1.1.2.1.1.2.1.1	0.0.0.0.0.0.0.0.0.0.1.0.0.1.0.0	0024	00I0	4.0	#3333ff		
n1568	1.1.1.1.1.1.1.1.1.1.2.1.1.2.1.1.1	0.0.0.0.0.0.0.0.0.0.1.0.0.1.0.0.0	00240	00I0	1.0	#3333ff		
n1569	1.1.1.1.1.1.1.1.1.1.2.1.1.2.1.1.1.1	0.0.0.0.0.0.0.0.0.0.1.0.0.1.0.0.0.0	00240	00I0	7.0	#3333ff		
MT341470.1	1.1.1.1.1.1.1.1.1.1.2.1.1.2.1.1.1.1.1	0.0.0.0.0.0.0.0.0.0.1.0.0.1.0.0.0.0.0	00240	00I0	2.0	#3333ff		
MT341471.1	1.1.1.1.1.1.1.1.1.1.2.1.1.2.1.1.1.1.2	0.0.0.0.0.0.0.0.0.0.1.0.0.1.0.0.0.0.1	00242	00I2	2.0	#3333ff		
OL840880.1	1.1.1.1.1.1.1.1.1.1.2.1.1.2.1.1.1.2	0.0.0.0.0.0.0.0.0.0.1.0.0.1.0.0.0.1	00244	00I4	14.0	#3333ff		
MN480793.1	1.1.1.1.1.1.1.1.1.1.2.1.1.2.1.1.1.3	0.0.0.0.0.0.0.0.0.0.1.0.0.1.0.0.0.0.0.1.0	002410	00I10	1.0	#3333ff		
MN480795.1	1.1.1.1.1.1.1.1.1.1.2.1.1.2.1.1.1.4	0.0.0.0.0.0.0.0.0.0.1.0.0.1.0.0.0.0.0.1.1	002418	00I1G	2.0	#3333ff		
OL840884.1	1.1.1.1.1.1.1.1.1.1.2.1.1.2.1.1.1.5	0.0.0.0.0.0.0.0.0.0.1.0.0.1.0.0.0.0.1.0.0	002420	00I20	11.0	#3333ff		
n1576	1.1.1.1.1.1.1.1.1.1.2.1.1.2.1.1.2	0.0.0.0.0.0.0.0.0.0.1.0.0.1.0.0.1	00248	00I8	1.0	#3333ff		
n1577	1.1.1.1.1.1.1.1.1.1.2.1.1.2.1.1.2.1	0.0.0.0.0.0.0.0.0.0.1.0.0.1.0.0.1.0	00248	00I8	3.0	#3333ff		
OL840878.1	1.1.1.1.1.1.1.1.1.1.2.1.1.2.1.1.2.1.1	0.0.0.0.0.0.0.0.0.0.1.0.0.1.0.0.1.0.0	00248	00I8	4.0	#3333ff		
OL840885.1	1.1.1.1.1.1.1.1.1.1.2.1.1.2.1.1.2.1.2	0.0.0.0.0.0.0.0.0.0.1.0.0.1.0.0.1.0.1	0024A	00IA	7.0	#3333ff		
OL840872.1	1.1.1.1.1.1.1.1.1.1.2.1.1.2.1.1.2.2	0.0.0.0.0.0.0.0.0.0.1.0.0.1.0.0.1.1	0024C	00IC	2.0	#3333ff		
MN652880.1	1.1.1.1.1.1.1.1.1.1.2.1.1.2.1.1.2.3	0.0.0.0.0.0.0.0.0.0.1.0.0.1.0.0.1.0.0.1.0	002490	00I90	3.0	#3333ff		
OL840873.1	1.1.1.1.1.1.1.1.1.1.2.1.1.2.1.1.2.4	0.0.0.0.0.0.0.0.0.0.1.0.0.1.0.0.1.0.0.1.1	002498	00I9G	5.0	#3333ff		
n1583	1.1.1.1.1.1.1.1.1.1.2.1.1.2.1.1.3	0.0.0.0.0.0.0.0.0.0.1.0.0.1.0.0.0.0.1.0	00242	00I2	1.0	#3333ff		
MN481589.1	1.1.1.1.1.1.1.1.1.1.2.1.1.2.1.1.3.1	0.0.0.0.0.0.0.0.0.0.1.0.0.1.0.0.0.0.1.0.0	002420	00I20	0.0	#3333ff		
MN480792.1	1.1.1.1.1.1.1.1.1.1.2.1.1.2.1.1.3.2	0.0.0.0.0.0.0.0.0.0.1.0.0.1.0.0.0.0.1.0.1	002428	00I2G	6.0	#3333ff		
MN652878.1	1.1.1.1.1.1.1.1.1.1.2.1.1.2.1.1.3.3	0.0.0.0.0.0.0.0.0.0.1.0.0.1.0.0.0.0.1.0.0.0.1.0	002422	00I24	2.0	#3333ff		
n1587	1.1.1.1.1.1.1.1.1.1.2.1.1.2.1.1.4	0.0.0.0.0.0.0.0.0.0.1.0.0.1.0.0.0.0.1.1	00243	00I3	6.0	#3333ff		
OL840874.1	1.1.1.1.1.1.1.1.1.1.2.1.1.2.1.1.4.1	0.0.0.0.0.0.0.0.0.0.1.0.0.1.0.0.0.0.1.1.0	002430	00I30	2.0	#3333ff		
OL840882.1	1.1.1.1.1.1.1.1.1.1.2.1.1.2.1.1.4.2	0.0.0.0.0.0.0.0.0.0.1.0.0.1.0.0.0.0.1.1.1	002438	00I3G	12.0	#3333ff		
n1590	1.1.1.1.1.1.1.1.1.1.2.1.1.2.1.1.5	0.0.0.0.0.0.0.0.0.0.1.0.0.1.0.0.0.1.0.0	00244	00I4	1.0	#3333ff		
MN652879.1	1.1.1.1.1.1.1.1.1.1.2.1.1.2.1.1.5.1	0.0.0.0.0.0.0.0.0.0.1.0.0.1.0.0.0.1.0.0.0	002440	00I40	1.0	#3333ff		
MN481590.1	1.1.1.1.1.1.1.1.1.1.2.1.1.2.1.1.5.2	0.0.0.0.0.0.0.0.0.0.1.0.0.1.0.0.0.1.0.0.1	002448	00I4G	9.0	#3333ff		
2025.EXT.0218.1613.0048	1.1.1.1.1.1.1.1.1.1.2.1.1.2.1.2	0.0.0.0.0.0.0.0.0.0.1.0.0.1.0.1	0025	00IG	10.0	#3333ff		
2025.EXT.0218.1613.0025	1.1.1.1.1.1.1.1.1.1.2.1.1.2.2	0.0.0.0.0.0.0.0.0.0.1.0.0.1.1	0026	00J	3.0	#3333ff		
n1595	1.1.1.1.1.1.1.1.1.1.2.1.2	0.0.0.0.0.0.0.0.0.0.1.0.1	0028	00K	3.0			
n1596	1.1.1.1.1.1.1.1.1.1.2.1.2.1	0.0.0.0.0.0.0.0.0.0.1.0.1.0	0028	00K	3.0			
n1597	1.1.1.1.1.1.1.1.1.1.2.1.2.1.1	0.0.0.0.0.0.0.0.0.0.1.0.1.0.0	0028	00K	9.0	#ff3366	{91,176.0,#ffcccc}	#ff3366
n1598	1.1.1.1.1.1.1.1.1.1.2.1.2.1.1.1	0.0.0.0.0.0.0.0.0.0.1.0.1.0.0.0	0028	00K0	5.0	#ff3366		
n1599	1.1.1.1.1.1.1.1.1.1.2.1.2.1.1.1.1	0.0.0.0.0.0.0.0.0.0.1.0.1.0.0.0.0	00280	00K0	4.0	#ff3366		
n1600	1.1.1.1.1.1.1.1.1.1.2.1.2.1.1.1.1.1	0.0.0.0.0.0.0.0.0.0.1.0.1.0.0.0.0.0	00280	00K0	1.0	#ff3366		
n1601	1.1.1.1.1.1.1.1.1.1.2.1.2.1.1.1.1.1.1	0.0.0.0.0.0.0.0.0.0.1.0.1.0.0.0.0.0.0	00280	00K0	1.0	#ff3366		
n1602	1.1.1.1.1.1.1.1.1.1.2.1.2.1.1.1.1.1.1.1	0.0.0.0.0.0.0.0.0.0.1.0.1.0.0.0.0.0.0.0	00280	00K0	1.0	#ff3366		
n1603	1.1.1.1.1.1.1.1.1.1.2.1.2.1.1.1.1.1.1.1.1	0.0.0.0.0.0.0.0.0.0.1.0.1.0.0.0.0.0.0.0.0	002800	00K00	3.0	#ff3366		
n1604	1.1.1.1.1.1.1.1.1.1.2.1.2.1.1.1.1.1.1.1.1.1	0.0.0.0.0.0.0.0.0.0.1.0.1.0.0.0.0.0.0.0.0.0	002800	00K00	4.0	#ff3366		
n1605	1.1.1.1.1.1.1.1.1.1.2.1.2.1.1.1.1.1.1.1.1.1.1	0.0.0.0.0.0.0.0.0.0.1.0.1.0.0.0.0.0.0.0.0.0.0	002800	00K00	1.0	#ff3366		
n1606	1.1.1.1.1.1.1.1.1.1.2.1.2.1.1.1.1.1.1.1.1.1.1.1	0.0.0.0.0.0.0.0.0.0.1.0.1.0.0.0.0.0.0.0.0.0.0.0	002800	00K00	1.0	#ff3366		
OQ053524.1	1.1.1.1.1.1.1.1.1.1.2.1.2.1.1.1.1.1.1.1.1.1.1.1.1	0.0.0.0.0.0.0.0.0.0.1.0.1.0.0.0.0.0.0.0.0.0.0.0.0	0028000	00K00	0.0	#ff3366		
OQ053525.1	1.1.1.1.1.1.1.1.1.1.2.1.2.1.1.1.1.1.1.1.1.1.1.1.2	0.0.0.0.0.0.0.0.0.0.1.0.1.0.0.0.0.0.0.0.0.0.0.0.1	0028008	00K01	0.0	#ff3366		
OQ053526.1	1.1.1.1.1.1.1.1.1.1.2.1.2.1.1.1.1.1.1.1.1.1.1.2	0.0.0.0.0.0.0.0.0.0.1.0.1.0.0.0.0.0.0.0.0.0.0.1	002801	00K02	3.0	#ff3366		
OQ053527.1	1.1.1.1.1.1.1.1.1.1.2.1.2.1.1.1.1.1.1.1.1.1.1.3	0.0.0.0.0.0.0.0.0.0.1.0.1.0.0.0.0.0.0.0.0.0.0.0.0.1.0	0028004	00K00G	2.0	#ff3366		
OQ053521.1	1.1.1.1.1.1.1.1.1.1.2.1.2.1.1.1.1.1.1.1.1.1.1.4	0.0.0.0.0.0.0.0.0.0.1.0.1.0.0.0.0.0.0.0.0.0.0.0.0.1.1	0028006	00K00O	6.0	#ff3366		
OQ053519.1	1.1.1.1.1.1.1.1.1.1.2.1.2.1.1.1.1.1.1.1.1.1.1.5	0.0.0.0.0.0.0.0.0.0.1.0.1.0.0.0.0.0.0.0.0.0.0.0.1.0.0	0028008	00K010	1.0	#ff3366		
OQ053523.1	1.1.1.1.1.1.1.1.1.1.2.1.2.1.1.1.1.1.1.1.1.1.1.6	0.0.0.0.0.0.0.0.0.0.1.0.1.0.0.0.0.0.0.0.0.0.0.0.1.0.1	002800A	00K018	4.0	#ff3366		
OQ053520.1	1.1.1.1.1.1.1.1.1.1.2.1.2.1.1.1.1.1.1.1.1.1.1.7	0.0.0.0.0.0.0.0.0.0.1.0.1.0.0.0.0.0.0.0.0.0.0.0.1.1.0	002800C	00K01G	3.0	#ff3366		
OQ053522.1	1.1.1.1.1.1.1.1.1.1.2.1.2.1.1.1.1.1.1.1.1.1.1.8	0.0.0.0.0.0.0.0.0.0.1.0.1.0.0.0.0.0.0.0.0.0.0.0.1.1.1	002800E	00K01O	4.0	#ff3366		
n1616	1.1.1.1.1.1.1.1.1.1.2.1.2.1.1.1.1.1.1.1.1.1.2	0.0.0.0.0.0.0.0.0.0.1.0.1.0.0.0.0.0.0.0.0.0.1	002802	00K04	1.0	#ff3366		
n1617	1.1.1.1.1.1.1.1.1.1.2.1.2.1.1.1.1.1.1.1.1.1.2.1	0.0.0.0.0.0.0.0.0.0.1.0.1.0.0.0.0.0.0.0.0.0.1.0	002802	00K04	3.0	#ff3366		
n1618	1.1.1.1.1.1.1.1.1.1.2.1.2.1.1.1.1.1.1.1.1.1.2.1.1	0.0.0.0.0.0.0.0.0.0.1.0.1.0.0.0.0.0.0.0.0.0.1.0.0	0028020	00K04	7.0	#ff3366		
PV021472.1	1.1.1.1.1.1.1.1.1.1.2.1.2.1.1.1.1.1.1.1.1.1.2.1.1.1	0.0.0.0.0.0.0.0.0.0.1.0.1.0.0.0.0.0.0.0.0.0.1.0.0.0	0028020	00K040	6.0	#ff3366		
PV021473.1	1.1.1.1.1.1.1.1.1.1.2.1.2.1.1.1.1.1.1.1.1.1.2.1.1.2	0.0.0.0.0.0.0.0.0.0.1.0.1.0.0.0.0.0.0.0.0.0.1.0.0.1	0028024	00K04G	1.0	#ff3366		
PV021474.1	1.1.1.1.1.1.1.1.1.1.2.1.2.1.1.1.1.1.1.1.1.1.2.1.1.3	0.0.0.0.0.0.0.0.0.0.1.0.1.0.0.0.0.0.0.0.0.0.1.0.0.0.0.1.0	00280210	00K044	4.0	#ff3366		
PV021457.1	1.1.1.1.1.1.1.1.1.1.2.1.2.1.1.1.1.1.1.1.1.1.2.1.2	0.0.0.0.0.0.0.0.0.0.1.0.1.0.0.0.0.0.0.0.0.0.1.0.1	0028028	00K05	3.0	#ff3366		
PV021458.1	1.1.1.1.1.1.1.1.1.1.2.1.2.1.1.1.1.1.1.1.1.1.2.2	0.0.0.0.0.0.0.0.0.0.1.0.1.0.0.0.0.0.0.0.0.0.1.1	002803	00K06	8.0	#ff3366		
n1624	1.1.1.1.1.1.1.1.1.1.2.1.2.1.1.1.1.1.1.1.1.1.3	0.0.0.0.0.0.0.0.0.0.1.0.1.0.0.0.0.0.0.0.0.0.0.0.1.0	0028008	00K010	10.0	#ff3366		
PV021462.1	1.1.1.1.1.1.1.1.1.1.2.1.2.1.1.1.1.1.1.1.1.1.3.1	0.0.0.0.0.0.0.0.0.0.1.0.1.0.0.0.0.0.0.0.0.0.0.0.1.0.0	0028008	00K010	1.0	#ff3366		
PV021461.1	1.1.1.1.1.1.1.1.1.1.2.1.2.1.1.1.1.1.1.1.1.1.3.2	0.0.0.0.0.0.0.0.0.0.1.0.1.0.0.0.0.0.0.0.0.0.0.0.1.0.1	002800A	00K018	0.0	#ff3366		
PV021459.1	1.1.1.1.1.1.1.1.1.1.2.1.2.1.1.1.1.1.1.1.1.1.3.3	0.0.0.0.0.0.0.0.0.0.1.0.1.0.0.0.0.0.0.0.0.0.0.0.1.0.0.0.1.0	00280088	00K012	4.0	#ff3366		
PV021460.1	1.1.1.1.1.1.1.1.1.1.2.1.2.1.1.1.1.1.1.1.1.1.3.4	0.0.0.0.0.0.0.0.0.0.1.0.1.0.0.0.0.0.0.0.0.0.0.0.1.0.0.0.1.1	0028008C	00K013	3.0	#ff3366		
OQ053528.1	1.1.1.1.1.1.1.1.1.1.2.1.2.1.1.1.1.1.1.1.1.1.4	0.0.0.0.0.0.0.0.0.0.1.0.1.0.0.0.0.0.0.0.0.0.0.0.1.1	002800C	00K01G	8.0	#ff3366		
OQ053529.1	1.1.1.1.1.1.1.1.1.1.2.1.2.1.1.1.1.1.1.1.1.1.5	0.0.0.0.0.0.0.0.0.0.1.0.1.0.0.0.0.0.0.0.0.0.0.1.0.0	0028010	00K020	2.0	#ff3366		
OQ053530.1	1.1.1.1.1.1.1.1.1.1.2.1.2.1.1.1.1.1.1.1.1.1.6	0.0.0.0.0.0.0.0.0.0.1.0.1.0.0.0.0.0.0.0.0.0.0.1.0.1	0028014	00K02G	5.0	#ff3366		
OQ053531.1	1.1.1.1.1.1.1.1.1.1.2.1.2.1.1.1.1.1.1.1.1.1.7	0.0.0.0.0.0.0.0.0.0.1.0.1.0.0.0.0.0.0.0.0.0.0.1.1.0	0028018	00K030	2.0	#ff3366		
PV021475.1	1.1.1.1.1.1.1.1.1.1.2.1.2.1.1.1.1.1.1.1.1.1.8	0.0.0.0.0.0.0.0.0.0.1.0.1.0.0.0.0.0.0.0.0.0.0.1.1.1	002801C	00K03G	12.0	#ff3366		
n1634	1.1.1.1.1.1.1.1.1.1.2.1.2.1.1.1.1.1.1.1.1.2	0.0.0.0.0.0.0.0.0.0.1.0.1.0.0.0.0.0.0.0.0.1	002804	00K08	5.0	#ff3366		
n1635	1.1.1.1.1.1.1.1.1.1.2.1.2.1.1.1.1.1.1.1.1.2.1	0.0.0.0.0.0.0.0.0.0.1.0.1.0.0.0.0.0.0.0.0.1.0	002804	00K08	4.0	#ff3366		
n1636	1.1.1.1.1.1.1.1.1.1.2.1.2.1.1.1.1.1.1.1.1.2.1.1	0.0.0.0.0.0.0.0.0.0.1.0.1.0.0.0.0.0.0.0.0.1.0.0	002804	00K08	7.0	#ff3366		
n1637	1.1.1.1.1.1.1.1.1.1.2.1.2.1.1.1.1.1.1.1.1.2.1.1.1	0.0.0.0.0.0.0.0.0.0.1.0.1.0.0.0.0.0.0.0.0.1.0.0.0	0028040	00K08	1.0	#ff3366		
n1638	1.1.1.1.1.1.1.1.1.1.2.1.2.1.1.1.1.1.1.1.1.2.1.1.1.1	0.0.0.0.0.0.0.0.0.0.1.0.1.0.0.0.0.0.0.0.0.1.0.0.0.0	0028040	00K080	3.0	#ff3366		
n1639	1.1.1.1.1.1.1.1.1.1.2.1.2.1.1.1.1.1.1.1.1.2.1.1.1.1.1	0.0.0.0.0.0.0.0.0.0.1.0.1.0.0.0.0.0.0.0.0.1.0.0.0.0.0	0028040	00K080	1.0	#ff3366		
PX648511.1	1.1.1.1.1.1.1.1.1.1.2.1.2.1.1.1.1.1.1.1.1.2.1.1.1.1.1.1	0.0.0.0.0.0.0.0.0.0.1.0.1.0.0.0.0.0.0.0.0.1.0.0.0.0.0.0	0028040	00K080	3.0	#ff3366		
PX648512.1	1.1.1.1.1.1.1.1.1.1.2.1.2.1.1.1.1.1.1.1.1.2.1.1.1.1.1.2	0.0.0.0.0.0.0.0.0.0.1.0.1.0.0.0.0.0.0.0.0.1.0.0.0.0.0.1	0028041	00K084	4.0	#ff3366		
PX648513.1	1.1.1.1.1.1.1.1.1.1.2.1.2.1.1.1.1.1.1.1.1.2.1.1.1.1.2	0.0.0.0.0.0.0.0.0.0.1.0.1.0.0.0.0.0.0.0.0.1.0.0.0.0.1	0028042	00K088	8.0	#ff3366		
PX648514.1	1.1.1.1.1.1.1.1.1.1.2.1.2.1.1.1.1.1.1.1.1.2.1.1.1.1.3	0.0.0.0.0.0.0.0.0.0.1.0.1.0.0.0.0.0.0.0.0.1.0.0.0.0.0.0.1.0	00280408	00K082	1.0	#ff3366		
PV021467.1	1.1.1.1.1.1.1.1.1.1.2.1.2.1.1.1.1.1.1.1.1.2.1.1.1.2	0.0.0.0.0.0.0.0.0.0.1.0.1.0.0.0.0.0.0.0.0.1.0.0.0.1	0028044	00K08G	0.0	#ff3366		
PV021468.1	1.1.1.1.1.1.1.1.1.1.2.1.2.1.1.1.1.1.1.1.1.2.1.1.2	0.0.0.0.0.0.0.0.0.0.1.0.1.0.0.0.0.0.0.0.0.1.0.0.1	0028048	00K09	7.0	#ff3366		
OQ053532.1	1.1.1.1.1.1.1.1.1.1.2.1.2.1.1.1.1.1.1.1.1.2.1.2	0.0.0.0.0.0.0.0.0.0.1.0.1.0.0.0.0.0.0.0.0.1.0.1	002805	00K0A	2.0	#ff3366		
OQ053533.1	1.1.1.1.1.1.1.1.1.1.2.1.2.1.1.1.1.1.1.1.1.2.1.3	0.0.0.0.0.0.0.0.0.0.1.0.1.0.0.0.0.0.0.0.0.1.0.0.0.1.0	0028044	00K08G	9.0	#ff3366		
PV021464.1	1.1.1.1.1.1.1.1.1.1.2.1.2.1.1.1.1.1.1.1.1.2.1.4	0.0.0.0.0.0.0.0.0.0.1.0.1.0.0.0.0.0.0.0.0.1.0.0.0.1.1	0028046	00K08O	11.0	#ff3366		
PV021469.1	1.1.1.1.1.1.1.1.1.1.2.1.2.1.1.1.1.1.1.1.1.2.2	0.0.0.0.0.0.0.0.0.0.1.0.1.0.0.0.0.0.0.0.0.1.1	002806	00K0C	23.0	#ff3366		
n1650	1.1.1.1.1.1.1.1.1.1.2.1.2.1.1.1.1.1.1.1.1.3	0.0.0.0.0.0.0.0.0.0.1.0.1.0.0.0.0.0.0.0.0.0.0.1.0	0028010	00K02	2.0	#ff3366		
n1651	1.1.1.1.1.1.1.1.1.1.2.1.2.1.1.1.1.1.1.1.1.3.1	0.0.0.0.0.0.0.0.0.0.1.0.1.0.0.0.0.0.0.0.0.0.0.1.0.0	0028010	00K020	8.0	#ff3366		
PV021456.1	1.1.1.1.1.1.1.1.1.1.2.1.2.1.1.1.1.1.1.1.1.3.1.1	0.0.0.0.0.0.0.0.0.0.1.0.1.0.0.0.0.0.0.0.0.0.0.1.0.0.0	0028010	00K020	0.0	#ff3366		
PX648510.1	1.1.1.1.1.1.1.1.1.1.2.1.2.1.1.1.1.1.1.1.1.3.1.2	0.0.0.0.0.0.0.0.0.0.1.0.1.0.0.0.0.0.0.0.0.0.0.1.0.0.1	0028012	00K028	10.0	#ff3366		
n1654	1.1.1.1.1.1.1.1.1.1.2.1.2.1.1.1.1.1.1.1.1.3.2	0.0.0.0.0.0.0.0.0.0.1.0.1.0.0.0.0.0.0.0.0.0.0.1.0.1	0028014	00K02G	2.0	#ff3366		
OQ053516.1	1.1.1.1.1.1.1.1.1.1.2.1.2.1.1.1.1.1.1.1.1.3.2.1	0.0.0.0.0.0.0.0.0.0.1.0.1.0.0.0.0.0.0.0.0.0.0.1.0.1.0	0028014	00K02G	0.0	#ff3366		
OQ053517.1	1.1.1.1.1.1.1.1.1.1.2.1.2.1.1.1.1.1.1.1.1.3.2.2	0.0.0.0.0.0.0.0.0.0.1.0.1.0.0.0.0.0.0.0.0.0.0.1.0.1.1	0028016	00K02O	0.0	#ff3366		
PV021463.1	1.1.1.1.1.1.1.1.1.1.2.1.2.1.1.1.1.1.1.1.1.3.3	0.0.0.0.0.0.0.0.0.0.1.0.1.0.0.0.0.0.0.0.0.0.0.1.0.0.0.1.0	00280110	00K024	12.0	#ff3366		
OQ053518.1	1.1.1.1.1.1.1.1.1.1.2.1.2.1.1.1.1.1.1.1.1.3.4	0.0.0.0.0.0.0.0.0.0.1.0.1.0.0.0.0.0.0.0.0.0.0.1.0.0.0.1.1	00280118	00K026	2.0	#ff3366		
OQ053534.1	1.1.1.1.1.1.1.1.1.1.2.1.2.1.1.1.1.1.1.1.1.3.5	0.0.0.0.0.0.0.0.0.0.1.0.1.0.0.0.0.0.0.0.0.0.0.1.0.0.1.0.0	00280120	00K028	5.0	#ff3366		
PV021478.1	1.1.1.1.1.1.1.1.1.1.2.1.2.1.1.1.1.1.1.1.1.3.6	0.0.0.0.0.0.0.0.0.0.1.0.1.0.0.0.0.0.0.0.0.0.0.1.0.0.1.0.1	00280128	00K02A	11.0	#ff3366		
n1661	1.1.1.1.1.1.1.1.1.1.2.1.2.1.1.1.1.1.1.1.1.4	0.0.0.0.0.0.0.0.0.0.1.0.1.0.0.0.0.0.0.0.0.0.0.1.1	0028018	00K03	4.0	#ff3366		
n1662	1.1.1.1.1.1.1.1.1.1.2.1.2.1.1.1.1.1.1.1.1.4.1	0.0.0.0.0.0.0.0.0.0.1.0.1.0.0.0.0.0.0.0.0.0.0.1.1.0	0028018	00K030	2.0	#ff3366		
PV021479.1	1.1.1.1.1.1.1.1.1.1.2.1.2.1.1.1.1.1.1.1.1.4.1.1	0.0.0.0.0.0.0.0.0.0.1.0.1.0.0.0.0.0.0.0.0.0.0.1.1.0.0	0028018	00K030	2.0	#ff3366		
OQ053515.1	1.1.1.1.1.1.1.1.1.1.2.1.2.1.1.1.1.1.1.1.1.4.1.2	0.0.0.0.0.0.0.0.0.0.1.0.1.0.0.0.0.0.0.0.0.0.0.1.1.0.1	002801A	00K038	1.0	#ff3366		
OQ053536.1	1.1.1.1.1.1.1.1.1.1.2.1.2.1.1.1.1.1.1.1.1.4.2	0.0.0.0.0.0.0.0.0.0.1.0.1.0.0.0.0.0.0.0.0.0.0.1.1.1	002801C	00K03G	5.0	#ff3366		
OQ053535.1	1.1.1.1.1.1.1.1.1.1.2.1.2.1.1.1.1.1.1.1.1.4.3	0.0.0.0.0.0.0.0.0.0.1.0.1.0.0.0.0.0.0.0.0.0.0.1.1.0.0.1.0	00280190	00K034	5.0	#ff3366		
OL840899.1	1.1.1.1.1.1.1.1.1.1.2.1.2.1.1.1.1.1.1.1.1.5	0.0.0.0.0.0.0.0.0.0.1.0.1.0.0.0.0.0.0.0.0.0.1.0.0	0028020	00K04	3.0	#ff3366		
n1668	1.1.1.1.1.1.1.1.1.1.2.1.2.1.1.1.1.1.1.1.2	0.0.0.0.0.0.0.0.0.0.1.0.1.0.0.0.0.0.0.0.1	002808	00K0G	3.0	#ff3366		
n1669	1.1.1.1.1.1.1.1.1.1.2.1.2.1.1.1.1.1.1.1.2.1	0.0.0.0.0.0.0.0.0.0.1.0.1.0.0.0.0.0.0.0.1.0	002808	00K0G	1.0	#ff3366		
n1670	1.1.1.1.1.1.1.1.1.1.2.1.2.1.1.1.1.1.1.1.2.1.1	0.0.0.0.0.0.0.0.0.0.1.0.1.0.0.0.0.0.0.0.1.0.0	002808	00K0G	1.0	#ff3366		
n1671	1.1.1.1.1.1.1.1.1.1.2.1.2.1.1.1.1.1.1.1.2.1.1.1	0.0.0.0.0.0.0.0.0.0.1.0.1.0.0.0.0.0.0.0.1.0.0.0	002808	00K0G	2.0	#ff3366		
PV021455.1	1.1.1.1.1.1.1.1.1.1.2.1.2.1.1.1.1.1.1.1.2.1.1.1.1	0.0.0.0.0.0.0.0.0.0.1.0.1.0.0.0.0.0.0.0.1.0.0.0.0	0028080	00K0G	1.0	#ff3366		
PV021476.1	1.1.1.1.1.1.1.1.1.1.2.1.2.1.1.1.1.1.1.1.2.1.1.1.2	0.0.0.0.0.0.0.0.0.0.1.0.1.0.0.0.0.0.0.0.1.0.0.0.1	0028088	00K0H	11.0	#ff3366		
OQ053539.1	1.1.1.1.1.1.1.1.1.1.2.1.2.1.1.1.1.1.1.1.2.1.1.2	0.0.0.0.0.0.0.0.0.0.1.0.1.0.0.0.0.0.0.0.1.0.0.1	002809	00K0I	6.0	#ff3366		
n1675	1.1.1.1.1.1.1.1.1.1.2.1.2.1.1.1.1.1.1.1.2.1.2	0.0.0.0.0.0.0.0.0.0.1.0.1.0.0.0.0.0.0.0.1.0.1	00280A	00K0K	6.0	#ff3366		
OQ053538.1	1.1.1.1.1.1.1.1.1.1.2.1.2.1.1.1.1.1.1.1.2.1.2.1	0.0.0.0.0.0.0.0.0.0.1.0.1.0.0.0.0.0.0.0.1.0.1.0	00280A	00K0K	0.0	#ff3366		
OQ053537.1	1.1.1.1.1.1.1.1.1.1.2.1.2.1.1.1.1.1.1.1.2.1.2.2	0.0.0.0.0.0.0.0.0.0.1.0.1.0.0.0.0.0.0.0.1.0.1.1	00280B	00K0M	1.0	#ff3366		
n1678	1.1.1.1.1.1.1.1.1.1.2.1.2.1.1.1.1.1.1.1.2.2	0.0.0.0.0.0.0.0.0.0.1.0.1.0.0.0.0.0.0.0.1.1	00280C	00K0O	3.0	#ff3366		
n1679	1.1.1.1.1.1.1.1.1.1.2.1.2.1.1.1.1.1.1.1.2.2.1	0.0.0.0.0.0.0.0.0.0.1.0.1.0.0.0.0.0.0.0.1.1.0	00280C	00K0O	1.0	#ff3366		
OL840871.1	1.1.1.1.1.1.1.1.1.1.2.1.2.1.1.1.1.1.1.1.2.2.1.1	0.0.0.0.0.0.0.0.0.0.1.0.1.0.0.0.0.0.0.0.1.1.0.0	00280C	00K0O	3.0	#ff3366		
OL840897.1	1.1.1.1.1.1.1.1.1.1.2.1.2.1.1.1.1.1.1.1.2.2.1.2	0.0.0.0.0.0.0.0.0.0.1.0.1.0.0.0.0.0.0.0.1.1.0.1	00280D	00K0Q	0.0	#ff3366		
OL840898.1	1.1.1.1.1.1.1.1.1.1.2.1.2.1.1.1.1.1.1.1.2.2.1.3	0.0.0.0.0.0.0.0.0.0.1.0.1.0.0.0.0.0.0.0.1.1.0.0.0.1.0	00280C4	00K0OG	0.0	#ff3366		
PV021477.1	1.1.1.1.1.1.1.1.1.1.2.1.2.1.1.1.1.1.1.1.2.2.2	0.0.0.0.0.0.0.0.0.0.1.0.1.0.0.0.0.0.0.0.1.1.1	00280E	00K0S	26.0	#ff3366		
n1684	1.1.1.1.1.1.1.1.1.1.2.1.2.1.1.1.1.1.1.1.2.3	0.0.0.0.0.0.0.0.0.0.1.0.1.0.0.0.0.0.0.0.1.0.0.1.0	0028090	00K0I	2.0	#ff3366		
OL840894.1	1.1.1.1.1.1.1.1.1.1.2.1.2.1.1.1.1.1.1.1.2.3.1	0.0.0.0.0.0.0.0.0.0.1.0.1.0.0.0.0.0.0.0.1.0.0.1.0.0	0028090	00K0I0	0.0	#ff3366		
OL840895.1	1.1.1.1.1.1.1.1.1.1.2.1.2.1.1.1.1.1.1.1.2.3.2	0.0.0.0.0.0.0.0.0.0.1.0.1.0.0.0.0.0.0.0.1.0.0.1.0.1	0028094	00K0IG	0.0	#ff3366		
OL840891.1	1.1.1.1.1.1.1.1.1.1.2.1.2.1.1.1.1.1.1.1.3	0.0.0.0.0.0.0.0.0.0.1.0.1.0.0.0.0.0.0.0.0.0.1.0	002802	00K04	3.0	#ff3366		
OL840896.1	1.1.1.1.1.1.1.1.1.1.2.1.2.1.1.1.1.1.1.1.4	0.0.0.0.0.0.0.0.0.0.1.0.1.0.0.0.0.0.0.0.0.0.1.1	002803	00K06	8.0	#ff3366		
n1689	1.1.1.1.1.1.1.1.1.1.2.1.2.1.1.1.1.1.1.2	0.0.0.0.0.0.0.0.0.0.1.0.1.0.0.0.0.0.0.1	00281	00K1	16.0	#ff3366		
PV021470.1	1.1.1.1.1.1.1.1.1.1.2.1.2.1.1.1.1.1.1.2.1	0.0.0.0.0.0.0.0.0.0.1.0.1.0.0.0.0.0.0.1.0	002810	00K10	3.0	#ff3366		
PV021471.1	1.1.1.1.1.1.1.1.1.1.2.1.2.1.1.1.1.1.1.2.2	0.0.0.0.0.0.0.0.0.0.1.0.1.0.0.0.0.0.0.1.1	002818	00K1G	13.0	#ff3366		
n1692	1.1.1.1.1.1.1.1.1.1.2.1.2.1.1.1.1.1.2	0.0.0.0.0.0.0.0.0.0.1.0.1.0.0.0.0.0.1	00282	00K2	4.0	#ff3366		
n1693	1.1.1.1.1.1.1.1.1.1.2.1.2.1.1.1.1.1.2.1	0.0.0.0.0.0.0.0.0.0.1.0.1.0.0.0.0.0.1.0	00282	00K2	6.0	#ff3366		
n1694	1.1.1.1.1.1.1.1.1.1.2.1.2.1.1.1.1.1.2.1.1	0.0.0.0.0.0.0.0.0.0.1.0.1.0.0.0.0.0.1.0.0	002820	00K20	6.0	#ff3366		
PQ793759.1	1.1.1.1.1.1.1.1.1.1.2.1.2.1.1.1.1.1.2.1.1.1	0.0.0.0.0.0.0.0.0.0.1.0.1.0.0.0.0.0.1.0.0.0	002820	00K20	5.0	#ff3366		
PQ793760.1	1.1.1.1.1.1.1.1.1.1.2.1.2.1.1.1.1.1.2.1.1.2	0.0.0.0.0.0.0.0.0.0.1.0.1.0.0.0.0.0.1.0.0.1	002824	00K28	5.0	#ff3366		
PX725467.1	1.1.1.1.1.1.1.1.1.1.2.1.2.1.1.1.1.1.2.1.2	0.0.0.0.0.0.0.0.0.0.1.0.1.0.0.0.0.0.1.0.1	002828	00K2G	22.0	#ff3366		
n1698	1.1.1.1.1.1.1.1.1.1.2.1.2.1.1.1.1.1.2.2	0.0.0.0.0.0.0.0.0.0.1.0.1.0.0.0.0.0.1.1	00283	00K3	1.0	#ff3366		
OL840881.1	1.1.1.1.1.1.1.1.1.1.2.1.2.1.1.1.1.1.2.2.1	0.0.0.0.0.0.0.0.0.0.1.0.1.0.0.0.0.0.1.1.0	002830	00K30	0.0	#ff3366		
OL840886.1	1.1.1.1.1.1.1.1.1.1.2.1.2.1.1.1.1.1.2.2.2	0.0.0.0.0.0.0.0.0.0.1.0.1.0.0.0.0.0.1.1.1	002838	00K3G	0.0	#ff3366		
n1701	1.1.1.1.1.1.1.1.1.1.2.1.2.1.1.1.1.1.2.3	0.0.0.0.0.0.0.0.0.0.1.0.1.0.0.0.0.0.1.0.0.1.0	002824	00K28	1.0	#ff3366		
OL840887.1	1.1.1.1.1.1.1.1.1.1.2.1.2.1.1.1.1.1.2.3.1	0.0.0.0.0.0.0.0.0.0.1.0.1.0.0.0.0.0.1.0.0.1.0.0	002824	00K28	0.0	#ff3366		
OL840888.1	1.1.1.1.1.1.1.1.1.1.2.1.2.1.1.1.1.1.2.3.2	0.0.0.0.0.0.0.0.0.0.1.0.1.0.0.0.0.0.1.0.0.1.0.1	002825	00K2A	1.0	#ff3366		
OL840893.1	1.1.1.1.1.1.1.1.1.1.2.1.2.1.1.1.1.1.2.4	0.0.0.0.0.0.0.0.0.0.1.0.1.0.0.0.0.0.1.0.0.1.1	002826	00K2C	3.0	#ff3366		
OL840889.1	1.1.1.1.1.1.1.1.1.1.2.1.2.1.1.1.1.1.2.5	0.0.0.0.0.0.0.0.0.0.1.0.1.0.0.0.0.0.1.0.1.0.0	002828	00K2G	5.0	#ff3366		
OL840890.1	1.1.1.1.1.1.1.1.1.1.2.1.2.1.1.1.1.1.2.6	0.0.0.0.0.0.0.0.0.0.1.0.1.0.0.0.0.0.1.0.1.0.1	00282A	00K2K	5.0	#ff3366		
OL840883.1	1.1.1.1.1.1.1.1.1.1.2.1.2.1.1.1.1.1.3	0.0.0.0.0.0.0.0.0.0.1.0.1.0.0.0.0.0.0.0.1.0	002808	00K0G	3.0	#ff3366		
OL840892.1	1.1.1.1.1.1.1.1.1.1.2.1.2.1.1.1.1.2	0.0.0.0.0.0.0.0.0.0.1.0.1.0.0.0.0.1	00284	00K4	2.0	#ff3366		
n1709	1.1.1.1.1.1.1.1.1.1.2.1.2.1.1.1.2	0.0.0.0.0.0.0.0.0.0.1.0.1.0.0.0.1	00288	00K8	9.0	#ff3366		
OL840879.1	1.1.1.1.1.1.1.1.1.1.2.1.2.1.1.1.2.1	0.0.0.0.0.0.0.0.0.0.1.0.1.0.0.0.1.0	00288	00K8	3.0	#ff3366		
OL840875.1	1.1.1.1.1.1.1.1.1.1.2.1.2.1.1.1.2.2	0.0.0.0.0.0.0.0.0.0.1.0.1.0.0.0.1.1	0028C	00KC	2.0	#ff3366		
OL840876.1	1.1.1.1.1.1.1.1.1.1.2.1.2.1.1.1.2.3	0.0.0.0.0.0.0.0.0.0.1.0.1.0.0.0.1.0.0.1.0	002890	00K90	1.0	#ff3366		
n1713	1.1.1.1.1.1.1.1.1.1.2.1.2.1.1.2	0.0.0.0.0.0.0.0.0.0.1.0.1.0.0.1	0029	00KG	7.0	#ff3366		
n1714	1.1.1.1.1.1.1.1.1.1.2.1.2.1.1.2.1	0.0.0.0.0.0.0.0.0.0.1.0.1.0.0.1.0	00290	00KG	4.0	#ff3366		
n1715	1.1.1.1.1.1.1.1.1.1.2.1.2.1.1.2.1.1	0.0.0.0.0.0.0.0.0.0.1.0.1.0.0.1.0.0	00290	00KG	1.0	#ff3366		
2021.TE.104908.1.8	1.1.1.1.1.1.1.1.1.1.2.1.2.1.1.2.1.1.1	0.0.0.0.0.0.0.0.0.0.1.0.1.0.0.1.0.0.0	00290	00KG	0.0	#ff3366		
2021.TE.104908.1.10	1.1.1.1.1.1.1.1.1.1.2.1.2.1.1.2.1.1.2	0.0.0.0.0.0.0.0.0.0.1.0.1.0.0.1.0.0.1	00292	00KI	3.0	#ff3366		
2021.TE.104908.1.9	1.1.1.1.1.1.1.1.1.1.2.1.2.1.1.2.1.2	0.0.0.0.0.0.0.0.0.0.1.0.1.0.0.1.0.1	00294	00KK	2.0	#ff3366		
2021.TE.104908.1.11	1.1.1.1.1.1.1.1.1.1.2.1.2.1.1.2.1.3	0.0.0.0.0.0.0.0.0.0.1.0.1.0.0.1.0.0.0.1.0	002910	00KH0	1.0	#ff3366		
n1720	1.1.1.1.1.1.1.1.1.1.2.1.2.1.1.2.2	0.0.0.0.0.0.0.0.0.0.1.0.1.0.0.1.1	00298	00KO	1.0	#ff3366		
2021.TE.104908.1.3	1.1.1.1.1.1.1.1.1.1.2.1.2.1.1.2.2.1	0.0.0.0.0.0.0.0.0.0.1.0.1.0.0.1.1.0	00298	00KO	0.0	#ff3366		
2021.TE.104908.1.2	1.1.1.1.1.1.1.1.1.1.2.1.2.1.1.2.2.2	0.0.0.0.0.0.0.0.0.0.1.0.1.0.0.1.1.1	0029C	00KS	0.0	#ff3366		
2021.TE.104908.1.5	1.1.1.1.1.1.1.1.1.1.2.1.2.1.1.2.2.3	0.0.0.0.0.0.0.0.0.0.1.0.1.0.0.1.1.0.0.1.0	002990	00KP0	0.0	#ff3366		
2021.TE.104908.1.4	1.1.1.1.1.1.1.1.1.1.2.1.2.1.1.2.2.4	0.0.0.0.0.0.0.0.0.0.1.0.1.0.0.1.1.0.0.1.1	002998	00KPG	1.0	#ff3366		
n1725	1.1.1.1.1.1.1.1.1.1.2.1.2.1.1.2.3	0.0.0.0.0.0.0.0.0.0.1.0.1.0.0.1.0.0.1.0	00292	00KI	6.0	#ff3366		
2021.TE.104908.1.13	1.1.1.1.1.1.1.1.1.1.2.1.2.1.1.2.3.1	0.0.0.0.0.0.0.0.0.0.1.0.1.0.0.1.0.0.1.0.0	002920	00KI0	0.0	#ff3366		
2021.TE.104908.1.12	1.1.1.1.1.1.1.1.1.1.2.1.2.1.1.2.3.2	0.0.0.0.0.0.0.0.0.0.1.0.1.0.0.1.0.0.1.0.1	002928	00KIG	0.0	#ff3366		
n1728	1.1.1.1.1.1.1.1.1.1.2.1.2.1.1.2.4	0.0.0.0.0.0.0.0.0.0.1.0.1.0.0.1.0.0.1.1	00293	00KJ	3.0	#ff3366		
2021.TE.104908.1.7	1.1.1.1.1.1.1.1.1.1.2.1.2.1.1.2.4.1	0.0.0.0.0.0.0.0.0.0.1.0.1.0.0.1.0.0.1.1.0	002930	00KJ0	0.0	#ff3366		
2021.TE.104908.1.6	1.1.1.1.1.1.1.1.1.1.2.1.2.1.1.2.4.2	0.0.0.0.0.0.0.0.0.0.1.0.1.0.0.1.0.0.1.1.1	002938	00KJG	0.0	#ff3366		
n1731	1.1.1.1.1.1.1.1.1.1.2.1.2.1.1.3	0.0.0.0.0.0.0.0.0.0.1.0.1.0.0.0.0.1.0	00284	00K4	15.0	#ff3366		
PP524755.1	1.1.1.1.1.1.1.1.1.1.2.1.2.1.1.3.1	0.0.0.0.0.0.0.0.0.0.1.0.1.0.0.0.0.1.0.0	00284	00K4	12.0	#ff3366		
PP524756.1	1.1.1.1.1.1.1.1.1.1.2.1.2.1.1.3.2	0.0.0.0.0.0.0.0.0.0.1.0.1.0.0.0.0.1.0.1	00285	00K5	18.0	#ff3366		
MT341472.1	1.1.1.1.1.1.1.1.1.1.2.1.2.1.1.4	0.0.0.0.0.0.0.0.0.0.1.0.1.0.0.0.0.1.1	00286	00K6	15.0	#ff3366		
n1735	1.1.1.1.1.1.1.1.1.1.2.1.2.1.2	0.0.0.0.0.0.0.0.0.0.1.0.1.0.1	002A	00L	16.0	#9999ff	{13,165.0,#9999ff}	#9999ff
n1736	1.1.1.1.1.1.1.1.1.1.2.1.2.1.2.1	0.0.0.0.0.0.0.0.0.0.1.0.1.0.1.0	002A	00L0	4.0	#9999ff		
n1737	1.1.1.1.1.1.1.1.1.1.2.1.2.1.2.1.1	0.0.0.0.0.0.0.0.0.0.1.0.1.0.1.0.0	002A0	00L0	28.0	#9999ff		
n1738	1.1.1.1.1.1.1.1.1.1.2.1.2.1.2.1.1.1	0.0.0.0.0.0.0.0.0.0.1.0.1.0.1.0.0.0	002A0	00L0	2.0	#9999ff		
n1739	1.1.1.1.1.1.1.1.1.1.2.1.2.1.2.1.1.1.1	0.0.0.0.0.0.0.0.0.0.1.0.1.0.1.0.0.0.0	002A0	00L0	1.0	#9999ff		
2026.TE.3509.1.1	1.1.1.1.1.1.1.1.1.1.2.1.2.1.2.1.1.1.1.1	0.0.0.0.0.0.0.0.0.0.1.0.1.0.1.0.0.0.0.0	002A0	00L0	3.0	#9999ff		
2026.TE.3500.1.1	1.1.1.1.1.1.1.1.1.1.2.1.2.1.2.1.1.1.1.2	0.0.0.0.0.0.0.0.0.0.1.0.1.0.1.0.0.0.0.1	002A1	00L1	3.0	#9999ff		
2026.TE.3503.1.1	1.1.1.1.1.1.1.1.1.1.2.1.2.1.2.1.1.1.1.3	0.0.0.0.0.0.0.0.0.0.1.0.1.0.1.0.0.0.0.0.0.1.0	002A04	00L08	4.0	#9999ff		
2026.TE.3515.1.1	1.1.1.1.1.1.1.1.1.1.2.1.2.1.2.1.1.1.1.4	0.0.0.0.0.0.0.0.0.0.1.0.1.0.1.0.0.0.0.0.0.1.1	002A06	00L0C	7.0	#9999ff		
2026.TE.3522.1.1	1.1.1.1.1.1.1.1.1.1.2.1.2.1.2.1.1.1.1.5	0.0.0.0.0.0.0.0.0.0.1.0.1.0.1.0.0.0.0.0.1.0.0	002A08	00L0G	2.0	#9999ff		
2026.TE.3490.1.1	1.1.1.1.1.1.1.1.1.1.2.1.2.1.2.1.1.1.1.6	0.0.0.0.0.0.0.0.0.0.1.0.1.0.1.0.0.0.0.0.1.0.1	002A0A	00L0K	1.0	#9999ff		
2026.TE.3517.1.1	1.1.1.1.1.1.1.1.1.1.2.1.2.1.2.1.1.1.1.7	0.0.0.0.0.0.0.0.0.0.1.0.1.0.1.0.0.0.0.0.1.1.0	002A0C	00L0O	2.0	#9999ff		
2026.TE.3491.1.1	1.1.1.1.1.1.1.1.1.1.2.1.2.1.2.1.1.1.2	0.0.0.0.0.0.0.0.0.0.1.0.1.0.1.0.0.0.1	002A2	00L2	3.0	#9999ff		
2026.TE.3510.1.1	1.1.1.1.1.1.1.1.1.1.2.1.2.1.2.1.1.2	0.0.0.0.0.0.0.0.0.0.1.0.1.0.1.0.0.1	002A4	00L4	16.0	#9999ff		
n1749	1.1.1.1.1.1.1.1.1.1.2.1.2.1.2.1.2	0.0.0.0.0.0.0.0.0.0.1.0.1.0.1.0.1	002A8	00L8	1.0	#9999ff		
n1750	1.1.1.1.1.1.1.1.1.1.2.1.2.1.2.1.2.1	0.0.0.0.0.0.0.0.0.0.1.0.1.0.1.0.1.0	002A8	00L8	1.0	#9999ff		
PX444462.1	1.1.1.1.1.1.1.1.1.1.2.1.2.1.2.1.2.1.1	0.0.0.0.0.0.0.0.0.0.1.0.1.0.1.0.1.0.0	002A8	00L8	11.0	#9999ff		
ON032498.1	1.1.1.1.1.1.1.1.1.1.2.1.2.1.2.1.2.1.2	0.0.0.0.0.0.0.0.0.0.1.0.1.0.1.0.1.0.1	002AA	00LA	21.0	#9999ff		
PV246179.1	1.1.1.1.1.1.1.1.1.1.2.1.2.1.2.1.2.2	0.0.0.0.0.0.0.0.0.0.1.0.1.0.1.0.1.1	002AC	00LC	22.0	#9999ff		
PP622758.1	1.1.1.1.1.1.1.1.1.1.2.1.2.1.2.2	0.0.0.0.0.0.0.0.0.0.1.0.1.0.1.1	002B	00LG	23.0	#9999ff		
n1755	1.1.1.1.1.1.1.1.1.1.2.1.2.2	0.0.0.0.0.0.0.0.0.0.1.0.1.1	002C	00M	4.0	#333333	{36,158.0,#f0f0f0}	#333333
n1756	1.1.1.1.1.1.1.1.1.1.2.1.2.2.1	0.0.0.0.0.0.0.0.0.0.1.0.1.1.0	002C	00M	1.0	#333333		
n1757	1.1.1.1.1.1.1.1.1.1.2.1.2.2.1.1	0.0.0.0.0.0.0.0.0.0.1.0.1.1.0.0	002C	00M0	2.0	#333333		
n1758	1.1.1.1.1.1.1.1.1.1.2.1.2.2.1.1.1	0.0.0.0.0.0.0.0.0.0.1.0.1.1.0.0.0	002C0	00M0	9.0	#333333	{11,193.0,#ffffcc}	
n1759	1.1.1.1.1.1.1.1.1.1.2.1.2.2.1.1.1.1	0.0.0.0.0.0.0.0.0.0.1.0.1.1.0.0.0.0	002C0	00M0	6.0	#333333		
n1760	1.1.1.1.1.1.1.1.1.1.2.1.2.2.1.1.1.1.1	0.0.0.0.0.0.0.0.0.0.1.0.1.1.0.0.0.0.0	002C0	00M0	8.0	#333333		
n1761	1.1.1.1.1.1.1.1.1.1.2.1.2.2.1.1.1.1.1.1	0.0.0.0.0.0.0.0.0.0.1.0.1.1.0.0.0.0.0.0	002C0	00M0	1.0	#333333		
PQ889014.1	1.1.1.1.1.1.1.1.1.1.2.1.2.2.1.1.1.1.1.1.1	0.0.0.0.0.0.0.0.0.0.1.0.1.1.0.0.0.0.0.0.0	002C00	00M00	8.0	#333333		
PQ889016.1	1.1.1.1.1.1.1.1.1.1.2.1.2.2.1.1.1.1.1.1.2	0.0.0.0.0.0.0.0.0.0.1.0.1.1.0.0.0.0.0.0.1	002C08	00M0G	8.0	#333333		
PQ889015.1	1.1.1.1.1.1.1.1.1.1.2.1.2.2.1.1.1.1.1.2	0.0.0.0.0.0.0.0.0.0.1.0.1.1.0.0.0.0.0.1	002C1	00M1	4.0	#333333		
n1765	1.1.1.1.1.1.1.1.1.1.2.1.2.2.1.1.1.1.2	0.0.0.0.0.0.0.0.0.0.1.0.1.1.0.0.0.0.1	002C2	00M2	5.0	#333333		
PQ889023.1	1.1.1.1.1.1.1.1.1.1.2.1.2.2.1.1.1.1.2.1	0.0.0.0.0.0.0.0.0.0.1.0.1.1.0.0.0.0.1.0	002C2	00M2	5.0	#333333		
PQ889024.1	1.1.1.1.1.1.1.1.1.1.2.1.2.2.1.1.1.1.2.2	0.0.0.0.0.0.0.0.0.0.1.0.1.1.0.0.0.0.1.1	002C3	00M3	5.0	#333333		
n1768	1.1.1.1.1.1.1.1.1.1.2.1.2.2.1.1.1.2	0.0.0.0.0.0.0.0.0.0.1.0.1.1.0.0.0.1	002C4	00M4	7.0	#333333		
n1769	1.1.1.1.1.1.1.1.1.1.2.1.2.2.1.1.1.2.1	0.0.0.0.0.0.0.0.0.0.1.0.1.1.0.0.0.1.0	002C4	00M4	4.0	#333333		
n1770	1.1.1.1.1.1.1.1.1.1.2.1.2.2.1.1.1.2.1.1	0.0.0.0.0.0.0.0.0.0.1.0.1.1.0.0.0.1.0.0	002C4	00M4	1.0	#333333		
PQ450191.1	1.1.1.1.1.1.1.1.1.1.2.1.2.2.1.1.1.2.1.1.1	0.0.0.0.0.0.0.0.0.0.1.0.1.1.0.0.0.1.0.0.0	002C40	00M40	6.0	#333333		
OP804520.1	1.1.1.1.1.1.1.1.1.1.2.1.2.2.1.1.1.2.1.1.2	0.0.0.0.0.0.0.0.0.0.1.0.1.1.0.0.0.1.0.0.1	002C48	00M4G	0.0	#333333		
PQ450192.1	1.1.1.1.1.1.1.1.1.1.2.1.2.2.1.1.1.2.1.2	0.0.0.0.0.0.0.0.0.0.1.0.1.1.0.0.0.1.0.1	002C5	00M5	6.0	#333333		
PQ450193.1	1.1.1.1.1.1.1.1.1.1.2.1.2.2.1.1.1.2.2	0.0.0.0.0.0.0.0.0.0.1.0.1.1.0.0.0.1.1	002C6	00M6	13.0	#333333		
n1775	1.1.1.1.1.1.1.1.1.1.2.1.2.2.1.1.1.3	0.0.0.0.0.0.0.0.0.0.1.0.1.1.0.0.0.0.0.1.0	002C10	00M10	1.0	#333333		
PQ450190.1	1.1.1.1.1.1.1.1.1.1.2.1.2.2.1.1.1.3.1	0.0.0.0.0.0.0.0.0.0.1.0.1.1.0.0.0.0.0.1.0.0	002C10	00M10	15.0	#333333		
OK239672.1	1.1.1.1.1.1.1.1.1.1.2.1.2.2.1.1.1.3.2	0.0.0.0.0.0.0.0.0.0.1.0.1.1.0.0.0.0.0.1.0.1	002C14	00M18	0.0	#333333		
n1778	1.1.1.1.1.1.1.1.1.1.2.1.2.2.1.1.2	0.0.0.0.0.0.0.0.0.0.1.0.1.1.0.0.1	002C8	00M8	9.0	#333333	{4,184.0,#9999ff}	
n1779	1.1.1.1.1.1.1.1.1.1.2.1.2.2.1.1.2.1	0.0.0.0.0.0.0.0.0.0.1.0.1.1.0.0.1.0	002C8	00M8	19.0	#333333		
n1780	1.1.1.1.1.1.1.1.1.1.2.1.2.2.1.1.2.1.1	0.0.0.0.0.0.0.0.0.0.1.0.1.1.0.0.1.0.0	002C8	00M8	1.0	#333333		
MZ190464.1	1.1.1.1.1.1.1.1.1.1.2.1.2.2.1.1.2.1.1.1	0.0.0.0.0.0.0.0.0.0.1.0.1.1.0.0.1.0.0.0	002C8	00M8	12.0	#333333		
MZ190466.1	1.1.1.1.1.1.1.1.1.1.2.1.2.2.1.1.2.1.1.2	0.0.0.0.0.0.0.0.0.0.1.0.1.1.0.0.1.0.0.1	002C9	00M9	10.0	#333333		
MZ190467.1	1.1.1.1.1.1.1.1.1.1.2.1.2.2.1.1.2.1.2	0.0.0.0.0.0.0.0.0.0.1.0.1.1.0.0.1.0.1	002CA	00MA	0.0	#333333		
OL840877.1	1.1.1.1.1.1.1.1.1.1.2.1.2.2.1.1.2.2	0.0.0.0.0.0.0.0.0.0.1.0.1.1.0.0.1.1	002CC	00MC	15.0	#333333		
n1785	1.1.1.1.1.1.1.1.1.1.2.1.2.2.1.2	0.0.0.0.0.0.0.0.0.0.1.0.1.1.0.1	002D	00MG	18.0	#333333	{6,197.0,#00cc33}	
n1786	1.1.1.1.1.1.1.1.1.1.2.1.2.2.1.2.1	0.0.0.0.0.0.0.0.0.0.1.0.1.1.0.1.0	002D0	00MG	2.0	#333333		
n1787	1.1.1.1.1.1.1.1.1.1.2.1.2.2.1.2.1.1	0.0.0.0.0.0.0.0.0.0.1.0.1.1.0.1.0.0	002D0	00MG	9.0	#333333		
2025.EXT.0218.1613.0099	1.1.1.1.1.1.1.1.1.1.2.1.2.2.1.2.1.1.1	0.0.0.0.0.0.0.0.0.0.1.0.1.1.0.1.0.0.0	002D0	00MG	1.0	#333333		
2025.EXT.0218.1613.00109	1.1.1.1.1.1.1.1.1.1.2.1.2.2.1.2.1.1.2	0.0.0.0.0.0.0.0.0.0.1.0.1.1.0.1.0.0.1	002D2	00MI	1.0	#333333		
2025.EXT.0218.1613.00105	1.1.1.1.1.1.1.1.1.1.2.1.2.2.1.2.1.1.3	0.0.0.0.0.0.0.0.0.0.1.0.1.1.0.1.0.0.0.0.1.0	002D08	00MGG	0.0	#333333		
2025.EXT.0218.1613.00106	1.1.1.1.1.1.1.1.1.1.2.1.2.2.1.2.1.1.4	0.0.0.0.0.0.0.0.0.0.1.0.1.1.0.1.0.0.0.0.1.1	002D0C	00MGO	0.0	#333333		
OK239663.1	1.1.1.1.1.1.1.1.1.1.2.1.2.2.1.2.1.2	0.0.0.0.0.0.0.0.0.0.1.0.1.1.0.1.0.1	002D4	00MK	2.0	#333333		
OK239661.1	1.1.1.1.1.1.1.1.1.1.2.1.2.2.1.2.2	0.0.0.0.0.0.0.0.0.0.1.0.1.1.0.1.1	002D8	00MO	1.0	#333333		
n1794	1.1.1.1.1.1.1.1.1.1.2.1.2.2.2	0.0.0.0.0.0.0.0.0.0.1.0.1.1.1	002E	00N	19.0	#333333	{15,158.0,#ffff66}	
n1795	1.1.1.1.1.1.1.1.1.1.2.1.2.2.2.1	0.0.0.0.0.0.0.0.0.0.1.0.1.1.1.0	002E	00N0	4.0	#333333		
n1796	1.1.1.1.1.1.1.1.1.1.2.1.2.2.2.1.1	0.0.0.0.0.0.0.0.0.0.1.0.1.1.1.0.0	002E0	00N0	4.0	#333333		
n1797	1.1.1.1.1.1.1.1.1.1.2.1.2.2.2.1.1.1	0.0.0.0.0.0.0.0.0.0.1.0.1.1.1.0.0.0	002E0	00N0	3.0	#333333		
n1798	1.1.1.1.1.1.1.1.1.1.2.1.2.2.2.1.1.1.1	0.0.0.0.0.0.0.0.0.0.1.0.1.1.1.0.0.0.0	002E0	00N0	8.0	#333333		
PQ053324.1	1.1.1.1.1.1.1.1.1.1.2.1.2.2.2.1.1.1.1.1	0.0.0.0.0.0.0.0.0.0.1.0.1.1.1.0.0.0.0.0	002E0	00N0	15.0	#333333		
PQ053323.1	1.1.1.1.1.1.1.1.1.1.2.1.2.2.2.1.1.1.1.2	0.0.0.0.0.0.0.0.0.0.1.0.1.1.1.0.0.0.0.1	002E1	00N1	32.0	#333333		
PQ053325.1	1.1.1.1.1.1.1.1.1.1.2.1.2.2.2.1.1.1.2	0.0.0.0.0.0.0.0.0.0.1.0.1.1.1.0.0.0.1	002E2	00N2	0.0	#333333		
n1802	1.1.1.1.1.1.1.1.1.1.2.1.2.2.2.1.1.2	0.0.0.0.0.0.0.0.0.0.1.0.1.1.1.0.0.1	002E4	00N4	1.0	#333333		
2025.EXT.0218.1613.0058	1.1.1.1.1.1.1.1.1.1.2.1.2.2.2.1.1.2.1	0.0.0.0.0.0.0.0.0.0.1.0.1.1.1.0.0.1.0	002E4	00N4	1.0	#333333		
2025.EXT.0218.1613.0062	1.1.1.1.1.1.1.1.1.1.2.1.2.2.2.1.1.2.2	0.0.0.0.0.0.0.0.0.0.1.0.1.1.1.0.0.1.1	002E6	00N6	2.0	#333333		
2025.EXT.0218.1613.0044	1.1.1.1.1.1.1.1.1.1.2.1.2.2.2.1.1.3	0.0.0.0.0.0.0.0.0.0.1.0.1.1.1.0.0.0.0.1.0	002E10	00N10	1.0	#333333		
2025.EXT.0218.1613.00124	1.1.1.1.1.1.1.1.1.1.2.1.2.2.2.1.1.4	0.0.0.0.0.0.0.0.0.0.1.0.1.1.1.0.0.0.0.1.1	002E18	00N1G	1.0	#333333		
n1807	1.1.1.1.1.1.1.1.1.1.2.1.2.2.2.1.2	0.0.0.0.0.0.0.0.0.0.1.0.1.1.1.0.1	002E8	00N8	1.0	#333333		
2025.EXT.0218.1613.0020	1.1.1.1.1.1.1.1.1.1.2.1.2.2.2.1.2.1	0.0.0.0.0.0.0.0.0.0.1.0.1.1.1.0.1.0	002E8	00N8	0.0	#333333		
MW751838.1	1.1.1.1.1.1.1.1.1.1.2.1.2.2.2.1.2.2	0.0.0.0.0.0.0.0.0.0.1.0.1.1.1.0.1.1	002EC	00NC	0.0	#333333		
2025.EXT.0218.1613.0057	1.1.1.1.1.1.1.1.1.1.2.1.2.2.2.1.3	0.0.0.0.0.0.0.0.0.0.1.0.1.1.1.0.0.0.1.0	002E2	00N2	1.0	#333333		
2025.EXT.0218.1613.0037	1.1.1.1.1.1.1.1.1.1.2.1.2.2.2.1.4	0.0.0.0.0.0.0.0.0.0.1.0.1.1.1.0.0.0.1.1	002E3	00N3	4.0	#333333		
2025.EXT.0218.1613.0053	1.1.1.1.1.1.1.1.1.1.2.1.2.2.2.1.5	0.0.0.0.0.0.0.0.0.0.1.0.1.1.1.0.0.1.0.0	002E4	00N4	0.0	#333333		
2025.EXT.0218.1613.0023	1.1.1.1.1.1.1.1.1.1.2.1.2.2.2.1.6	0.0.0.0.0.0.0.0.0.0.1.0.1.1.1.0.0.1.0.1	002E5	00N5	4.0	#333333		
2025.EXT.0218.1613.0042	1.1.1.1.1.1.1.1.1.1.2.1.2.2.2.1.7	0.0.0.0.0.0.0.0.0.0.1.0.1.1.1.0.0.1.1.0	002E6	00N6	1.0	#333333		
2025.EXT.0218.1613.0065	1.1.1.1.1.1.1.1.1.1.2.1.2.2.2.2	0.0.0.0.0.0.0.0.0.0.1.0.1.1.1.1	002F	00NG	4.0	#333333		
n1816	1.1.1.1.1.1.1.1.1.1.2.2	0.0.0.0.0.0.0.0.0.0.1.1	003	00O	1.0		{70,179.0,#f0f0f0}	
n1817	1.1.1.1.1.1.1.1.1.1.2.2.1	0.0.0.0.0.0.0.0.0.0.1.1.0	0030	00O	4.0		{42,179.0,#66ffcc}	
n1818	1.1.1.1.1.1.1.1.1.1.2.2.1.1	0.0.0.0.0.0.0.0.0.0.1.1.0.0	0030	00O	1.0			
n1819	1.1.1.1.1.1.1.1.1.1.2.2.1.1.1	0.0.0.0.0.0.0.0.0.0.1.1.0.0.0	0030	00O	8.0			
n1820	1.1.1.1.1.1.1.1.1.1.2.2.1.1.1.1	0.0.0.0.0.0.0.0.0.0.1.1.0.0.0.0	0030	00O0	1.0			
n1821	1.1.1.1.1.1.1.1.1.1.2.2.1.1.1.1.1	0.0.0.0.0.0.0.0.0.0.1.1.0.0.0.0.0	00300	00O0	11.0			
n1822	1.1.1.1.1.1.1.1.1.1.2.2.1.1.1.1.1.1	0.0.0.0.0.0.0.0.0.0.1.1.0.0.0.0.0.0	00300	00O0	4.0			
n1823	1.1.1.1.1.1.1.1.1.1.2.2.1.1.1.1.1.1.1	0.0.0.0.0.0.0.0.0.0.1.1.0.0.0.0.0.0.0	00300	00O0	9.0			
n1824	1.1.1.1.1.1.1.1.1.1.2.2.1.1.1.1.1.1.1.1	0.0.0.0.0.0.0.0.0.0.1.1.0.0.0.0.0.0.0.0	00300	00O0	6.0			
n1825	1.1.1.1.1.1.1.1.1.1.2.2.1.1.1.1.1.1.1.1.1	0.0.0.0.0.0.0.0.0.0.1.1.0.0.0.0.0.0.0.0.0	003000	00O00	2.0			
n1826	1.1.1.1.1.1.1.1.1.1.2.2.1.1.1.1.1.1.1.1.1.1	0.0.0.0.0.0.0.0.0.0.1.1.0.0.0.0.0.0.0.0.0.0	003000	00O00	1.0			
n1827	1.1.1.1.1.1.1.1.1.1.2.2.1.1.1.1.1.1.1.1.1.1.1	0.0.0.0.0.0.0.0.0.0.1.1.0.0.0.0.0.0.0.0.0.0.0	003000	00O00	1.0			
n1828	1.1.1.1.1.1.1.1.1.1.2.2.1.1.1.1.1.1.1.1.1.1.1.1	0.0.0.0.0.0.0.0.0.0.1.1.0.0.0.0.0.0.0.0.0.0.0.0	003000	00O00	5.0			
n1829	1.1.1.1.1.1.1.1.1.1.2.2.1.1.1.1.1.1.1.1.1.1.1.1.1	0.0.0.0.0.0.0.0.0.0.1.1.0.0.0.0.0.0.0.0.0.0.0.0.0	0030000	00O00	4.0			
2025.EXT.0218.1613.005	1.1.1.1.1.1.1.1.1.1.2.2.1.1.1.1.1.1.1.1.1.1.1.1.1.1	0.0.0.0.0.0.0.0.0.0.1.1.0.0.0.0.0.0.0.0.0.0.0.0.0.0	0030000	00O000	0.0			
2025.EXT.0218.1613.00102	1.1.1.1.1.1.1.1.1.1.2.2.1.1.1.1.1.1.1.1.1.1.1.1.1.2	0.0.0.0.0.0.0.0.0.0.1.1.0.0.0.0.0.0.0.0.0.0.0.0.0.1	0030004	00O00G	1.0			
n1832	1.1.1.1.1.1.1.1.1.1.2.2.1.1.1.1.1.1.1.1.1.1.1.1.2	0.0.0.0.0.0.0.0.0.0.1.1.0.0.0.0.0.0.0.0.0.0.0.0.1	0030008	00O01	1.0			
2025.EXT.0218.1613.0090	1.1.1.1.1.1.1.1.1.1.2.2.1.1.1.1.1.1.1.1.1.1.1.1.2.1	0.0.0.0.0.0.0.0.0.0.1.1.0.0.0.0.0.0.0.0.0.0.0.0.1.0	0030008	00O010	3.0			
2025.EXT.0218.1613.00127	1.1.1.1.1.1.1.1.1.1.2.2.1.1.1.1.1.1.1.1.1.1.1.1.2.2	0.0.0.0.0.0.0.0.0.0.1.1.0.0.0.0.0.0.0.0.0.0.0.0.1.1	003000C	00O01G	7.0			
2025.EXT.0218.1613.0094	1.1.1.1.1.1.1.1.1.1.2.2.1.1.1.1.1.1.1.1.1.1.1.1.3	0.0.0.0.0.0.0.0.0.0.1.1.0.0.0.0.0.0.0.0.0.0.0.0.0.0.1.0	0030002	00O008	1.0			
2025.EXT.0218.1613.000	1.1.1.1.1.1.1.1.1.1.2.2.1.1.1.1.1.1.1.1.1.1.1.1.4	0.0.0.0.0.0.0.0.0.0.1.1.0.0.0.0.0.0.0.0.0.0.0.0.0.0.1.1	0030003	00O00C	1.0			
2025.EXT.0218.1613.0093	1.1.1.1.1.1.1.1.1.1.2.2.1.1.1.1.1.1.1.1.1.1.1.1.5	0.0.0.0.0.0.0.0.0.0.1.1.0.0.0.0.0.0.0.0.0.0.0.0.0.1.0.0	0030004	00O00G	1.0			
2025.EXT.0218.1613.0068	1.1.1.1.1.1.1.1.1.1.2.2.1.1.1.1.1.1.1.1.1.1.1.1.6	0.0.0.0.0.0.0.0.0.0.1.1.0.0.0.0.0.0.0.0.0.0.0.0.0.1.0.1	0030005	00O00K	4.0			
n1839	1.1.1.1.1.1.1.1.1.1.2.2.1.1.1.1.1.1.1.1.1.1.1.2	0.0.0.0.0.0.0.0.0.0.1.1.0.0.0.0.0.0.0.0.0.0.0.1	003001	00O02	1.0			
n1840	1.1.1.1.1.1.1.1.1.1.2.2.1.1.1.1.1.1.1.1.1.1.1.2.1	0.0.0.0.0.0.0.0.0.0.1.1.0.0.0.0.0.0.0.0.0.0.0.1.0	0030010	00O02	2.0			
2025.EXT.0218.1613.0030	1.1.1.1.1.1.1.1.1.1.2.2.1.1.1.1.1.1.1.1.1.1.1.2.1.1	0.0.0.0.0.0.0.0.0.0.1.1.0.0.0.0.0.0.0.0.0.0.0.1.0.0	0030010	00O020	0.0			
MW751840.1	1.1.1.1.1.1.1.1.1.1.2.2.1.1.1.1.1.1.1.1.1.1.1.2.1.2	0.0.0.0.0.0.0.0.0.0.1.1.0.0.0.0.0.0.0.0.0.0.0.1.0.1	0030014	00O02G	0.0			
2025.EXT.0218.1613.0029	1.1.1.1.1.1.1.1.1.1.2.2.1.1.1.1.1.1.1.1.1.1.1.2.2	0.0.0.0.0.0.0.0.0.0.1.1.0.0.0.0.0.0.0.0.0.0.0.1.1	0030018	00O03	0.0			
n1844	1.1.1.1.1.1.1.1.1.1.2.2.1.1.1.1.1.1.1.1.1.1.2	0.0.0.0.0.0.0.0.0.0.1.1.0.0.0.0.0.0.0.0.0.0.1	003002	00O04	1.0			
2025.EXT.0218.1613.0027	1.1.1.1.1.1.1.1.1.1.2.2.1.1.1.1.1.1.1.1.1.1.2.1	0.0.0.0.0.0.0.0.0.0.1.1.0.0.0.0.0.0.0.0.0.0.1.0	003002	00O04	0.0			
MW751839.1	1.1.1.1.1.1.1.1.1.1.2.2.1.1.1.1.1.1.1.1.1.1.2.2	0.0.0.0.0.0.0.0.0.0.1.1.0.0.0.0.0.0.0.0.0.0.1.1	003003	00O06	0.0			
2025.EXT.0218.1613.0088	1.1.1.1.1.1.1.1.1.1.2.2.1.1.1.1.1.1.1.1.1.1.3	0.0.0.0.0.0.0.0.0.0.1.1.0.0.0.0.0.0.0.0.0.0.0.0.1.0	0030008	00O010	9.0			
2025.EXT.0218.1613.0032	1.1.1.1.1.1.1.1.1.1.2.2.1.1.1.1.1.1.1.1.1.1.4	0.0.0.0.0.0.0.0.0.0.1.1.0.0.0.0.0.0.0.0.0.0.0.0.1.1	003000C	00O01G	2.0			
2025.EXT.0218.1613.0021	1.1.1.1.1.1.1.1.1.1.2.2.1.1.1.1.1.1.1.1.1.2	0.0.0.0.0.0.0.0.0.0.1.1.0.0.0.0.0.0.0.0.0.1	003004	00O08	1.0			
n1850	1.1.1.1.1.1.1.1.1.1.2.2.1.1.1.1.1.1.1.1.2	0.0.0.0.0.0.0.0.0.0.1.1.0.0.0.0.0.0.0.0.1	003008	00O0G	3.0			
2025.EXT.0218.1613.0019	1.1.1.1.1.1.1.1.1.1.2.2.1.1.1.1.1.1.1.1.2.1	0.0.0.0.0.0.0.0.0.0.1.1.0.0.0.0.0.0.0.0.1.0	003008	00O0G	2.0			
2025.EXT.0218.1613.0031	1.1.1.1.1.1.1.1.1.1.2.2.1.1.1.1.1.1.1.1.2.2	0.0.0.0.0.0.0.0.0.0.1.1.0.0.0.0.0.0.0.0.1.1	00300C	00O0O	5.0			
2025.EXT.0218.1613.00116	1.1.1.1.1.1.1.1.1.1.2.2.1.1.1.1.1.1.1.1.3	0.0.0.0.0.0.0.0.0.0.1.1.0.0.0.0.0.0.0.0.0.0.1.0	003002	00O04	1.0			
2025.EXT.0218.1613.0049	1.1.1.1.1.1.1.1.1.1.2.2.1.1.1.1.1.1.1.1.4	0.0.0.0.0.0.0.0.0.0.1.1.0.0.0.0.0.0.0.0.0.0.1.1	003003	00O06	0.0			
2025.EXT.0218.1613.0050	1.1.1.1.1.1.1.1.1.1.2.2.1.1.1.1.1.1.1.1.5	0.0.0.0.0.0.0.0.0.0.1.1.0.0.0.0.0.0.0.0.0.1.0.0	003004	00O08	0.0			
2025.EXT.0218.1613.0018	1.1.1.1.1.1.1.1.1.1.2.2.1.1.1.1.1.1.1.1.6	0.0.0.0.0.0.0.0.0.0.1.1.0.0.0.0.0.0.0.0.0.1.0.1	003005	00O0A	4.0			
n1857	1.1.1.1.1.1.1.1.1.1.2.2.1.1.1.1.1.1.1.2	0.0.0.0.0.0.0.0.0.0.1.1.0.0.0.0.0.0.0.1	00301	00O1	1.0			
n1858	1.1.1.1.1.1.1.1.1.1.2.2.1.1.1.1.1.1.1.2.1	0.0.0.0.0.0.0.0.0.0.1.1.0.0.0.0.0.0.0.1.0	003010	00O10	2.0			
2025.EXT.0218.1613.0047	1.1.1.1.1.1.1.1.1.1.2.2.1.1.1.1.1.1.1.2.1.1	0.0.0.0.0.0.0.0.0.0.1.1.0.0.0.0.0.0.0.1.0.0	003010	00O10	0.0			
MW751845.1	1.1.1.1.1.1.1.1.1.1.2.2.1.1.1.1.1.1.1.2.1.2	0.0.0.0.0.0.0.0.0.0.1.1.0.0.0.0.0.0.0.1.0.1	003014	00O18	0.0			
2025.EXT.0218.1613.0064	1.1.1.1.1.1.1.1.1.1.2.2.1.1.1.1.1.1.1.2.2	0.0.0.0.0.0.0.0.0.0.1.1.0.0.0.0.0.0.0.1.1	003018	00O1G	0.0			
2025.EXT.0218.1613.0016	1.1.1.1.1.1.1.1.1.1.2.2.1.1.1.1.1.1.1.2.3	0.0.0.0.0.0.0.0.0.0.1.1.0.0.0.0.0.0.0.1.0.0.1.0	003012	00O14	1.0			
2025.EXT.0218.1613.0017	1.1.1.1.1.1.1.1.1.1.2.2.1.1.1.1.1.1.1.3	0.0.0.0.0.0.0.0.0.0.1.1.0.0.0.0.0.0.0.0.0.1.0	003004	00O08	2.0			
2025.EXT.0218.1613.0063	1.1.1.1.1.1.1.1.1.1.2.2.1.1.1.1.1.1.1.4	0.0.0.0.0.0.0.0.0.0.1.1.0.0.0.0.0.0.0.0.0.1.1	003006	00O0C	3.0			
2025.EXT.1210.1504.2715	1.1.1.1.1.1.1.1.1.1.2.2.1.1.1.1.1.1.1.5	0.0.0.0.0.0.0.0.0.0.1.1.0.0.0.0.0.0.0.0.1.0.0	003008	00O0G	9.0			
2025.EXT.0218.1613.00123	1.1.1.1.1.1.1.1.1.1.2.2.1.1.1.1.1.1.1.6	0.0.0.0.0.0.0.0.0.0.1.1.0.0.0.0.0.0.0.0.1.0.1	00300A	00O0K	0.0			
n1867	1.1.1.1.1.1.1.1.1.1.2.2.1.1.1.1.1.1.2	0.0.0.0.0.0.0.0.0.0.1.1.0.0.0.0.0.0.1	00302	00O2	1.0			
2025.EXT.0218.1613.0055	1.1.1.1.1.1.1.1.1.1.2.2.1.1.1.1.1.1.2.1	0.0.0.0.0.0.0.0.0.0.1.1.0.0.0.0.0.0.1.0	00302	00O2	2.0			
2025.EXT.0218.1613.0011	1.1.1.1.1.1.1.1.1.1.2.2.1.1.1.1.1.1.2.2	0.0.0.0.0.0.0.0.0.0.1.1.0.0.0.0.0.0.1.1	00303	00O3	9.0			
n1870	1.1.1.1.1.1.1.1.1.1.2.2.1.1.1.1.1.1.3	0.0.0.0.0.0.0.0.0.0.1.1.0.0.0.0.0.0.0.0.1.0	003008	00O0G	2.0			
2025.EXT.0218.1613.0010	1.1.1.1.1.1.1.1.1.1.2.2.1.1.1.1.1.1.3.1	0.0.0.0.0.0.0.0.0.0.1.1.0.0.0.0.0.0.0.0.1.0.0	003008	00O0G	0.0			
MW751836.1	1.1.1.1.1.1.1.1.1.1.2.2.1.1.1.1.1.1.3.2	0.0.0.0.0.0.0.0.0.0.1.1.0.0.0.0.0.0.0.0.1.0.1	00300A	00O0K	0.0			
KT757320.1	1.1.1.1.1.1.1.1.1.1.2.2.1.1.1.1.1.2	0.0.0.0.0.0.0.0.0.0.1.1.0.0.0.0.0.1	00304	00O4	3.0			
n1874	1.1.1.1.1.1.1.1.1.1.2.2.1.1.1.1.2	0.0.0.0.0.0.0.0.0.0.1.1.0.0.0.0.1	00308	00O8	1.0			
n1875	1.1.1.1.1.1.1.1.1.1.2.2.1.1.1.1.2.1	0.0.0.0.0.0.0.0.0.0.1.1.0.0.0.0.1.0	00308	00O8	2.0			
KT757321.1	1.1.1.1.1.1.1.1.1.1.2.2.1.1.1.1.2.1.1	0.0.0.0.0.0.0.0.0.0.1.1.0.0.0.0.1.0.0	00308	00O8	5.0			
KT757322.1	1.1.1.1.1.1.1.1.1.1.2.2.1.1.1.1.2.1.2	0.0.0.0.0.0.0.0.0.0.1.1.0.0.0.0.1.0.1	0030A	00OA	0.0			
KX375812.1	1.1.1.1.1.1.1.1.1.1.2.2.1.1.1.1.2.2	0.0.0.0.0.0.0.0.0.0.1.1.0.0.0.0.1.1	0030C	00OC	10.0			
KT757323.1	1.1.1.1.1.1.1.1.1.1.2.2.1.1.1.2	0.0.0.0.0.0.0.0.0.0.1.1.0.0.0.1	0031	00OG	7.0			
2025.EXT.0218.1613.00110	1.1.1.1.1.1.1.1.1.1.2.2.1.1.2	0.0.0.0.0.0.0.0.0.0.1.1.0.0.1	0032	00P	5.0			
n1881	1.1.1.1.1.1.1.1.1.1.2.2.1.2	0.0.0.0.0.0.0.0.0.0.1.1.0.1	0034	00Q	5.0			
2025.EXT.0218.1613.00112	1.1.1.1.1.1.1.1.1.1.2.2.1.2.1	0.0.0.0.0.0.0.0.0.0.1.1.0.1.0	0034	00Q	0.0			
2025.EXT.0218.1613.0046	1.1.1.1.1.1.1.1.1.1.2.2.1.2.2	0.0.0.0.0.0.0.0.0.0.1.1.0.1.1	0036	00R	0.0			
n1884	1.1.1.1.1.1.1.1.1.1.2.2.2	0.0.0.0.0.0.0.0.0.0.1.1.1	0038	00S	1.0			
n1885	1.1.1.1.1.1.1.1.1.1.2.2.2.1	0.0.0.0.0.0.0.0.0.0.1.1.1.0	0038	00S	5.0			
n1886	1.1.1.1.1.1.1.1.1.1.2.2.2.1.1	0.0.0.0.0.0.0.0.0.0.1.1.1.0.0	0038	00S	1.0		{14,199.0,#ccffcc}	
n1887	1.1.1.1.1.1.1.1.1.1.2.2.2.1.1.1	0.0.0.0.0.0.0.0.0.0.1.1.1.0.0.0	0038	00S0	4.0			
n1888	1.1.1.1.1.1.1.1.1.1.2.2.2.1.1.1.1	0.0.0.0.0.0.0.0.0.0.1.1.1.0.0.0.0	00380	00S0	1.0			
n1889	1.1.1.1.1.1.1.1.1.1.2.2.2.1.1.1.1.1	0.0.0.0.0.0.0.0.0.0.1.1.1.0.0.0.0.0	00380	00S0	5.0			
n1890	1.1.1.1.1.1.1.1.1.1.2.2.2.1.1.1.1.1.1	0.0.0.0.0.0.0.0.0.0.1.1.1.0.0.0.0.0.0	00380	00S0	6.0			
n1891	1.1.1.1.1.1.1.1.1.1.2.2.2.1.1.1.1.1.1.1	0.0.0.0.0.0.0.0.0.0.1.1.1.0.0.0.0.0.0.0	00380	00S0	5.0			
n1892	1.1.1.1.1.1.1.1.1.1.2.2.2.1.1.1.1.1.1.1.1	0.0.0.0.0.0.0.0.0.0.1.1.1.0.0.0.0.0.0.0.0	003800	00S00	5.0			
n1893	1.1.1.1.1.1.1.1.1.1.2.2.2.1.1.1.1.1.1.1.1.1	0.0.0.0.0.0.0.0.0.0.1.1.1.0.0.0.0.0.0.0.0.0	003800	00S00	1.0			
KJ577739.1	1.1.1.1.1.1.1.1.1.1.2.2.2.1.1.1.1.1.1.1.1.1.1	0.0.0.0.0.0.0.0.0.0.1.1.1.0.0.0.0.0.0.0.0.0.0	003800	00S00	5.0			
KJ883350.1	1.1.1.1.1.1.1.1.1.1.2.2.2.1.1.1.1.1.1.1.1.1.2	0.0.0.0.0.0.0.0.0.0.1.1.1.0.0.0.0.0.0.0.0.0.1	003802	00S04	4.0			
KJ577738.1	1.1.1.1.1.1.1.1.1.1.2.2.2.1.1.1.1.1.1.1.1.2	0.0.0.0.0.0.0.0.0.0.1.1.1.0.0.0.0.0.0.0.0.1	003804	00S08	0.0			
KJ883346.1	1.1.1.1.1.1.1.1.1.1.2.2.2.1.1.1.1.1.1.1.1.3	0.0.0.0.0.0.0.0.0.0.1.1.1.0.0.0.0.0.0.0.0.0.0.1.0	0038010	00S02	8.0			
MN481594.1	1.1.1.1.1.1.1.1.1.1.2.2.2.1.1.1.1.1.1.1.2	0.0.0.0.0.0.0.0.0.0.1.1.1.0.0.0.0.0.0.0.1	003808	00S0G	0.0			
n1899	1.1.1.1.1.1.1.1.1.1.2.2.2.1.1.1.1.1.1.2	0.0.0.0.0.0.0.0.0.0.1.1.1.0.0.0.0.0.0.1	00381	00S1	4.0			
MN481592.1	1.1.1.1.1.1.1.1.1.1.2.2.2.1.1.1.1.1.1.2.1	0.0.0.0.0.0.0.0.0.0.1.1.1.0.0.0.0.0.0.1.0	003810	00S10	2.0			
MN481593.1	1.1.1.1.1.1.1.1.1.1.2.2.2.1.1.1.1.1.1.2.2	0.0.0.0.0.0.0.0.0.0.1.1.1.0.0.0.0.0.0.1.1	003818	00S1G	9.0			
MN481597.1	1.1.1.1.1.1.1.1.1.1.2.2.2.1.1.1.1.1.2	0.0.0.0.0.0.0.0.0.0.1.1.1.0.0.0.0.0.1	00382	00S2	8.0			
MN481596.1	1.1.1.1.1.1.1.1.1.1.2.2.2.1.1.1.1.2	0.0.0.0.0.0.0.0.0.0.1.1.1.0.0.0.0.1	00384	00S4	12.0			
MN481595.1	1.1.1.1.1.1.1.1.1.1.2.2.2.1.1.1.2	0.0.0.0.0.0.0.0.0.0.1.1.1.0.0.0.1	00388	00S8	2.0			
n1905	1.1.1.1.1.1.1.1.1.1.2.2.2.1.1.2	0.0.0.0.0.0.0.0.0.0.1.1.1.0.0.1	0039	00SG	20.0			
MH549209.1	1.1.1.1.1.1.1.1.1.1.2.2.2.1.1.2.1	0.0.0.0.0.0.0.0.0.0.1.1.1.0.0.1.0	00390	00SG	2.0			
MK473443.1	1.1.1.1.1.1.1.1.1.1.2.2.2.1.1.2.2	0.0.0.0.0.0.0.0.0.0.1.1.1.0.0.1.1	00398	00SO	0.0			
KY594040.1	1.1.1.1.1.1.1.1.1.1.2.2.2.1.1.3	0.0.0.0.0.0.0.0.0.0.1.1.1.0.0.0.0.1.0	00384	00S4	4.0			
HQ537483.1	1.1.1.1.1.1.1.1.1.1.2.2.2.1.1.4	0.0.0.0.0.0.0.0.0.0.1.1.1.0.0.0.0.1.1	00386	00S6	1.0			
n1910	1.1.1.1.1.1.1.1.1.1.2.2.2.1.2	0.0.0.0.0.0.0.0.0.0.1.1.1.0.1	003A	00T	22.0		{8,204.0,#ffffcc}	
n1911	1.1.1.1.1.1.1.1.1.1.2.2.2.1.2.1	0.0.0.0.0.0.0.0.0.0.1.1.1.0.1.0	003A	00T0	2.0			
n1912	1.1.1.1.1.1.1.1.1.1.2.2.2.1.2.1.1	0.0.0.0.0.0.0.0.0.0.1.1.1.0.1.0.0	003A0	00T0	1.0			
KJ883343.1	1.1.1.1.1.1.1.1.1.1.2.2.2.1.2.1.1.1	0.0.0.0.0.0.0.0.0.0.1.1.1.0.1.0.0.0	003A0	00T0	5.0			
KJ883344.1	1.1.1.1.1.1.1.1.1.1.2.2.2.1.2.1.1.2	0.0.0.0.0.0.0.0.0.0.1.1.1.0.1.0.0.1	003A4	00T4	1.0			
KJ883348.1	1.1.1.1.1.1.1.1.1.1.2.2.2.1.2.1.1.3	0.0.0.0.0.0.0.0.0.0.1.1.1.0.1.0.0.0.0.1.0	003A10	00T10	1.0			
KJ883342.1	1.1.1.1.1.1.1.1.1.1.2.2.2.1.2.1.2	0.0.0.0.0.0.0.0.0.0.1.1.1.0.1.0.1	003A8	00T8	2.0			
KJ883345.1	1.1.1.1.1.1.1.1.1.1.2.2.2.1.2.1.3	0.0.0.0.0.0.0.0.0.0.1.1.1.0.1.0.0.0.1.0	003A2	00T2	1.0			
KJ883349.1	1.1.1.1.1.1.1.1.1.1.2.2.2.1.2.1.4	0.0.0.0.0.0.0.0.0.0.1.1.1.0.1.0.0.0.1.1	003A3	00T3	3.0			
KJ883347.1	1.1.1.1.1.1.1.1.1.1.2.2.2.1.2.2	0.0.0.0.0.0.0.0.0.0.1.1.1.0.1.1	003B	00TG	4.0			
KF179639.1	1.1.1.1.1.1.1.1.1.1.2.2.2.1.2.3	0.0.0.0.0.0.0.0.0.0.1.1.1.0.1.0.0.1.0	003A4	00T4	8.0			
n1921	1.1.1.1.1.1.1.1.1.1.2.2.2.2	0.0.0.0.0.0.0.0.0.0.1.1.1.1	003C	00U	12.0		{5,202.0,#ffcccc}	
n1922	1.1.1.1.1.1.1.1.1.1.2.2.2.2.1	0.0.0.0.0.0.0.0.0.0.1.1.1.1.0	003C	00U	5.0			
n1923	1.1.1.1.1.1.1.1.1.1.2.2.2.2.1.1	0.0.0.0.0.0.0.0.0.0.1.1.1.1.0.0	003C	00U0	5.0			
KU206781.1	1.1.1.1.1.1.1.1.1.1.2.2.2.2.1.1.1	0.0.0.0.0.0.0.0.0.0.1.1.1.1.0.0.0	003C0	00U0	5.0			
MN481591.1	1.1.1.1.1.1.1.1.1.1.2.2.2.2.1.1.2	0.0.0.0.0.0.0.0.0.0.1.1.1.1.0.0.1	003C8	00U8	15.0			
MZ190465.1	1.1.1.1.1.1.1.1.1.1.2.2.2.2.1.2	0.0.0.0.0.0.0.0.0.0.1.1.1.1.0.1	003D	00UG	14.0			
n1927	1.1.1.1.1.1.1.1.1.1.2.2.2.2.2	0.0.0.0.0.0.0.0.0.0.1.1.1.1.1	003E	00V	3.0			
KT757318.1	1.1.1.1.1.1.1.1.1.1.2.2.2.2.2.1	0.0.0.0.0.0.0.0.0.0.1.1.1.1.1.0	003E	00V0	0.0			
KT757319.1	1.1.1.1.1.1.1.1.1.1.2.2.2.2.2.2	0.0.0.0.0.0.0.0.0.0.1.1.1.1.1.1	003F	00VG	0.0			
KC496015.1	1.1.1.1.1.1.1.1.1.1.2.2.3	0.0.0.0.0.0.0.0.0.0.1.1.0.0.1.0	0032	00P0	16.0			
n1931	1.1.1.1.1.1.1.1.1.2	0.0.0.0.0.0.0.0.0.1	004	01	20.0		{2,215.0,#f0f0f0}	
KT359349.1	1.1.1.1.1.1.1.1.1.2.1	0.0.0.0.0.0.0.0.0.1.0	004	010	22.0			
KC496016.1	1.1.1.1.1.1.1.1.1.2.2	0.0.0.0.0.0.0.0.0.1.1	006	01G	11.0			
MZ605382.4	1.1.1.1.1.1.1.1.2	0.0.0.0.0.0.0.0.1	008	02	8.0			
n1935	1.1.1.1.1.1.1.2	0.0.0.0.0.0.0.1	01	04	29.0		{20,135.0,#ff9999}	
n1936	1.1.1.1.1.1.1.2.1	0.0.0.0.0.0.0.1.0	010	04	14.0			
n1937	1.1.1.1.1.1.1.2.1.1	0.0.0.0.0.0.0.1.0.0	010	04	26.0			
n1938	1.1.1.1.1.1.1.2.1.1.1	0.0.0.0.0.0.0.1.0.0.0	010	040	13.0			
n1939	1.1.1.1.1.1.1.2.1.1.1.1	0.0.0.0.0.0.0.1.0.0.0.0	010	040	23.0			
n1940	1.1.1.1.1.1.1.2.1.1.1.1.1	0.0.0.0.0.0.0.1.0.0.0.0.0	0100	040	5.0			
n1941	1.1.1.1.1.1.1.2.1.1.1.1.1.1	0.0.0.0.0.0.0.1.0.0.0.0.0.0	0100	040	2.0			
n1942	1.1.1.1.1.1.1.2.1.1.1.1.1.1.1	0.0.0.0.0.0.0.1.0.0.0.0.0.0.0	0100	040	16.0			
n1943	1.1.1.1.1.1.1.2.1.1.1.1.1.1.1.1	0.0.0.0.0.0.0.1.0.0.0.0.0.0.0.0	0100	0400	1.0			
n1944	1.1.1.1.1.1.1.2.1.1.1.1.1.1.1.1.1	0.0.0.0.0.0.0.1.0.0.0.0.0.0.0.0.0	01000	0400	15.0			
n1945	1.1.1.1.1.1.1.2.1.1.1.1.1.1.1.1.1.1	0.0.0.0.0.0.0.1.0.0.0.0.0.0.0.0.0.0	01000	0400	1.0			
OR879075.1	1.1.1.1.1.1.1.2.1.1.1.1.1.1.1.1.1.1.1	0.0.0.0.0.0.0.1.0.0.0.0.0.0.0.0.0.0.0	01000	0400	0.0			
PP781516.1	1.1.1.1.1.1.1.2.1.1.1.1.1.1.1.1.1.1.2	0.0.0.0.0.0.0.1.0.0.0.0.0.0.0.0.0.0.1	01002	0402	0.0			
OR879074.1	1.1.1.1.1.1.1.2.1.1.1.1.1.1.1.1.1.2	0.0.0.0.0.0.0.1.0.0.0.0.0.0.0.0.0.1	01004	0404	10.0			
OR879076.1	1.1.1.1.1.1.1.2.1.1.1.1.1.1.1.1.2	0.0.0.0.0.0.0.1.0.0.0.0.0.0.0.0.1	01008	0408	27.0			
OR879078.1	1.1.1.1.1.1.1.2.1.1.1.1.1.1.1.2	0.0.0.0.0.0.0.1.0.0.0.0.0.0.0.1	0101	040G	56.0			
n1951	1.1.1.1.1.1.1.2.1.1.1.1.1.1.2	0.0.0.0.0.0.0.1.0.0.0.0.0.0.1	0102	041	135.0			
OR879073.1	1.1.1.1.1.1.1.2.1.1.1.1.1.1.2.1	0.0.0.0.0.0.0.1.0.0.0.0.0.0.1.0	0102	0410	8.0			
OR879083.1	1.1.1.1.1.1.1.2.1.1.1.1.1.1.2.2	0.0.0.0.0.0.0.1.0.0.0.0.0.0.1.1	0103	041G	0.0			
n1954	1.1.1.1.1.1.1.2.1.1.1.1.1.2	0.0.0.0.0.0.0.1.0.0.0.0.0.1	0104	042	10.0			
OR879079.1	1.1.1.1.1.1.1.2.1.1.1.1.1.2.1	0.0.0.0.0.0.0.1.0.0.0.0.0.1.0	0104	042	49.0			
OR879082.1	1.1.1.1.1.1.1.2.1.1.1.1.1.2.2	0.0.0.0.0.0.0.1.0.0.0.0.0.1.1	0106	043	112.0			
n1957	1.1.1.1.1.1.1.2.1.1.1.1.1.3	0.0.0.0.0.0.0.1.0.0.0.0.0.0.0.1.0	01010	040G	27.0			
OR879077.1	1.1.1.1.1.1.1.2.1.1.1.1.1.3.1	0.0.0.0.0.0.0.1.0.0.0.0.0.0.0.1.0.0	01010	040G	7.0			
JN393308.1	1.1.1.1.1.1.1.2.1.1.1.1.1.3.2	0.0.0.0.0.0.0.1.0.0.0.0.0.0.0.1.0.1	01014	040K	27.0			
n1960	1.1.1.1.1.1.1.2.1.1.1.1.2	0.0.0.0.0.0.0.1.0.0.0.0.1	0108	044	77.0			
OR879080.1	1.1.1.1.1.1.1.2.1.1.1.1.2.1	0.0.0.0.0.0.0.1.0.0.0.0.1.0	0108	044	0.0			
OR879081.1	1.1.1.1.1.1.1.2.1.1.1.1.2.2	0.0.0.0.0.0.0.1.0.0.0.0.1.1	010C	046	0.0			
n1963	1.1.1.1.1.1.1.2.1.1.1.2	0.0.0.0.0.0.0.1.0.0.0.1	011	048	3.0			
KY523178.1	1.1.1.1.1.1.1.2.1.1.1.2.1	0.0.0.0.0.0.0.1.0.0.0.1.0	0110	048	37.0			
OP345226.2	1.1.1.1.1.1.1.2.1.1.1.2.2	0.0.0.0.0.0.0.1.0.0.0.1.1	0118	04C	70.0			
LC318700.1	1.1.1.1.1.1.1.2.1.1.1.3	0.0.0.0.0.0.0.1.0.0.0.0.0.1.0	0104	042	63.0			
PX619834.1	1.1.1.1.1.1.1.2.1.1.2	0.0.0.0.0.0.0.1.0.0.1	012	04G	116.0			
n1968	1.1.1.1.1.1.1.2.1.2	0.0.0.0.0.0.0.1.0.1	014	05	6.0			
EF429197.1	1.1.1.1.1.1.1.2.1.2.1	0.0.0.0.0.0.0.1.0.1.0	014	050	54.0			
EF429198.1	1.1.1.1.1.1.1.2.1.2.2	0.0.0.0.0.0.0.1.0.1.1	016	05G	89.0			
MW383508.1	1.1.1.1.1.1.1.2.2	0.0.0.0.0.0.0.1.1	018	06	152.0			
n1972	1.1.1.1.1.1.2	0.0.0.0.0.0.1	02	08	31.0		{14,396.0,#cc66ff}	
n1973	1.1.1.1.1.1.2.1	0.0.0.0.0.0.1.0	02	08	2.0			
n1974	1.1.1.1.1.1.2.1.1	0.0.0.0.0.0.1.0.0	020	08	2.0			
n1975	1.1.1.1.1.1.2.1.1.1	0.0.0.0.0.0.1.0.0.0	020	08	1.0			
n1976	1.1.1.1.1.1.2.1.1.1.1	0.0.0.0.0.0.1.0.0.0.0	020	080	1.0			
n1977	1.1.1.1.1.1.2.1.1.1.1.1	0.0.0.0.0.0.1.0.0.0.0.0	020	080	2.0			
OP870453.1	1.1.1.1.1.1.2.1.1.1.1.1.1	0.0.0.0.0.0.1.0.0.0.0.0.0	0200	080	9.0			
OP870454.1	1.1.1.1.1.1.2.1.1.1.1.1.2	0.0.0.0.0.0.1.0.0.0.0.0.1	0208	084	2.0			
OP870455.1	1.1.1.1.1.1.2.1.1.1.1.2	0.0.0.0.0.0.1.0.0.0.0.1	021	088	4.0			
OP870459.1	1.1.1.1.1.1.2.1.1.1.2	0.0.0.0.0.0.1.0.0.0.1	022	08G	5.0			
OP870456.1	1.1.1.1.1.1.2.1.1.1.3	0.0.0.0.0.0.1.0.0.0.0.0.1.0	0208	084	5.0			
OP846976.1	1.1.1.1.1.1.2.1.1.2	0.0.0.0.0.0.1.0.0.1	024	09	7.0			
n1984	1.1.1.1.1.1.2.1.2	0.0.0.0.0.0.1.0.1	028	0A	2.0			
n1985	1.1.1.1.1.1.2.1.2.1	0.0.0.0.0.0.1.0.1.0	028	0A	1.0			
ON813218.1	1.1.1.1.1.1.2.1.2.1.1	0.0.0.0.0.0.1.0.1.0.0	028	0A0	1.0			
ON813219.1	1.1.1.1.1.1.2.1.2.1.2	0.0.0.0.0.0.1.0.1.0.1	02A	0AG	3.0			
ON813217.1	1.1.1.1.1.1.2.1.2.2	0.0.0.0.0.0.1.0.1.1	02C	0B	2.0			
n1989	1.1.1.1.1.1.2.1.3	0.0.0.0.0.0.1.0.0.0.1.0	022	08G	1.0			
OP870457.1	1.1.1.1.1.1.2.1.3.1	0.0.0.0.0.0.1.0.0.0.1.0.0	0220	08G	11.0			
OP870458.1	1.1.1.1.1.1.2.1.3.2	0.0.0.0.0.0.1.0.0.0.1.0.1	0228	08K	20.0			
JX041631.1	1.1.1.1.1.1.2.1.4	0.0.0.0.0.0.1.0.0.0.1.1	023	08O	5.0			
OP870460.1	1.1.1.1.1.1.2.1.5	0.0.0.0.0.0.1.0.0.1.0.0	024	090	4.0			
OP870461.1	1.1.1.1.1.1.2.2	0.0.0.0.0.0.1.1	03	0C	8.0			
n1995	1.1.1.1.1.2	0.0.0.0.0.1	04	0G	30.0			
n1996	1.1.1.1.1.2.1	0.0.0.0.0.1.0	04	0G	92.0			
n1997	1.1.1.1.1.2.1.1	0.0.0.0.0.1.0.0	04	0G	64.0	#ccccff	{55,202.0,#ccccff}	#ccccff
n1998	1.1.1.1.1.2.1.1.1	0.0.0.0.0.1.0.0.0	040	0G	51.0	#ccccff		
n1999	1.1.1.1.1.2.1.1.1.1	0.0.0.0.0.1.0.0.0.0	040	0G	2.0	#ccccff		
n2000	1.1.1.1.1.2.1.1.1.1.1	0.0.0.0.0.1.0.0.0.0.0	040	0G0	14.0	#ccccff		
n2001	1.1.1.1.1.2.1.1.1.1.1.1	0.0.0.0.0.1.0.0.0.0.0.0	040	0G0	16.0	#ccccff		
n2002	1.1.1.1.1.2.1.1.1.1.1.1.1	0.0.0.0.0.1.0.0.0.0.0.0.0	0400	0G0	3.0	#ccccff		
n2003	1.1.1.1.1.2.1.1.1.1.1.1.1.1	0.0.0.0.0.1.0.0.0.0.0.0.0.0	0400	0G0	8.0	#ccccff		
n2004	1.1.1.1.1.2.1.1.1.1.1.1.1.1.1	0.0.0.0.0.1.0.0.0.0.0.0.0.0.0	0400	0G0	1.0	#ccccff		
n2005	1.1.1.1.1.2.1.1.1.1.1.1.1.1.1.1	0.0.0.0.0.1.0.0.0.0.0.0.0.0.0.0	0400	0G00	2.0	#ccccff		
n2006	1.1.1.1.1.2.1.1.1.1.1.1.1.1.1.1.1	0.0.0.0.0.1.0.0.0.0.0.0.0.0.0.0.0	04000	0G00	1.0	#ccccff		
n2007	1.1.1.1.1.2.1.1.1.1.1.1.1.1.1.1.1.1	0.0.0.0.0.1.0.0.0.0.0.0.0.0.0.0.0.0	04000	0G00	1.0	#ccccff		
OR757498.1	1.1.1.1.1.2.1.1.1.1.1.1.1.1.1.1.1.1.1	0.0.0.0.0.1.0.0.0.0.0.0.0.0.0.0.0.0.0	04000	0G00	0.0	#ccccff		
OR757512.1	1.1.1.1.1.2.1.1.1.1.1.1.1.1.1.1.1.1.2	0.0.0.0.0.1.0.0.0.0.0.0.0.0.0.0.0.0.1	04002	0G02	0.0	#ccccff		
OR757508.1	1.1.1.1.1.2.1.1.1.1.1.1.1.1.1.1.1.2	0.0.0.0.0.1.0.0.0.0.0.0.0.0.0.0.0.1	04004	0G04	2.0	#ccccff		
OR757504.1	1.1.1.1.1.2.1.1.1.1.1.1.1.1.1.1.2	0.0.0.0.0.1.0.0.0.0.0.0.0.0.0.0.1	04008	0G08	0.0	#ccccff		
OR757505.1	1.1.1.1.1.2.1.1.1.1.1.1.1.1.1.2	0.0.0.0.0.1.0.0.0.0.0.0.0.0.0.1	0401	0G0G	0.0	#ccccff		
OR757506.1	1.1.1.1.1.2.1.1.1.1.1.1.1.1.1.3	0.0.0.0.0.1.0.0.0.0.0.0.0.0.0.0.0.1.0	04004	0G04	0.0	#ccccff		
OR159871.1	1.1.1.1.1.2.1.1.1.1.1.1.1.1.1.4	0.0.0.0.0.1.0.0.0.0.0.0.0.0.0.0.0.1.1	04006	0G06	0.0	#ccccff		
OR757500.1	1.1.1.1.1.2.1.1.1.1.1.1.1.1.1.5	0.0.0.0.0.1.0.0.0.0.0.0.0.0.0.0.1.0.0	04008	0G08	2.0	#ccccff		
n2016	1.1.1.1.1.2.1.1.1.1.1.1.1.1.2	0.0.0.0.0.1.0.0.0.0.0.0.0.0.1	0402	0G1	2.0	#ccccff		
OR757499.1	1.1.1.1.1.2.1.1.1.1.1.1.1.1.2.1	0.0.0.0.0.1.0.0.0.0.0.0.0.0.1.0	0402	0G10	1.0	#ccccff		
OR757501.1	1.1.1.1.1.2.1.1.1.1.1.1.1.1.2.2	0.0.0.0.0.1.0.0.0.0.0.0.0.0.1.1	0403	0G1G	0.0	#ccccff		
OR757511.1	1.1.1.1.1.2.1.1.1.1.1.1.1.1.2.3	0.0.0.0.0.1.0.0.0.0.0.0.0.0.1.0.0.1.0	04024	0G14	0.0	#ccccff		
OQ214891.1	1.1.1.1.1.2.1.1.1.1.1.1.1.1.3	0.0.0.0.0.1.0.0.0.0.0.0.0.0.0.0.1.0	04008	0G08	0.0	#ccccff		
OR757507.1	1.1.1.1.1.2.1.1.1.1.1.1.1.1.4	0.0.0.0.0.1.0.0.0.0.0.0.0.0.0.0.1.1	0400C	0G0C	1.0	#ccccff		
OR757510.1	1.1.1.1.1.2.1.1.1.1.1.1.1.1.5	0.0.0.0.0.1.0.0.0.0.0.0.0.0.0.1.0.0	04010	0G0G	1.0	#ccccff		
n2023	1.1.1.1.1.2.1.1.1.1.1.1.1.2	0.0.0.0.0.1.0.0.0.0.0.0.0.1	0404	0G2	1.0	#ccccff		
n2024	1.1.1.1.1.2.1.1.1.1.1.1.1.2.1	0.0.0.0.0.1.0.0.0.0.0.0.0.1.0	0404	0G2	1.0	#ccccff		
n2025	1.1.1.1.1.2.1.1.1.1.1.1.1.2.1.1	0.0.0.0.0.1.0.0.0.0.0.0.0.1.0.0	0404	0G20	6.0	#ccccff		
n2026	1.1.1.1.1.2.1.1.1.1.1.1.1.2.1.1.1	0.0.0.0.0.1.0.0.0.0.0.0.0.1.0.0.0	04040	0G20	2.0	#ccccff		
n2027	1.1.1.1.1.2.1.1.1.1.1.1.1.2.1.1.1.1	0.0.0.0.0.1.0.0.0.0.0.0.0.1.0.0.0.0	04040	0G20	3.0	#ccccff		
PQ889006.1	1.1.1.1.1.2.1.1.1.1.1.1.1.2.1.1.1.1.1	0.0.0.0.0.1.0.0.0.0.0.0.0.1.0.0.0.0.0	04040	0G20	4.0	#ccccff		
PQ889005.1	1.1.1.1.1.2.1.1.1.1.1.1.1.2.1.1.1.1.2	0.0.0.0.0.1.0.0.0.0.0.0.0.1.0.0.0.0.1	04042	0G22	3.0	#ccccff		
PQ889007.1	1.1.1.1.1.2.1.1.1.1.1.1.1.2.1.1.1.1.3	0.0.0.0.0.1.0.0.0.0.0.0.0.1.0.0.0.0.0.0.1.0	040408	0G20G	6.0	#ccccff		
PQ889011.1	1.1.1.1.1.2.1.1.1.1.1.1.1.2.1.1.1.2	0.0.0.0.0.1.0.0.0.0.0.0.0.1.0.0.0.1	04044	0G24	6.0	#ccccff		
PQ889013.1	1.1.1.1.1.2.1.1.1.1.1.1.1.2.1.1.2	0.0.0.0.0.1.0.0.0.0.0.0.0.1.0.0.1	04048	0G28	11.0	#ccccff		
n2033	1.1.1.1.1.2.1.1.1.1.1.1.1.2.1.2	0.0.0.0.0.1.0.0.0.0.0.0.0.1.0.1	0405	0G2G	3.0	#ccccff		
n2034	1.1.1.1.1.2.1.1.1.1.1.1.1.2.1.2.1	0.0.0.0.0.1.0.0.0.0.0.0.0.1.0.1.0	04050	0G2G	6.0	#ccccff		
PQ889008.1	1.1.1.1.1.2.1.1.1.1.1.1.1.2.1.2.1.1	0.0.0.0.0.1.0.0.0.0.0.0.0.1.0.1.0.0	04050	0G2G	0.0	#ccccff		
PQ889009.1	1.1.1.1.1.2.1.1.1.1.1.1.1.2.1.2.1.2	0.0.0.0.0.1.0.0.0.0.0.0.0.1.0.1.0.1	04054	0G2K	0.0	#ccccff		
n2037	1.1.1.1.1.2.1.1.1.1.1.1.1.2.1.2.2	0.0.0.0.0.1.0.0.0.0.0.0.0.1.0.1.1	04058	0G2O	2.0	#ccccff		
PQ889010.1	1.1.1.1.1.2.1.1.1.1.1.1.1.2.1.2.2.1	0.0.0.0.0.1.0.0.0.0.0.0.0.1.0.1.1.0	04058	0G2O	2.0	#ccccff		
PQ889012.1	1.1.1.1.1.2.1.1.1.1.1.1.1.2.1.2.2.2	0.0.0.0.0.1.0.0.0.0.0.0.0.1.0.1.1.1	0405C	0G2S	1.0	#ccccff		
n2040	1.1.1.1.1.2.1.1.1.1.1.1.1.2.2	0.0.0.0.0.1.0.0.0.0.0.0.0.1.1	0406	0G3	8.0	#ccccff		
PQ889020.1	1.1.1.1.1.2.1.1.1.1.1.1.1.2.2.1	0.0.0.0.0.1.0.0.0.0.0.0.0.1.1.0	0406	0G30	4.0	#ccccff		
PQ889021.1	1.1.1.1.1.2.1.1.1.1.1.1.1.2.2.2	0.0.0.0.0.1.0.0.0.0.0.0.0.1.1.1	0407	0G3G	10.0	#ccccff		
PQ889017.1	1.1.1.1.1.2.1.1.1.1.1.1.1.2.3	0.0.0.0.0.1.0.0.0.0.0.0.0.1.0.0.1.0	04048	0G28	20.0	#ccccff		
n2044	1.1.1.1.1.2.1.1.1.1.1.1.2	0.0.0.0.0.1.0.0.0.0.0.0.1	0408	0G4	3.0	#ccccff		
n2045	1.1.1.1.1.2.1.1.1.1.1.1.2.1	0.0.0.0.0.1.0.0.0.0.0.0.1.0	0408	0G4	2.0	#ccccff		
OR757509.1	1.1.1.1.1.2.1.1.1.1.1.1.2.1.1	0.0.0.0.0.1.0.0.0.0.0.0.1.0.0	0408	0G4	0.0	#ccccff		
OP345090.1	1.1.1.1.1.2.1.1.1.1.1.1.2.1.2	0.0.0.0.0.1.0.0.0.0.0.0.1.0.1	040A	0G5	3.0	#ccccff		
OP345086.1	1.1.1.1.1.2.1.1.1.1.1.1.2.1.3	0.0.0.0.0.1.0.0.0.0.0.0.1.0.0.0.1.0	04088	0G48	0.0	#ccccff		
OP345091.1	1.1.1.1.1.2.1.1.1.1.1.1.2.1.4	0.0.0.0.0.1.0.0.0.0.0.0.1.0.0.0.1.1	0408C	0G4C	0.0	#ccccff		
OP345087.1	1.1.1.1.1.2.1.1.1.1.1.1.2.1.5	0.0.0.0.0.1.0.0.0.0.0.0.1.0.0.1.0.0	04090	0G4G	0.0	#ccccff		
OP345094.1	1.1.1.1.1.2.1.1.1.1.1.1.2.1.6	0.0.0.0.0.1.0.0.0.0.0.0.1.0.0.1.0.1	04094	0G4K	0.0	#ccccff		
OP345093.1	1.1.1.1.1.2.1.1.1.1.1.1.2.1.7	0.0.0.0.0.1.0.0.0.0.0.0.1.0.0.1.1.0	04098	0G4O	0.0	#ccccff		
OP345098.1	1.1.1.1.1.2.1.1.1.1.1.1.2.1.8	0.0.0.0.0.1.0.0.0.0.0.0.1.0.0.1.1.1	0409C	0G4S	0.0	#ccccff		
OP345101.1	1.1.1.1.1.2.1.1.1.1.1.1.2.1.9	0.0.0.0.0.1.0.0.0.0.0.0.1.0.1.0.0.0	040A0	0G50	0.0	#ccccff		
OP345088.1	1.1.1.1.1.2.1.1.1.1.1.1.2.1.10	0.0.0.0.0.1.0.0.0.0.0.0.1.0.1.0.0.1	040A4	0G54	0.0	#ccccff		
OP345089.1	1.1.1.1.1.2.1.1.1.1.1.1.2.1.11	0.0.0.0.0.1.0.0.0.0.0.0.1.0.1.0.1.0	040A8	0G58	0.0	#ccccff		
OP345100.1	1.1.1.1.1.2.1.1.1.1.1.1.2.1.12	0.0.0.0.0.1.0.0.0.0.0.0.1.0.1.0.1.1	040AC	0G5C	0.0	#ccccff		
OP345092.1	1.1.1.1.1.2.1.1.1.1.1.1.2.1.13	0.0.0.0.0.1.0.0.0.0.0.0.1.0.1.1.0.0	040B0	0G5G	0.0	#ccccff		
OP345085.1	1.1.1.1.1.2.1.1.1.1.1.1.2.1.14	0.0.0.0.0.1.0.0.0.0.0.0.1.0.1.1.0.1	040B4	0G5K	0.0	#ccccff		
OP345099.1	1.1.1.1.1.2.1.1.1.1.1.1.2.1.15	0.0.0.0.0.1.0.0.0.0.0.0.1.0.1.1.1.0	040B8	0G5O	0.0	#ccccff		
n2061	1.1.1.1.1.2.1.1.1.1.1.1.2.2	0.0.0.0.0.1.0.0.0.0.0.0.1.1	040C	0G6	1.0	#ccccff		
n2062	1.1.1.1.1.2.1.1.1.1.1.1.2.2.1	0.0.0.0.0.1.0.0.0.0.0.0.1.1.0	040C	0G6	14.0	#ccccff		
OQ214890.1	1.1.1.1.1.2.1.1.1.1.1.1.2.2.1.1	0.0.0.0.0.1.0.0.0.0.0.0.1.1.0.0	040C	0G60	1.0	#ccccff		
OR159872.1	1.1.1.1.1.2.1.1.1.1.1.1.2.2.1.2	0.0.0.0.0.1.0.0.0.0.0.0.1.1.0.1	040D	0G6G	0.0	#ccccff		
n2065	1.1.1.1.1.2.1.1.1.1.1.1.2.2.2	0.0.0.0.0.1.0.0.0.0.0.0.1.1.1	040E	0G7	9.0	#ccccff		
OR159869.1	1.1.1.1.1.2.1.1.1.1.1.1.2.2.2.1	0.0.0.0.0.1.0.0.0.0.0.0.1.1.1.0	040E	0G70	5.0	#ccccff		
OR159873.1	1.1.1.1.1.2.1.1.1.1.1.1.2.2.2.2	0.0.0.0.0.1.0.0.0.0.0.0.1.1.1.1	040F	0G7G	0.0	#ccccff		
PQ889019.1	1.1.1.1.1.2.1.1.1.1.1.1.2.2.3	0.0.0.0.0.1.0.0.0.0.0.0.1.1.0.0.1.0	040C8	0G68	10.0	#ccccff		
n2069	1.1.1.1.1.2.1.1.1.1.1.1.2.3	0.0.0.0.0.1.0.0.0.0.0.0.1.0.0.1.0	04090	0G4G	7.0	#ccccff		
n2070	1.1.1.1.1.2.1.1.1.1.1.1.2.3.1	0.0.0.0.0.1.0.0.0.0.0.0.1.0.0.1.0.0	04090	0G4G	4.0	#ccccff		
PQ889029.1	1.1.1.1.1.2.1.1.1.1.1.1.2.3.1.1	0.0.0.0.0.1.0.0.0.0.0.0.1.0.0.1.0.0.0	04090	0G4G	4.0	#ccccff		
PQ889031.1	1.1.1.1.1.2.1.1.1.1.1.1.2.3.1.2	0.0.0.0.0.1.0.0.0.0.0.0.1.0.0.1.0.0.1	04092	0G4I	3.0	#ccccff		
PQ889030.1	1.1.1.1.1.2.1.1.1.1.1.1.2.3.2	0.0.0.0.0.1.0.0.0.0.0.0.1.0.0.1.0.1	04094	0G4K	11.0	#ccccff		
n2074	1.1.1.1.1.2.1.1.1.1.1.2	0.0.0.0.0.1.0.0.0.0.0.1	041	0G8	10.0	#ccccff		
PQ889018.1	1.1.1.1.1.2.1.1.1.1.1.2.1	0.0.0.0.0.1.0.0.0.0.0.1.0	0410	0G8	9.0	#ccccff		
PQ889027.1	1.1.1.1.1.2.1.1.1.1.1.2.2	0.0.0.0.0.1.0.0.0.0.0.1.1	0418	0GC	9.0	#ccccff		
n2077	1.1.1.1.1.2.1.1.1.1.2	0.0.0.0.0.1.0.0.0.0.1	042	0GG	42.0	#ccccff		
OQ214889.1	1.1.1.1.1.2.1.1.1.1.2.1	0.0.0.0.0.1.0.0.0.0.1.0	042	0GG	0.0	#ccccff		
OR159870.1	1.1.1.1.1.2.1.1.1.1.2.2	0.0.0.0.0.1.0.0.0.0.1.1	043	0GO	0.0	#ccccff		
PQ889022.1	1.1.1.1.1.2.1.1.1.2	0.0.0.0.0.1.0.0.0.1	044	0H	32.0	#ccccff		
OQ214888.1	1.1.1.1.1.2.1.1.2	0.0.0.0.0.1.0.0.1	048	0I	53.0	#ccccff		
n2082	1.1.1.1.1.2.1.2	0.0.0.0.0.1.0.1	05	0K	22.0			
n2083	1.1.1.1.1.2.1.2.1	0.0.0.0.0.1.0.1.0	050	0K	2.0			
n2084	1.1.1.1.1.2.1.2.1.1	0.0.0.0.0.1.0.1.0.0	050	0K	41.0	#ff9999	{31,137.0,#ff9999}	#ff9999
n2085	1.1.1.1.1.2.1.2.1.1.1	0.0.0.0.0.1.0.1.0.0.0	050	0K0	20.0	#ff9999		
n2086	1.1.1.1.1.2.1.2.1.1.1.1	0.0.0.0.0.1.0.1.0.0.0.0	050	0K0	27.0	#ff9999		
n2087	1.1.1.1.1.2.1.2.1.1.1.1.1	0.0.0.0.0.1.0.1.0.0.0.0.0	0500	0K0	10.0	#ff9999		
n2088	1.1.1.1.1.2.1.2.1.1.1.1.1.1	0.0.0.0.0.1.0.1.0.0.0.0.0.0	0500	0K0	1.0	#ff9999		
n2089	1.1.1.1.1.2.1.2.1.1.1.1.1.1.1	0.0.0.0.0.1.0.1.0.0.0.0.0.0.0	0500	0K0	1.0	#ff9999		
n2090	1.1.1.1.1.2.1.2.1.1.1.1.1.1.1.1	0.0.0.0.0.1.0.1.0.0.0.0.0.0.0.0	0500	0K00	1.0	#ff9999		
n2091	1.1.1.1.1.2.1.2.1.1.1.1.1.1.1.1.1	0.0.0.0.0.1.0.1.0.0.0.0.0.0.0.0.0	05000	0K00	1.0	#ff9999		
n2092	1.1.1.1.1.2.1.2.1.1.1.1.1.1.1.1.1.1	0.0.0.0.0.1.0.1.0.0.0.0.0.0.0.0.0.0	05000	0K00	1.0	#ff9999		
n2093	1.1.1.1.1.2.1.2.1.1.1.1.1.1.1.1.1.1.1	0.0.0.0.0.1.0.1.0.0.0.0.0.0.0.0.0.0.0	05000	0K00	1.0	#ff9999		
OP345103.1	1.1.1.1.1.2.1.2.1.1.1.1.1.1.1.1.1.1.1.1	0.0.0.0.0.1.0.1.0.0.0.0.0.0.0.0.0.0.0.0	05000	0K00	2.0	#ff9999		
MN619801.1	1.1.1.1.1.2.1.2.1.1.1.1.1.1.1.1.1.1.1.2	0.0.0.0.0.1.0.1.0.0.0.0.0.0.0.0.0.0.0.1	05001	0K01	108.0	#ff9999		
OP345105.1	1.1.1.1.1.2.1.2.1.1.1.1.1.1.1.1.1.1.2	0.0.0.0.0.1.0.1.0.0.0.0.0.0.0.0.0.0.1	05002	0K02	0.0	#ff9999		
MN619800.1	1.1.1.1.1.2.1.2.1.1.1.1.1.1.1.1.1.1.3	0.0.0.0.0.1.0.1.0.0.0.0.0.0.0.0.0.0.0.0.1.0	050008	0K00G	0.0	#ff9999		
MN812758.1	1.1.1.1.1.2.1.2.1.1.1.1.1.1.1.1.1.1.4	0.0.0.0.0.1.0.1.0.0.0.0.0.0.0.0.0.0.0.0.1.1	05000C	0K00O	2.0	#ff9999		
MN812761.1	1.1.1.1.1.2.1.2.1.1.1.1.1.1.1.1.1.1.5	0.0.0.0.0.1.0.1.0.0.0.0.0.0.0.0.0.0.0.1.0.0	050010	0K010	3.0	#ff9999		
OP345095.1	1.1.1.1.1.2.1.2.1.1.1.1.1.1.1.1.1.1.6	0.0.0.0.0.1.0.1.0.0.0.0.0.0.0.0.0.0.0.1.0.1	050014	0K018	0.0	#ff9999		
OP345104.1	1.1.1.1.1.2.1.2.1.1.1.1.1.1.1.1.1.1.7	0.0.0.0.0.1.0.1.0.0.0.0.0.0.0.0.0.0.0.1.1.0	050018	0K01G	0.0	#ff9999		
OP345102.1	1.1.1.1.1.2.1.2.1.1.1.1.1.1.1.1.1.1.8	0.0.0.0.0.1.0.1.0.0.0.0.0.0.0.0.0.0.0.1.1.1	05001C	0K01O	0.0	#ff9999		
MN812760.1	1.1.1.1.1.2.1.2.1.1.1.1.1.1.1.1.1.1.9	0.0.0.0.0.1.0.1.0.0.0.0.0.0.0.0.0.0.1.0.0.0	050020	0K020	1.0	#ff9999		
OP345097.1	1.1.1.1.1.2.1.2.1.1.1.1.1.1.1.1.1.1.10	0.0.0.0.0.1.0.1.0.0.0.0.0.0.0.0.0.0.1.0.0.1	050024	0K028	1.0	#ff9999		
OP345096.1	1.1.1.1.1.2.1.2.1.1.1.1.1.1.1.1.1.1.11	0.0.0.0.0.1.0.1.0.0.0.0.0.0.0.0.0.0.1.0.1.0	050028	0K02G	6.0	#ff9999		
MN812757.1	1.1.1.1.1.2.1.2.1.1.1.1.1.1.1.1.1.2	0.0.0.0.0.1.0.1.0.0.0.0.0.0.0.0.0.1	05004	0K04	5.0	#ff9999		
MN812762.1	1.1.1.1.1.2.1.2.1.1.1.1.1.1.1.1.2	0.0.0.0.0.1.0.1.0.0.0.0.0.0.0.0.1	05008	0K08	6.0	#ff9999		
OP345106.1	1.1.1.1.1.2.1.2.1.1.1.1.1.1.1.2	0.0.0.0.0.1.0.1.0.0.0.0.0.0.0.1	0501	0K0G	3.0	#ff9999		
n2109	1.1.1.1.1.2.1.2.1.1.1.1.1.1.2	0.0.0.0.0.1.0.1.0.0.0.0.0.0.1	0502	0K1	2.0	#ff9999		
OP345107.1	1.1.1.1.1.2.1.2.1.1.1.1.1.1.2.1	0.0.0.0.0.1.0.1.0.0.0.0.0.0.1.0	0502	0K10	2.0	#ff9999		
MN619802.1	1.1.1.1.1.2.1.2.1.1.1.1.1.1.2.2	0.0.0.0.0.1.0.1.0.0.0.0.0.0.1.1	0503	0K1G	50.0	#ff9999		
n2112	1.1.1.1.1.2.1.2.1.1.1.1.1.2	0.0.0.0.0.1.0.1.0.0.0.0.0.1	0504	0K2	3.0	#ff9999		
MN812759.1	1.1.1.1.1.2.1.2.1.1.1.1.1.2.1	0.0.0.0.0.1.0.1.0.0.0.0.0.1.0	0504	0K2	1.0	#ff9999		
MN619803.1	1.1.1.1.1.2.1.2.1.1.1.1.1.2.2	0.0.0.0.0.1.0.1.0.0.0.0.0.1.1	0506	0K3	0.0	#ff9999		
OP345108.1	1.1.1.1.1.2.1.2.1.1.1.1.2	0.0.0.0.0.1.0.1.0.0.0.0.1	0508	0K4	28.0	#ff9999		
FJ425721.1	1.1.1.1.1.2.1.2.1.1.1.2	0.0.0.0.0.1.0.1.0.0.0.1	051	0K8	5.0	#ff9999		
n2117	1.1.1.1.1.2.1.2.1.1.2	0.0.0.0.0.1.0.1.0.0.1	052	0KG	17.0	#ff9999		
n2118	1.1.1.1.1.2.1.2.1.1.2.1	0.0.0.0.0.1.0.1.0.0.1.0	052	0KG	6.0	#ff9999		
n2119	1.1.1.1.1.2.1.2.1.1.2.1.1	0.0.0.0.0.1.0.1.0.0.1.0.0	0520	0KG	31.0	#ff9999		
n2120	1.1.1.1.1.2.1.2.1.1.2.1.1.1	0.0.0.0.0.1.0.1.0.0.1.0.0.0	0520	0KG	3.0	#ff9999		
n2121	1.1.1.1.1.2.1.2.1.1.2.1.1.1.1	0.0.0.0.0.1.0.1.0.0.1.0.0.0.0	0520	0KG	7.0	#ff9999		
PQ889025.1	1.1.1.1.1.2.1.2.1.1.2.1.1.1.1.1	0.0.0.0.0.1.0.1.0.0.1.0.0.0.0.0	0520	0KG0	7.0	#ff9999		
PQ889026.1	1.1.1.1.1.2.1.2.1.1.2.1.1.1.1.2	0.0.0.0.0.1.0.1.0.0.1.0.0.0.0.1	0521	0KGG	2.0	#ff9999		
OR757502.1	1.1.1.1.1.2.1.2.1.1.2.1.1.1.2	0.0.0.0.0.1.0.1.0.0.1.0.0.0.1	0522	0KH	3.0	#ff9999		
OR757503.1	1.1.1.1.1.2.1.2.1.1.2.1.1.1.3	0.0.0.0.0.1.0.1.0.0.1.0.0.0.0.0.1.0	05208	0KG8	6.0	#ff9999		
PQ889028.1	1.1.1.1.1.2.1.2.1.1.2.1.1.2	0.0.0.0.0.1.0.1.0.0.1.0.0.1	0524	0KI	16.0	#ff9999		
n2127	1.1.1.1.1.2.1.2.1.1.2.1.2	0.0.0.0.0.1.0.1.0.0.1.0.1	0528	0KK	7.0	#ff9999		
n2128	1.1.1.1.1.2.1.2.1.1.2.1.2.1	0.0.0.0.0.1.0.1.0.0.1.0.1.0	0528	0KK	1.0	#ff9999		
MH939153.1	1.1.1.1.1.2.1.2.1.1.2.1.2.1.1	0.0.0.0.0.1.0.1.0.0.1.0.1.0.0	0528	0KK	14.0	#ff9999		
OK239669.1	1.1.1.1.1.2.1.2.1.1.2.1.2.1.2	0.0.0.0.0.1.0.1.0.0.1.0.1.0.1	052A	0KL	30.0	#ff9999		
KJ934710.1	1.1.1.1.1.2.1.2.1.1.2.1.2.2	0.0.0.0.0.1.0.1.0.0.1.0.1.1	052C	0KM	3.0	#ff9999		
n2132	1.1.1.1.1.2.1.2.1.1.2.2	0.0.0.0.0.1.0.1.0.0.1.1	053	0KO	12.0	#ff9999		
KT207791.1	1.1.1.1.1.2.1.2.1.1.2.2.1	0.0.0.0.0.1.0.1.0.0.1.1.0	0530	0KO	20.0	#ff9999		
MH939154.1	1.1.1.1.1.2.1.2.1.1.2.2.2	0.0.0.0.0.1.0.1.0.0.1.1.1	0538	0KS	18.0	#ff9999		
MN238669.1	1.1.1.1.1.2.1.2.1.2	0.0.0.0.0.1.0.1.0.1	054	0L	22.0			
MN238670.1	1.1.1.1.1.2.1.2.2	0.0.0.0.0.1.0.1.1	058	0M	6.0			
n2137	1.1.1.1.1.2.2	0.0.0.0.0.1.1	06	0O	25.0			
n2138	1.1.1.1.1.2.2.1	0.0.0.0.0.1.1.0	06	0O	78.0			
EF429199.1	1.1.1.1.1.2.2.1.1	0.0.0.0.0.1.1.0.0	060	0O	137.0			
KM052152.1	1.1.1.1.1.2.2.1.2	0.0.0.0.0.1.1.0.1	068	0Q	52.0			
EF429200.1	1.1.1.1.1.2.2.2	0.0.0.0.0.1.1.1	07	0S	41.0			
HM147824.1	1.1.1.1.2	0.0.0.0.1	08	1	111.0			
n2143	1.1.1.2	0.0.0.1	1	2	383.0			
KU978767.1	1.1.1.2.1	0.0.0.1.0	10	2	1.0			
HM147823.1	1.1.1.2.2	0.0.0.1.1	18	3	0.0			
n2146	1.1.2	0.0.1	2	4	187.0			
n2147	1.1.2.1	0.0.1.0	2	4	327.0			
MW383507.1	1.1.2.1.1	0.0.1.0.0	20	4	243.0			
HM147822.1	1.1.2.1.2	0.0.1.0.1	28	5	69.0			
GQ903680.1	1.1.2.2	0.0.1.1	3	6	560.0			
DQ176636.2	1.2	0.1	4	8	1072.0			
